Devices, Echo Dot (3ra generación) - Bocina inteligente con Alexa - Granate, 726
Devices, Fire TV Stick - Reproductor de media con control remoto sin Alexa, 726
Devices, Amazon Smart Plug compatible con Alexa, 726
Devices, E-reader Kindle Paperwhite, resistente al agua, color Negro, 32 GB Wi-Fi, 10ª generación, 726
Devices, Nuevo e-reader Kindle, ahora con una luz frontal, color Blanco, 10ª generación - 2019, 708
Devices, Echo Spot - Reloj inteligente con Alexa - Negro, 726
Devices, "Echo Show 5 - Pantalla compacta de 5.5"" con Alexa - Blanco", 726
Devices, "Presentamos Echo Show 8 - Pantalla inteligente HD de 8"" con Alexa - Blanco", 659
Devices, Echo (3ra generación) - Bocina inteligente con Alexa - Azul, 70
Devices, Cable USB Amazon PowerFast - para una carga más rápida, 726
Devices, Funda de piel premium para Nuevo Kindle Paperwhite (sólo sirve para Kindle Paperwhite 10ª generacion), color merlot, 725
Devices, Nuevo Kindle Oasis, ahora con luz cálida ajustable, 8 GB Wifi, 10ª generación - 2019, 725
Devices, Funda de piel para Kindle (sólo sirve para Kindle 10ª generacion), rojo, 726
Devices, Echo Studio - Bocina inteligente de alta fidelidad con Alexa, 725
Devices, Presentamos Echo Flex - Mini bocina inteligente de enchufe con Alexa, 725
Devices, Echo Show 5 base ajustable- Blanco, 725
Devices, Echo Show 8 Base Ajustable - Blanca, 725
Devices, Echo Plus (2da generación) - Sonido de alta calidad y hub de Casa Inteligente integrado, gris claro, 294
Devices, Echo Wall Clock - Consulta los timers de un vistazo - Requiere un dispositivo Echo compatible, 725
Devices, Nuevo Amazon eero router de malla wifi, 725
Devices, Presentamos Ring Indoor Cam, cámara de seguridad HD compacta, con enchufe, audio doble vía, blanca y compatible con Alexa, 314
Devices, Funda de piel y resistente al agua para Nuevo Kindle Paperwhite (sólo sirve para Kindle Paperwhite 10ª generacion), color amarillo miel, 313
Devices, La nueva cámara de seguridad Ring Stick Up Cam Battery funciona con Alexa, 726
Devices, Nuevo Ring Video Doorbell 3 – con video 1080p HD, detección de movimiento mejorada y fácil instalación, 726
Devices, Funda de piel premium para Nuevo Kindle Paperwhite (sólo sirve para Kindle Paperwhite 10ª generacion), color rústico, 726
Devices, Funda de piel Amazon para Kindle Paperwhite, color amarillo miel (sólo sirve para Kindle Paperwhite 5ª, 6ª, y 7ª generaciones), 314
Devices, Echo (2da Generación) - Bocina inteligente con Alexa - Negro, 726
Devices, Kindle Oasis (Generación anterior - 9ma), resistente al agua, pantalla de 7” (17,78 cm) de alta resolución sin reflejos (300 ppp), 8 GB, wifi, 314
Devices, Placa delantera para Ring Video Doorbell 3 - Azul noche, 726
Devices, Kindle Voyage, pantalla E-ink con la más alta resolución y contraste, luz autorregulable, función Paso de Página reinventada, Wi-Fi, 314
Devices, Echo Spot - Soporte ajustable, 726
Devices, Funda protectora Origami para Kindle Voyage, Gris, 726
Devices, Amazon - Funda protectora para Kindle (8ª generación - modelo de 2016), color negro, 726
Devices, Echo Sub - Subwoofer potente para tu Echo - requiere dispositivo Echo compatible, 726
Devices, Kindle, pantalla E-ink sin reflejos, batería que dura semanas, Wi-Fi, [Modelo Anterior], 726
Devices, Funda protectora de piel Origami para Kindle Voyage, Azul, 726
Devices, Adaptador de corriente Amazon PowerFast (compatible con todos los dispositivos Amazon), 726
Devices, Adaptador de corriente Amazon 9W PowerFast (compatible con dispositivos Kindle), 688
Devices, Echogear Outlet Shelf For Amazon Echo, Echo Dot, & Other Devices Up To 10lbs - Built-In Cable Management Channel Plus Easy Install Over Existing Outlets - Certified Made For Amazon Echo Accessory, 315
Devices, Funda protectora Amazon para Kindle (7ª generación), Morado - no es compatible con el Nuevo Kindle (8ª generación), Kindle Paperwhite, Kindle Voyage o dispositivos Kindle de generaciones anteriores, 314
Devices, Amazon - Funda protectora para Kindle (8ª generación - modelo de 2016), color magenta, 669
Devices, Amazon - Funda protectora para Kindle (8ª generación - modelo de 2016), color gris claro, 669
Devices, Ozeri Kandle - Luz LED de Lectura para Libros y lectores de Libros, Blanco, 1, 1, 636
Devices, Amazon - Funda protectora para Kindle (8ª generación - modelo de 2016), color azul, 598
Devices, Amazon Basics Bluetooth Keyboard for Android Devices - Black, 494
Devices, Funda protectora de piel Amazon para Kindle (7ª generación), Negro - no es compatible con Nuevo Kindle (8ª generación), Kindle Paperwhite, Kindle Voyage o dispositivos Kindle de generaciones anteriores, 315
Devices, TotalMount Echo Dot - Soporte de pared sin agujeros (3ª generación), Blanco, 365
Devices, kwmobile - Funda para Kindle Paperwhite (piel sintética), diseño de elefantes voladores, color beige, 413
Devices, kwmobile - Funda para Kindle Paperwhite (Piel sintética), diseño de la Torre Eiffel y Mariposas, Color Azul y Gris, 186
Devices, Echo Shell (fits Echo 2nd Generation only) – Charcoal Fabric, 420
Devices, , 350
Devices, ONANOFF BuddyPhones Explore Foldable Auricular para móvil Biauricular Diadema Rojo, Blanco Alámbrico - Auriculares (Alámbrico, Diadema, Biauricular, Supraaural, 20-20000 Hz, Rojo, Blanco), 14
Devices, Cubierta estampada para Kindle - Biblioteca (Kindle 10ª gen. del 2019 únicamente, no compatible con Kindle Paperwhite o Kindle Oasis), 283
Devices, Echo (3ra generación) - Bocina inteligente con Alexa - Negro, 656
Devices, "Presentamos Echo Show 8 - Pantalla inteligente HD de 8"" con Alexa - Negro", 67
Devices, kwmobile - Funda para Kindle Paperwhite (piel sintética), diseño de la Torre Eiffel y mariposas, color azul y gris, 129
Devices, Echo Plus (2da generación) - Sonido de alta calidad y hub de Casa Inteligente integrado, negro, 431
Devices, Funda de piel y resistente al agua para Nuevo Kindle Paperwhite (sólo sirve para Kindle Paperwhite 10ª generacion…, 412
Devices, Funda de piel Amazon para Kindle Paperwhite, color amarillo miel (sólo sirve para Kindle Paperwhite 5ª, 6ª, y 7ª…, 412
Devices, Cubierta estampada para Kindle - Biblioteca (Kindle 10ª gen. del 2019 únicamente, no compatible con Kindle Paperwhite o…, 412
Devices, Kindle Oasis (Generación anterior - 9ma), resistente al agua, pantalla de 7” (17,78 cm) de alta resolución sin reflejos…, 412
Devices, Kindle Voyage, pantalla E-ink con la más alta resolución y contraste, luz autorregulable, función Paso de Página…, 412
Devices, Presentamos Ring Indoor Cam, cámara de seguridad HD compacta, con enchufe, audio doble vía, blanca y compatible con…, 412
Devices, Funda protectora Amazon para Kindle (7ª generación), Morado - no es compatible con el Nuevo Kindle (8ª generación…, 395
Devices, Echogear Outlet Shelf For Amazon Echo, Echo Dot, & Other Devices Up To 10lbs - Built-In Cable Management Channel Plus…, 412
Devices, Funda protectora de piel Amazon para Kindle (7ª generación), Negro - no es compatible con Nuevo Kindle (8ª generación…, 132
Devices, TotalMount Echo Dot - Soporte de pared sin agujeros (3ª generación), Negro, 63
Devices, Chime Pro de Ring completamente renovado, 300
Devices, Chime de Ring completamente renovado, 305
Devices, Cargador Solar para Ring Video Doorbell (2da Generación), 263
Devices, Kit de rincones para Ring Video Doorbell 2da Generación, 113
Devices, Cargador Solar para Ring Video Doorbell 3, 238
Devices, Nuevo e-reader Kindle, ahora con una luz frontal, color Negro, 10ª generación - 2019, 18
Devices, "Presentamos el Fire TV Stick Lite con control remoto por voz Alexa , 59
Devices, "Control remoto por voz Alexa , 59
Devices, Nuevo Echo Dot (4ta Gen) - Bocina inteligente con reloj y Alexa - Azul, 58
Devices, Nuevo Echo (4ta Gen) - Con sonido de alta calidad, hub de Casa Inteligente y Alexa - Azul, 58
Devices, Nuevo Echo Dot (4ta Gen) - Bocina inteligente con Alexa - Azul, 58
Devices, Amazon adaptador Ethernet para dispositivos de Fire TV, 15
Devices, ONANOFF BuddyPhones Explore Foldable Auricular para móvil Biauricular Diadema Rojo, Blanco Alámbrico - Auriculares (Alámbrico, Diadema, Biauricular, Supraaural, 20-20000 Hz, Rojo, Blanco), 14
Devices, Amazon adaptador Ethernet para dispositivos de Fire TV, 15
Devices, Nuevo e-reader Kindle, ahora con una luz frontal, color Negro, 10ª generación - 2019, 18
Devices, Nuevo Echo Dot (4ta Gen) - Bocina inteligente con Alexa - Azul, 58
Devices, Nuevo Echo (4ta Gen) - Con sonido de alta calidad, hub de Casa Inteligente y Alexa - Azul, 58
Devices, Nuevo Echo Dot (4ta Gen) - Bocina inteligente con reloj y Alexa - Azul, 58
Devices, "Control remoto por voz Alexa , 59
Devices, "Presentamos el Fire TV Stick Lite con control remoto por voz Alexa , 59
Devices, TotalMount Echo Dot - Soporte de pared sin agujeros (3ª generación), Negro, 63
Devices, "Presentamos Echo Show 8 - Pantalla inteligente HD de 8"" con Alexa - Negro", 67
Devices, Echo (3ra generación) - Bocina inteligente con Alexa - Azul, 70
Devices, Kit de rincones para Ring Video Doorbell 2da Generación, 113
Devices, kwmobile - Funda para Kindle Paperwhite (piel sintética), diseño de la Torre Eiffel y mariposas, color azul y gris, 129
Devices, Funda protectora de piel Amazon para Kindle (7ª generación), Negro - no es compatible con Nuevo Kindle (8ª generación…, 132
Devices, kwmobile - Funda para Kindle Paperwhite (Piel sintética), diseño de la Torre Eiffel y Mariposas, Color Azul y Gris, 186
Devices, Cargador Solar para Ring Video Doorbell 3, 238
Devices, Cargador Solar para Ring Video Doorbell (2da Generación), 263
Devices, Cubierta estampada para Kindle - Biblioteca (Kindle 10ª gen. del 2019 únicamente, no compatible con Kindle Paperwhite o Kindle Oasis), 283
Devices, Echo Plus (2da generación) - Sonido de alta calidad y hub de Casa Inteligente integrado, gris claro, 294
Devices, Chime Pro de Ring completamente renovado, 300
Devices, Chime de Ring completamente renovado, 305
Devices, Funda de piel y resistente al agua para Nuevo Kindle Paperwhite (sólo sirve para Kindle Paperwhite 10ª generacion), color amarillo miel, 313
Devices, Funda protectora Amazon para Kindle (7ª generación), Morado - no es compatible con el Nuevo Kindle (8ª generación), Kindle Paperwhite, Kindle Voyage o dispositivos Kindle de generaciones anteriores, 314
Devices, Kindle Voyage, pantalla E-ink con la más alta resolución y contraste, luz autorregulable, función Paso de Página reinventada, Wi-Fi, 314
Devices, Kindle Oasis (Generación anterior - 9ma), resistente al agua, pantalla de 7” (17,78 cm) de alta resolución sin reflejos (300 ppp), 8 GB, wifi, 314
Devices, Funda de piel Amazon para Kindle Paperwhite, color amarillo miel (sólo sirve para Kindle Paperwhite 5ª, 6ª, y 7ª generaciones), 314
Devices, Presentamos Ring Indoor Cam, cámara de seguridad HD compacta, con enchufe, audio doble vía, blanca y compatible con Alexa, 314
Devices, Funda protectora de piel Amazon para Kindle (7ª generación), Negro - no es compatible con Nuevo Kindle (8ª generación), Kindle Paperwhite, Kindle Voyage o dispositivos Kindle de generaciones anteriores, 315
Devices, Echogear Outlet Shelf For Amazon Echo, Echo Dot, & Other Devices Up To 10lbs - Built-In Cable Management Channel Plus Easy Install Over Existing Outlets - Certified Made For Amazon Echo Accessory, 315
Devices, , 350
Devices, TotalMount Echo Dot - Soporte de pared sin agujeros (3ª generación), Blanco, 365
Devices, Funda protectora Amazon para Kindle (7ª generación), Morado - no es compatible con el Nuevo Kindle (8ª generación…, 395
Devices, Echogear Outlet Shelf For Amazon Echo, Echo Dot, & Other Devices Up To 10lbs - Built-In Cable Management Channel Plus…, 412
Devices, Presentamos Ring Indoor Cam, cámara de seguridad HD compacta, con enchufe, audio doble vía, blanca y compatible con…, 412
Devices, Kindle Voyage, pantalla E-ink con la más alta resolución y contraste, luz autorregulable, función Paso de Página…, 412
Devices, Kindle Oasis (Generación anterior - 9ma), resistente al agua, pantalla de 7” (17,78 cm) de alta resolución sin reflejos…, 412
Devices, Cubierta estampada para Kindle - Biblioteca (Kindle 10ª gen. del 2019 únicamente, no compatible con Kindle Paperwhite o…, 412
Devices, Funda de piel Amazon para Kindle Paperwhite, color amarillo miel (sólo sirve para Kindle Paperwhite 5ª, 6ª, y 7ª…, 412
Devices, Funda de piel y resistente al agua para Nuevo Kindle Paperwhite (sólo sirve para Kindle Paperwhite 10ª generacion…, 412
Devices, kwmobile - Funda para Kindle Paperwhite (piel sintética), diseño de elefantes voladores, color beige, 413
Devices, Echo Shell (fits Echo 2nd Generation only) – Charcoal Fabric, 420
Devices, Echo Plus (2da generación) - Sonido de alta calidad y hub de Casa Inteligente integrado, negro, 431
Devices, Amazon Basics Bluetooth Keyboard for Android Devices - Black, 494
Devices, Amazon - Funda protectora para Kindle (8ª generación - modelo de 2016), color azul, 598
Devices, Ozeri Kandle - Luz LED de Lectura para Libros y lectores de Libros, Blanco, 1, 1, 636
Devices, Echo (3ra generación) - Bocina inteligente con Alexa - Negro, 656
Devices, "Presentamos Echo Show 8 - Pantalla inteligente HD de 8"" con Alexa - Blanco", 659
Devices, Amazon - Funda protectora para Kindle (8ª generación - modelo de 2016), color gris claro, 669
Devices, Amazon - Funda protectora para Kindle (8ª generación - modelo de 2016), color magenta, 669
Devices, Adaptador de corriente Amazon 9W PowerFast (compatible con dispositivos Kindle), 688
Devices, Nuevo e-reader Kindle, ahora con una luz frontal, color Blanco, 10ª generación - 2019, 708
Devices, Nuevo Amazon eero router de malla wifi, 725
Devices, Echo Wall Clock - Consulta los timers de un vistazo - Requiere un dispositivo Echo compatible, 725
Devices, Echo Show 8 Base Ajustable - Blanca, 725
Devices, Echo Show 5 base ajustable- Blanco, 725
Devices, Presentamos Echo Flex - Mini bocina inteligente de enchufe con Alexa, 725
Devices, Echo Studio - Bocina inteligente de alta fidelidad con Alexa, 725
Devices, Nuevo Kindle Oasis, ahora con luz cálida ajustable, 8 GB Wifi, 10ª generación - 2019, 725
Devices, Funda de piel premium para Nuevo Kindle Paperwhite (sólo sirve para Kindle Paperwhite 10ª generacion), color merlot, 725
Devices, Adaptador de corriente Amazon PowerFast (compatible con todos los dispositivos Amazon), 726
Devices, Funda protectora de piel Origami para Kindle Voyage, Azul, 726
Devices, Kindle, pantalla E-ink sin reflejos, batería que dura semanas, Wi-Fi, [Modelo Anterior], 726
Devices, Echo Sub - Subwoofer potente para tu Echo - requiere dispositivo Echo compatible, 726
Devices, Amazon - Funda protectora para Kindle (8ª generación - modelo de 2016), color negro, 726
Devices, Funda protectora Origami para Kindle Voyage, Gris, 726
Devices, Echo Spot - Soporte ajustable, 726
Devices, Placa delantera para Ring Video Doorbell 3 - Azul noche, 726
Devices, Echo (2da Generación) - Bocina inteligente con Alexa - Negro, 726
Devices, Funda de piel premium para Nuevo Kindle Paperwhite (sólo sirve para Kindle Paperwhite 10ª generacion), color rústico, 726
Devices, Nuevo Ring Video Doorbell 3 – con video 1080p HD, detección de movimiento mejorada y fácil instalación, 726
Devices, La nueva cámara de seguridad Ring Stick Up Cam Battery funciona con Alexa, 726
Devices, Funda de piel para Kindle (sólo sirve para Kindle 10ª generacion), rojo, 726
Devices, Cable USB Amazon PowerFast - para una carga más rápida, 726
Devices, "Echo Show 5 - Pantalla compacta de 5.5"" con Alexa - Blanco", 726
Devices, Echo Spot - Reloj inteligente con Alexa - Negro, 726
Devices, E-reader Kindle Paperwhite, resistente al agua, color Negro, 32 GB Wi-Fi, 10ª generación, 726
Devices, Amazon Smart Plug compatible con Alexa, 726
Devices, Fire TV Stick - Reproductor de media con control remoto sin Alexa, 726
Devices, Echo Dot (3ra generación) - Bocina inteligente con Alexa - Granate, 726
