Books, El sutil arte de que te importe un carajo: Un enfoque disruptivo para vivir una buena vida (NUEVA EDICION), 718
Books, El Principito, 718
Books, Netter Cuaderno de anatomía para colorear, 700
Books, My First Learn to Write Workbook: Practice for Kids with Pen Control, Line Tracing, Letters, and More!, 703
Books, De grande quiero ser... feliz: 6 cuentos cortos para potenciar la positividad y autoestima de los niños, 718
Books, El Club de Las 5 de la Mañana: Controla Tus Mañanas, Impulsa Tu Vida / The 5 A.M. Club, 502
Books, Inquebrantables, 562
Books, Los Compas y la cámara del tiempo, 177
Books, First 100 Words Bilingual: Primeras 100 Palabras - Spanish-English Bilingual, 718
Books, Toy Story 4 Actividades Colorear, 716
Books, La teoría del todo: El origen y el destino del universo, Portada puede variar, 554
Books, Siempre demasiado y nunca suficiente: Cómo mi familia creo al hombre más peligroso del mundo, 9
Books, El Arte De La Guerra (portada puede variar), 155
Books, The Hobbit and the Lord of the Rings: Colección de libros Deluxe. El Hobbit y El Señor de los Anillos (Boxset), 38
Books, Mandalas. Naturaleza y animales, 702
Books, Aquí estamos: Notas para vivir en el planeta Tierra, 498
Books, Guyton y Hall. Tratado de fisiología médica (con  Student Consult), 50
Books, Los Secretos De La Mente Millonaria: Cómo dominar el juego interior de la riqueza  (portada puede variar), 245
Books, Disciplina Sin Lágrimas / No-Drama Discipline, 384
Books, Muchas vidas, muchos maestros, 636
Books, 365 cuentos para soñar, 144
Books, Big Preschool Workbook, 477
Books, Cuentos de buenas noches para niñas rebeldes, 578
Books, 1984, 398
Books, Los Cuatro Acuerdos: Un libro de sabiduría tolteca, 650
Books, Mi primer Larousse de los dinosaurios (Portada puede variar), 677
Books, Ríndete sin fracasar en el intento, 37
Books, Harry Potter y la piedra filosofal, 633
Books, LA BAILARINA DE AUSCHWITZ, 509
Books, Cómo ganar amigos e influir sobre las personas, 709
Books, Deja De Ser Tú: La mente crea la realidad, 403
Books, Sapiens. de Animales a Dioses / Sapiens: A Brief History of Humankind, 646
Books, Vendes o vendes: Cómo salirte con la tuya en los negocios y en la vida, 521
Books, Thinking, Fast and Slow de Daniel Kahneman (2011-10-25). Pensar Rápido, Pensar Despacio, 153
Books, La Inteligencia Emocional: Por Qué Es Más Importante Que El Cociente Intelectual / Emotional Intelligence, 30
Books, Mandalas: La magia del color. Vol. 5 (Violeta), 105
Books, Hello, World! Solar System, 564
Books, Boku No Hero: My Hero Academia N.1, 109
Books, Noisy Farm, 121
Books, Los compas y el diamantito legendario, 63
Books, El enigma de la habitación 622, 49
Books, Fueras de serie: Por qué unas personas tienen éxito y otras no, 154
Books, Pedro Páramo, 496
Books, Disney; Aventuras para soñar, 5
Books, El hombre más rico de babilonia (Nueva edición), 69
Books, De animales a dioses: Breve historia de la humanidad (Sapiens), 216
Books, Netter. Cuaderno de neurociencia para colorear, 466
Books, Padre Rico, Padre Pobre: Qué les enseñan los ricos a sus hijos acerca del dinero, 184
Books, Numbers 0-25, 218
Books, Salvar el fuego (Pasta Blanda), 536
Books, El murmullo de las abejas, 191
Books, ¿Eres Mi Mamá? / Are You My Mother?, 261
Books, El monje que vendió su Ferrari, 86
Books, Cien años de soledad (2015), 224
Books, Atomic Habits (Hábitos atómicos: una manera fácil y probada de construir buenos hábitos y romper los malos), 82
Books, Audaz, productivo y feliz: Una guía para conseguir objetivos increíbles y dominar tu vida personal, 15
Books, Enciclopedia para niños: Los dinosaurios, 42
Books, El traidor: El diario secreto del hijo del Mayo, 398
Books, , 330
Books, Hábitos Atómicos, 4
Books, Becoming. Mi historia, 34
Books, Preparadas, listas...¡a crecer! ( Nueva Versión), 27
Books, Malala, 34
Books, Cuentos para niños que se atreven a ser diferentes, 50
Books, Morir para ser yo, 13
Books, MI LIBRO MAGICO. LECTOESCRITURA, 702
Books, El ruiseñor, 13
Books, La niña a la que se le vino el mundo encima, 13
Books, Las 5 heridas que impiden ser uno mismo, 176
Books, El día que los crayones regresaron a casa, 17
Books, Superlife: The 5 Simple Fixes That Will Make You Healthy, Fit, and Eternally Awesome, 146
Books, Los Compas escapan de la prisión, 7
Books, Mis pastelitos: Recetario dulce y eshpeshial, 127
Books, El amor en los tiempos del cólera (2015), 85
Books, 5 Lenguajes de Amor, Los Revisado 5 Love Languages: Revised: El Secreto del Amor Que Perdura, 58
Books, Persona normal, 44
Books, El poder del ahora, 606
Books, First 100 Board Book Box Set (3 Books), 114
Books, Boku No Hero: My Hero Academia N.2, 17
Books, Metabolismo ultra poderoso, 7
Books, Jumbo Diccionario Preescolar Princesas, 553
Books, The Umbrella Academy Volume 1: Apocalypse Suite, 82
Books, Temporada de huracanes, 29
Books, The Rider Tarot Deck / Baraja de Tarot, 10
Books, The 5 AM Club: Own Your Morning. Elevate Your Life., 7
Books, Baby Touch and Feel: Animals, 96
Books, Los 7 hábitos de la gente altamente efectiva, 94
Books, La Sombra del Viento, 42
Books, Como Atrapar Una Estrella, 343
Books, Cosas que pasan, 95
Books, Matemáticas. Vol. 1, 3
Books, Normal People, 137
Books, Avatar, the Last Airbender: The Rise of Kyoshi, 24
Books, El poder de las chicas/Arte antiestrÃ©s, 487
Books, Limitless: Upgrade Your Brain, Learn Anything Faster, and Unlock Your Exceptional Life, 109
Books, Nadie nos vio partir, 19
Books, Numbers 1-100, 1
Books, Preschool Math Workbook for Toddlers Ages 2-4: Beginner Math Preschool Learning Book with Number Tracing and Matching Activities for 2, 3 and 4 year olds and kindergarten prep, 5
Books, Dune, 201
Books, Write and Wipe Flashcards: First 50 Words (Scholastic Early Learners), 168
Books, La vaca púrpura, 15
Books, Sí, si es contigo, 100
Books, Las batallas en el desierto, 314
Books, Rebelión en la granja, 4
Books, Tsum Tsum, 13
Books, El Inversor Inteligente: Un Libro de Asesoramiento Práctico, 23
Books, Transforma las heridas de tu infancia: Rechazo, abandono, humullación, traición, injusticia, 263
Books, Walk Two Moons, 2
Books, Y colorín colorado este cuento aún no se ha acabado, 3
Books, The Hobbit and the Lord of the Rings: Colección de libros Deluxe. El Hobbit y El Señor de los Anillos (Boxset): Deluxe Pocket Boxed Set, 51
Books, Los hornos de Hitler, 4
Books, La casa de la belleza, 37
Books, My Preschool Workbook: 101 Games & Activities That Prepare Your Child for School, 25
Books, Flash Cards: Colors & Shapes, 155
Books, The Umbrella Academy Volume 2: Dallas, 44
Books, Crepúsculo. Vida y muerte: Décimo aniversario, 4
Books, The Color Monster: A Story about Emotions, 320
Books, Red, White & Royal Blue, 15
Books, How Emotions Are Made: The Secret Life of the Brain, 74
Books, Three-Letter Words: Puzzle Card, 57
Books, Avatar, the Last Airbender: The Shadow of Kyoshi (the Kyoshi Novels Book 2);Kyoshi Novels, 42
Books, Never Split the Difference: Negotiating as If Your Life Depended on It, 89
Books, Empieza con el porque (Spanish Edition), 80
Books, El arte de amar, 45
Books, Juguemos a leer libro de lectura (+ Manual de ejercicios), 17
Books, Cuentos de buenas noches para niñas rebeldes. Diversión y aventuras, 3
Books, The Art of the Last of Us Part II, 19
Books, Design Is Storytelling, 27
Books, La peor señora del mundo, 432
Books, Orgullo Y Prejuicio (portada puede variar), 155
Books, The Ballad of Songbirds and Snakes, 3
Books, Where's Waldo? the Fantastic Journey, 71
Books, Tales of Japan: Traditional Stories of Monsters and Magic (Book of Japanese Mythology, Folk Tales from Japan), 44
Books, The Beast Within: A Tale of Beauty's Prince, 12
Books, Saint Seiya Ultimate. Vol. 22, 28
Books, Uzumaki (Edición Deluxe), 20
Books, Dragon Ball Super Vol.10, 93
Books, El Poder del Ahora: Un Camino Hacia La Realizacion Espiritual, 20
Books, Fairest of All: A Tale of the Wicked Queen, 10
Books, Who Was Claude Monet?, 8
Books, The Handmaid's Tale, 4
Books, Dientes de dragón, 4
Books, El mundo perdido, 3
Books, Anne of Green Gables, 4
Books, One Punch Man. Vol. 21, 7
Books, Disney Dreams Collection Thomas Kinkade Studios Coloring Book, 4
Books, Why We Sleep: Unlocking the Power of Sleep and Dreams, 56
Books, El Libro Completo de Experimentos Cientificos Para Ninos / The Everything Kids': ¡hierve El Hielo, Haz Flotar El Agua, Mide La Gravedad Y Pon a Prueba El Mundo Que Te Rodea!, 1
Books, El Dia Que Los Crayones Renunciaron, 326
Books, Thinking, Fast and Slow, 34
Books, Demon Slayer. Vol. 5, 6
Books, El principito (TD), 8
Books, Aura, 52
Books, Todos deberíamos ser feministas, 28
Books, Corazonadas, 7
Books, El libro de los negocios (Big Ideas) (Spanish Edition), 41
Books, Un mundo feliz, 6
Books, Pokémon Epic Sticker Collection: From Kanto to Alola, 108
Books, De Cero a Inversionista: Domina el juego del dinero, 101
Books, I Love Music: My First Sound Book, 35
Books, See, Touch, Feel: A First Sensory Book, 43
Books, Mi hermano persigue dinosaurios: La historia de Gio, un niño con un cromosoma de más, 10
Books, If Animals Kissed Good Night, 51
Books, El profeta, 7
Books, Hábitos para niños, 9
Books, Jamie & Friends: postres, 7
Books, Wipe Clean: Bilingual Workbook Ready for School, 46
Books, El mundo de Sofía, 25
Books, Human Body Activity Book for Kids: Hands-On Fun for Grades K-3, 1
Books, Quintillizas Vol.5, 32
Books, The Complete Novels of Jane Austen;Leather-Bound Classics, 22
Books, Algorithms to Live by: The Computer Science of Human Decisions, 21
Books, My Hero Academia Vol.25, 45
Books, Think Like a Rocket Scientist: Simple Strategies You Can Use to Make Giant Leaps in Work and Life, 9
Books, Oyasumi Punpun Vol.1, 35
Books, Beastars N.9, 24
Books, Quintillizas Vol.4, 5
Books, Eleanor Oliphant Is Completely Fine, 1
Books, Dragon Ball Partworks Vol. 16, 9
Books, My Hero Academia N.24, 13
Books, To the Finland Station: A Study in the Acting and Writing of History, 3
Books, The Umbrella Academy Volume 1: Apocalypse Suite: 01, 10
Books, Factfulness: Ten Reasons We're Wrong about the World--And Why Things Are Better Than You Think, 4
Books, Mexican Gothic, 4
Books, Shoe Dog: A Memoir by the Creator of Nike, 4
Books, The Montessori Toddler: A Parent's Guide to Raising a Curious and Responsible Human Being, 4
Books, Diccionario escolar plus primaria, 142
Books, Tiende tu cama y otros pequeños hábitos que cambiarán tu vida y el mundo, 31
Books, Cómo hacer que te pasen cosas buenas, 50
Books, Homo deus: Breve historia del mañana, 7
Books, Perdido Y Encontrado, 90
Books, Disney amigos de película, 81
Books, The Merriam-Webster Dictionary, 5
Books, Cómo curar un corazón roto, 8
Books, American Pocket Chambers English dictionary, 56
Books, Large Sketchbook (Kivar, Black), 9
Books, El hilo invisible, 3
Books, Ejercicios de maduración y tareas, papel y tijeras. Vol. 2, 6
Books, Regalo sorpresa, 3
Books, Harry Potter y la cámara secreta, 47
Books, La Divina Comedia (portada puede variar), 35
Books, Ave Negra, 18
Books, Enamórate de ti, 2
Books, Álgebra (4a Edición), 412
Books, Diccionario escolar Disney, 58
Books, Peppa pig: Jumbo preescolar bilingüe, 101
Books, Geometría y trigonometría (3a edición), 61
Books, Cuaderno de ejercicios Baldor. Álgebra, 3
Books, Ejercicios Matemáticos 4, 9
Books, Abuelo, ¿me cuentas tu historia?: Un libro de ida y vuelta, 3
Books, Abuela, ¿me cuentas tu historia?: Un libro de ida y vuelta, 3
Books, Diccionario school inglés español, 7
Books, Roba como un artista: Las 10 cosas que nadie te ha dicho acerca de ser creativo, 8
Books, Mandalas la magia del color. Vol. 13, 22
Books, Mandalas la magia del color. Vol. 14, 21
Books, El hombre en busca de sentido, 321
Books, Harry Potter y el cáliz de fuego, 8
Books, Hay un diplodocus en la puerta, 115
Books, Fahrenheit 451, 53
Books, Mi libro mÃ¡gico: Ejercicios caligrÃ¡ficos script preescolar, 158
Books, Diccionario pocket francés - español, 3
Books, Para mi súper abuela, 11
Books, ¡Sálvese quien pueda!: El futuro del trabajo en la era de la automatización, 5
Books, Getting to Yes: Negotiating Agreement Without Giving in, 23
Books, Tenebra, 8
Books, Para mi súper abuelo, 3
Books, El Arte de la Guerra (Spanish Edition), 8
Books, Outliers: The Story of Success, 12
Books, Alphabet, 6
Books, Crónica de una muerte anunciada, 2
Books, Felipe, el oscuro, 63
Books, Los Secretos De La Mente Millonaria: Cómo dominar el juego interior de la riqueza (portada puede variar), 365
Books, Decisiones difíciles, 42
Books, Principios de Anatomía y Fisiología, 5
Books, El Elemento: Descubrir tu pasión lo cambia todo, 22
Books, Love Is War N.1, 75
Books, La insoportable levedad del ser, 3
Books, The Complete Anne of Green Gables: The Life and Adventures of the Most Beloved and Timeless Heroine in All of Fiction, 213
Books, Mis matemáticas y grafomanía. Vol. 1, 9
Books, Oyasumi Punpun N.2, 41
Books, A golpe de calcetín (Spanish Edition), 20
Books, Black Paradox N.1, 95
Books, Lecciones de liderazgo creativo, 5
Books, Mi libro mÃ¡gico matemÃ¡ticas por proyectos preescolar. Vol. 1, 2
Books, Rurouni KenshiVol: El Espadachín Errante Edición Kanzenba. Vol.3, 12
Books, EL LICENCIADO García Luna, Calderón y el narco, 75
Books, Temporada de Zopilotes, 2
Books, Wonder. Todos somos únicos, 10
Books, AnatomÃ­a con orientaciÃ³n clÃ­nica (Spanish Edition), 81
Books, Felipe, el oscuro: Secretos, Intrigas Y Traiciones del Sexenio Más Sangriento de México, 361
Books, Introduccion Al Estudio Del Derecho (portada puede variar), 25
Books, Macroeconomia Ejercicios Practicos, 2
Books, Destroza este diario, 2
Books, Las 21 cualidades indispensables de un líder, 2
Books, Fangs, 9
Books, Mi libro mÃ¡gico ejercicios caligrÃ¡ficos cursiva preescolar, 24
Books, Mi Libro MÃ¡gico - Habilidades grÃ¡ficas cursiva, 6
Books, Investigacion De Mercados Conceptos Esenciales, 5
Books, La tregua, 9
Books, Slam Dunk Vol.9, 9
Books, Demon Slayer Vol.6, 18
Books, Batman: Nightwalker, 18
Books, El terror, 16
Books, Cocinando con Weber, 4
Books, Pensar rápido, pensar despacio, 6
Books, "LIDERES MEXICANOS 358 ""LOS 300 LIDERES MAS INFLUYENTES DE MEXICO""", 10
Books, Oráculo Grisy Nava, 25
Books, Mandalas, 21
Books, Yu-Gi-Oh! N.1, 75
Books, Harry Potter y el prisionero de Azkaban, 10
Books, Guyton y Hall. Tratado de fisiología médica (con Student Consult), 58
Books, Think Like a Monk: Train Your Mind for Peace and Purpose Every Day, 165
Books, Mirror, mirror, 9
Books, Alter ego +: Cahier d'activités. Vol. 1 (+ CD), 3
Books, The Giver: 1, 4
Books, Dune: Deluxe Edition, 54
Books, The Splat: Coloring the '90s (Nickelodeon), 18
Books, Wotakoi - Qué Difícil Es El Amor Para Los Otaku N.8, 60
Books, Ortografía lengua española. Reglas y ejercicios, 18
Books, Hay un triceratops en la casa del árbol, 41
Books, Panes Mexicanos (2a Edición), 35
Books, Bestiario fantÃ¡stico, 3
Books, Dune Messiah: 2, 3
Books, Villanos de pelÃ­cula, 39
Books, El Increible Niño Comelibros, 3
Books, Oráculo Guía Angelical, 95
Books, TROLLHUNTERS, 12
Books, Dragon Ball Partworks Vol.17, 4
Books, The Home Edit: A Guide to Organizing and Realizing Your House Goals (Includes Refrigerator Labels), 96
Books, Juguemos A Leer Libro De Lectura (+ Manual De Ejercicios), 128
Books, Overlord: The Undead King N.9 El hechicero de la destrucción., 1
Books, Mickey and Friends arte antiestrés, 1
Books, 100 preguntas clave para todo emprendedor: Atajos prácticos para ir de cero a emprendedor, 127
Books, La peor señora del mundo: 30, 203
Books, Antología poética, 5
Books, Estados Unidos: en la intimidad y a la distancia, 4
Books, Fisco agenda 2020, 5
Books, El llano en llamas, 5
Books, Un sicario en cada hijo te dio: Niñas, niños y adolescentes en la delincuencia organizada, 18
Books, Las tinieblas y el alba: La precuela de Los Pilares de la tierra, 14
Books, Alter ego +. Vol. 1 (+ CD), 5
Books, Iturbide: El otro padre de la patria, 3
Books, Midnight Sun, 79
Books, InvestorCoach® - Aprende a Invertir en la Bolsa (Edición para México), 33
Books, Amor líquido, 11
Books, La ganancia es primero: Transforma tu negocio en una máquina de hacer dinero, 16
Books, Orgullo Y Prejuicio (Edicion Conmemorativa) / Pride and Prejudice (Commemorative Edition), 87
Books, Libro agenda: Pequeño cerdo capitalista 2021: Arregla tu relajito financiero en 365 días, 29
Books, La Muerte En Venecia, 3
Books, El Monstruo de Colores, 112
Books, Los 10 principios del guerrero para sanar (Spanish Edition), 8
Books, Van Gogh. Para colorear, 23
Books, Bilingual Activities Disney, 16
Books, Álbum de oro. Cuentos clásicos para colorear, 53
Books, My Own Words, 39
Books, The Gauguin Atlas, 41
Books, Balada de pájaros cantores y serpientes. Precuela de Los juegos del hambre, 117
Books, La historia de la sirena, 36
Books, Brava, fuerte y digna, 4
Books, Tu camino para sanar, 69
Books, Tree of Life, 32
Books, El pasado, presente y futuro de México, 96
Books, Pequeño cerdo capitalista: Finanzas personales para hippies, yuppies y bohemios, 7
Books, La marcha de la locura: La sinrazÃ³n desde Troya hasta Vietnam;Historia, 12
Books, Peeves, 8
Books, Dragon Ball Super N.11, 78
Books, Demon Slayer N.7, 29
Books, One Piece Red N.1, 43
Books, El Placebo Eres Tu: Descubre el poder de tu mente, 2
Books, Pan artesanal en casa, 4
Books, Los gobernadores: caciques del pasado y del presente, 3
Books, Los depredadores, 9
Books, Moleskine The Simpsons Limited Edition - Cuaderno (tapa dura), Negro, Large, 41
Books, Start with Why: How Great Leaders Inspire Everyone to Take Action, 9
Books, Premium Sketchbook Small, 9
Books, The Meaning of Mariah Carey, 23
Books, MoneyCoach® - Todo lo que necesitas saber de Finanzas Personales (Edición para México), 18
Books, Mafalda. Todas las tiras, 16
Books, 10 años con Mafalda, 16
Books, Apocalistick, 8
Books, Mafalda 1, 6
Books, García Luna: El señor de la muerte, 8
Books, Feminismo para principiantes, 3
Books, Mickey and Friends arte antiestrés, 1
Books, Overlord: The Undead King N.9 El hechicero de la destrucción., 1
Books, Eleanor Oliphant Is Completely Fine, 1
Books, Human Body Activity Book for Kids: Hands-On Fun for Grades K-3, 1
Books, El Libro Completo de Experimentos Cientificos Para Ninos / The Everything Kids': ¡hierve El Hielo, Haz Flotar El Agua, Mide La Gravedad Y Pon a Prueba El Mundo Que Te Rodea!, 1
Books, Numbers 1-100, 1
Books, El Placebo Eres Tu: Descubre el poder de tu mente, 2
Books, Las 21 cualidades indispensables de un líder, 2
Books, Destroza este diario, 2
Books, Macroeconomia Ejercicios Practicos, 2
Books, Temporada de Zopilotes, 2
Books, Mi libro mÃ¡gico matemÃ¡ticas por proyectos preescolar. Vol. 1, 2
Books, Crónica de una muerte anunciada, 2
Books, Enamórate de ti, 2
Books, Walk Two Moons, 2
Books, Feminismo para principiantes, 3
Books, Los gobernadores: caciques del pasado y del presente, 3
Books, La Muerte En Venecia, 3
Books, Iturbide: El otro padre de la patria, 3
Books, El Increible Niño Comelibros, 3
Books, Dune Messiah: 2, 3
Books, Bestiario fantÃ¡stico, 3
Books, Alter ego +: Cahier d'activités. Vol. 1 (+ CD), 3
Books, La insoportable levedad del ser, 3
Books, Para mi súper abuelo, 3
Books, Diccionario pocket francés - español, 3
Books, Abuela, ¿me cuentas tu historia?: Un libro de ida y vuelta, 3
Books, Abuelo, ¿me cuentas tu historia?: Un libro de ida y vuelta, 3
Books, Cuaderno de ejercicios Baldor. Álgebra, 3
Books, Regalo sorpresa, 3
Books, El hilo invisible, 3
Books, To the Finland Station: A Study in the Acting and Writing of History, 3
Books, El mundo perdido, 3
Books, The Ballad of Songbirds and Snakes, 3
Books, Cuentos de buenas noches para niñas rebeldes. Diversión y aventuras, 3
Books, Y colorín colorado este cuento aún no se ha acabado, 3
Books, Matemáticas. Vol. 1, 3
Books, Pan artesanal en casa, 4
Books, Brava, fuerte y digna, 4
Books, Estados Unidos: en la intimidad y a la distancia, 4
Books, Dragon Ball Partworks Vol.17, 4
Books, The Giver: 1, 4
Books, Cocinando con Weber, 4
Books, The Montessori Toddler: A Parent's Guide to Raising a Curious and Responsible Human Being, 4
Books, Shoe Dog: A Memoir by the Creator of Nike, 4
Books, Mexican Gothic, 4
Books, Factfulness: Ten Reasons We're Wrong about the World--And Why Things Are Better Than You Think, 4
Books, Disney Dreams Collection Thomas Kinkade Studios Coloring Book, 4
Books, Anne of Green Gables, 4
Books, Dientes de dragón, 4
Books, The Handmaid's Tale, 4
Books, Crepúsculo. Vida y muerte: Décimo aniversario, 4
Books, Los hornos de Hitler, 4
Books, Rebelión en la granja, 4
Books, Hábitos Atómicos, 4
Books, Alter ego +. Vol. 1 (+ CD), 5
Books, El llano en llamas, 5
Books, Fisco agenda 2020, 5
Books, Antología poética, 5
Books, Investigacion De Mercados Conceptos Esenciales, 5
Books, Lecciones de liderazgo creativo, 5
Books, Principios de Anatomía y Fisiología, 5
Books, ¡Sálvese quien pueda!: El futuro del trabajo en la era de la automatización, 5
Books, The Merriam-Webster Dictionary, 5
Books, Quintillizas Vol.4, 5
Books, Preschool Math Workbook for Toddlers Ages 2-4: Beginner Math Preschool Learning Book with Number Tracing and Matching Activities for 2, 3 and 4 year olds and kindergarten prep, 5
Books, Disney; Aventuras para soñar, 5
Books, Mafalda 1, 6
Books, Pensar rápido, pensar despacio, 6
Books, Mi Libro MÃ¡gico - Habilidades grÃ¡ficas cursiva, 6
Books, Alphabet, 6
Books, Ejercicios de maduración y tareas, papel y tijeras. Vol. 2, 6
Books, Un mundo feliz, 6
Books, Demon Slayer. Vol. 5, 6
Books, Pequeño cerdo capitalista: Finanzas personales para hippies, yuppies y bohemios, 7
Books, Diccionario school inglés español, 7
Books, Homo deus: Breve historia del mañana, 7
Books, Jamie & Friends: postres, 7
Books, El profeta, 7
Books, Corazonadas, 7
Books, One Punch Man. Vol. 21, 7
Books, The 5 AM Club: Own Your Morning. Elevate Your Life., 7
Books, Metabolismo ultra poderoso, 7
Books, Los Compas escapan de la prisión, 7
Books, García Luna: El señor de la muerte, 8
Books, Apocalistick, 8
Books, Peeves, 8
Books, Los 10 principios del guerrero para sanar (Spanish Edition), 8
Books, El Arte de la Guerra (Spanish Edition), 8
Books, Tenebra, 8
Books, Harry Potter y el cáliz de fuego, 8
Books, Roba como un artista: Las 10 cosas que nadie te ha dicho acerca de ser creativo, 8
Books, Cómo curar un corazón roto, 8
Books, El principito (TD), 8
Books, Who Was Claude Monet?, 8
Books, Premium Sketchbook Small, 9
Books, Start with Why: How Great Leaders Inspire Everyone to Take Action, 9
Books, Los depredadores, 9
Books, Mirror, mirror, 9
Books, Slam Dunk Vol.9, 9
Books, La tregua, 9
Books, Fangs, 9
Books, Mis matemáticas y grafomanía. Vol. 1, 9
Books, Ejercicios Matemáticos 4, 9
Books, Large Sketchbook (Kivar, Black), 9
Books, Dragon Ball Partworks Vol. 16, 9
Books, Think Like a Rocket Scientist: Simple Strategies You Can Use to Make Giant Leaps in Work and Life, 9
Books, Hábitos para niños, 9
Books, Siempre demasiado y nunca suficiente: Cómo mi familia creo al hombre más peligroso del mundo, 9
Books, Harry Potter y el prisionero de Azkaban, 10
Books, "LIDERES MEXICANOS 358 ""LOS 300 LIDERES MAS INFLUYENTES DE MEXICO""", 10
Books, Wonder. Todos somos únicos, 10
Books, The Umbrella Academy Volume 1: Apocalypse Suite: 01, 10
Books, Mi hermano persigue dinosaurios: La historia de Gio, un niño con un cromosoma de más, 10
Books, Fairest of All: A Tale of the Wicked Queen, 10
Books, The Rider Tarot Deck / Baraja de Tarot, 10
Books, Amor líquido, 11
Books, Para mi súper abuela, 11
Books, La marcha de la locura: La sinrazÃ³n desde Troya hasta Vietnam;Historia, 12
Books, TROLLHUNTERS, 12
Books, Rurouni KenshiVol: El Espadachín Errante Edición Kanzenba. Vol.3, 12
Books, Outliers: The Story of Success, 12
Books, The Beast Within: A Tale of Beauty's Prince, 12
Books, My Hero Academia N.24, 13
Books, Tsum Tsum, 13
Books, La niña a la que se le vino el mundo encima, 13
Books, El ruiseñor, 13
Books, Morir para ser yo, 13
Books, Las tinieblas y el alba: La precuela de Los Pilares de la tierra, 14
Books, Red, White & Royal Blue, 15
Books, La vaca púrpura, 15
Books, Audaz, productivo y feliz: Una guía para conseguir objetivos increíbles y dominar tu vida personal, 15
Books, 10 años con Mafalda, 16
Books, Mafalda. Todas las tiras, 16
Books, Bilingual Activities Disney, 16
Books, La ganancia es primero: Transforma tu negocio en una máquina de hacer dinero, 16
Books, El terror, 16
Books, Juguemos a leer libro de lectura (+ Manual de ejercicios), 17
Books, Boku No Hero: My Hero Academia N.2, 17
Books, El día que los crayones regresaron a casa, 17
Books, MoneyCoach® - Todo lo que necesitas saber de Finanzas Personales (Edición para México), 18
Books, Un sicario en cada hijo te dio: Niñas, niños y adolescentes en la delincuencia organizada, 18
Books, Ortografía lengua española. Reglas y ejercicios, 18
Books, The Splat: Coloring the '90s (Nickelodeon), 18
Books, Batman: Nightwalker, 18
Books, Demon Slayer Vol.6, 18
Books, Ave Negra, 18
Books, The Art of the Last of Us Part II, 19
Books, Nadie nos vio partir, 19
Books, A golpe de calcetín (Spanish Edition), 20
Books, El Poder del Ahora: Un Camino Hacia La Realizacion Espiritual, 20
Books, Uzumaki (Edición Deluxe), 20
Books, Mandalas, 21
Books, Mandalas la magia del color. Vol. 14, 21
Books, Algorithms to Live by: The Computer Science of Human Decisions, 21
Books, El Elemento: Descubrir tu pasión lo cambia todo, 22
Books, Mandalas la magia del color. Vol. 13, 22
Books, The Complete Novels of Jane Austen;Leather-Bound Classics, 22
Books, The Meaning of Mariah Carey, 23
Books, Van Gogh. Para colorear, 23
Books, Getting to Yes: Negotiating Agreement Without Giving in, 23
Books, El Inversor Inteligente: Un Libro de Asesoramiento Práctico, 23
Books, Mi libro mÃ¡gico ejercicios caligrÃ¡ficos cursiva preescolar, 24
Books, Beastars N.9, 24
Books, Avatar, the Last Airbender: The Rise of Kyoshi, 24
Books, Oráculo Grisy Nava, 25
Books, Introduccion Al Estudio Del Derecho (portada puede variar), 25
Books, El mundo de Sofía, 25
Books, My Preschool Workbook: 101 Games & Activities That Prepare Your Child for School, 25
Books, Design Is Storytelling, 27
Books, Preparadas, listas...¡a crecer! ( Nueva Versión), 27
Books, Todos deberíamos ser feministas, 28
Books, Saint Seiya Ultimate. Vol. 22, 28
Books, Demon Slayer N.7, 29
Books, Libro agenda: Pequeño cerdo capitalista 2021: Arregla tu relajito financiero en 365 días, 29
Books, Temporada de huracanes, 29
Books, La Inteligencia Emocional: Por Qué Es Más Importante Que El Cociente Intelectual / Emotional Intelligence, 30
Books, Tiende tu cama y otros pequeños hábitos que cambiarán tu vida y el mundo, 31
Books, Tree of Life, 32
Books, Quintillizas Vol.5, 32
Books, InvestorCoach® - Aprende a Invertir en la Bolsa (Edición para México), 33
Books, Thinking, Fast and Slow, 34
Books, Malala, 34
Books, Becoming. Mi historia, 34
Books, Panes Mexicanos (2a Edición), 35
Books, La Divina Comedia (portada puede variar), 35
Books, Oyasumi Punpun Vol.1, 35
Books, I Love Music: My First Sound Book, 35
Books, La historia de la sirena, 36
Books, La casa de la belleza, 37
Books, Ríndete sin fracasar en el intento, 37
Books, The Hobbit and the Lord of the Rings: Colección de libros Deluxe. El Hobbit y El Señor de los Anillos (Boxset), 38
Books, My Own Words, 39
Books, Villanos de pelÃ­cula, 39
Books, Moleskine The Simpsons Limited Edition - Cuaderno (tapa dura), Negro, Large, 41
Books, The Gauguin Atlas, 41
Books, Hay un triceratops en la casa del árbol, 41
Books, Oyasumi Punpun N.2, 41
Books, El libro de los negocios (Big Ideas) (Spanish Edition), 41
Books, Decisiones difíciles, 42
Books, Avatar, the Last Airbender: The Shadow of Kyoshi (the Kyoshi Novels Book 2);Kyoshi Novels, 42
Books, La Sombra del Viento, 42
Books, Enciclopedia para niños: Los dinosaurios, 42
Books, One Piece Red N.1, 43
Books, See, Touch, Feel: A First Sensory Book, 43
Books, Tales of Japan: Traditional Stories of Monsters and Magic (Book of Japanese Mythology, Folk Tales from Japan), 44
Books, The Umbrella Academy Volume 2: Dallas, 44
Books, Persona normal, 44
Books, My Hero Academia Vol.25, 45
Books, El arte de amar, 45
Books, Wipe Clean: Bilingual Workbook Ready for School, 46
Books, Harry Potter y la cámara secreta, 47
Books, El enigma de la habitación 622, 49
Books, Cómo hacer que te pasen cosas buenas, 50
Books, Cuentos para niños que se atreven a ser diferentes, 50
Books, Guyton y Hall. Tratado de fisiología médica (con  Student Consult), 50
Books, If Animals Kissed Good Night, 51
Books, The Hobbit and the Lord of the Rings: Colección de libros Deluxe. El Hobbit y El Señor de los Anillos (Boxset): Deluxe Pocket Boxed Set, 51
Books, Aura, 52
Books, Álbum de oro. Cuentos clásicos para colorear, 53
Books, Fahrenheit 451, 53
Books, Dune: Deluxe Edition, 54
Books, American Pocket Chambers English dictionary, 56
Books, Why We Sleep: Unlocking the Power of Sleep and Dreams, 56
Books, Three-Letter Words: Puzzle Card, 57
Books, Guyton y Hall. Tratado de fisiología médica (con Student Consult), 58
Books, Diccionario escolar Disney, 58
Books, 5 Lenguajes de Amor, Los Revisado 5 Love Languages: Revised: El Secreto del Amor Que Perdura, 58
Books, Wotakoi - Qué Difícil Es El Amor Para Los Otaku N.8, 60
Books, Geometría y trigonometría (3a edición), 61
Books, Felipe, el oscuro, 63
Books, Los compas y el diamantito legendario, 63
Books, Tu camino para sanar, 69
Books, El hombre más rico de babilonia (Nueva edición), 69
Books, Where's Waldo? the Fantastic Journey, 71
Books, How Emotions Are Made: The Secret Life of the Brain, 74
Books, Yu-Gi-Oh! N.1, 75
Books, EL LICENCIADO García Luna, Calderón y el narco, 75
Books, Love Is War N.1, 75
Books, Dragon Ball Super N.11, 78
Books, Midnight Sun, 79
Books, Empieza con el porque (Spanish Edition), 80
Books, AnatomÃ­a con orientaciÃ³n clÃ­nica (Spanish Edition), 81
Books, Disney amigos de película, 81
Books, The Umbrella Academy Volume 1: Apocalypse Suite, 82
Books, Atomic Habits (Hábitos atómicos: una manera fácil y probada de construir buenos hábitos y romper los malos), 82
Books, El amor en los tiempos del cólera (2015), 85
Books, El monje que vendió su Ferrari, 86
Books, Orgullo Y Prejuicio (Edicion Conmemorativa) / Pride and Prejudice (Commemorative Edition), 87
Books, Never Split the Difference: Negotiating as If Your Life Depended on It, 89
Books, Perdido Y Encontrado, 90
Books, Dragon Ball Super Vol.10, 93
Books, Los 7 hábitos de la gente altamente efectiva, 94
Books, Oráculo Guía Angelical, 95
Books, Black Paradox N.1, 95
Books, Cosas que pasan, 95
Books, El pasado, presente y futuro de México, 96
Books, The Home Edit: A Guide to Organizing and Realizing Your House Goals (Includes Refrigerator Labels), 96
Books, Baby Touch and Feel: Animals, 96
Books, Sí, si es contigo, 100
Books, Peppa pig: Jumbo preescolar bilingüe, 101
Books, De Cero a Inversionista: Domina el juego del dinero, 101
Books, Mandalas: La magia del color. Vol. 5 (Violeta), 105
Books, Pokémon Epic Sticker Collection: From Kanto to Alola, 108
Books, Limitless: Upgrade Your Brain, Learn Anything Faster, and Unlock Your Exceptional Life, 109
Books, Boku No Hero: My Hero Academia N.1, 109
Books, El Monstruo de Colores, 112
Books, First 100 Board Book Box Set (3 Books), 114
Books, Hay un diplodocus en la puerta, 115
Books, Balada de pájaros cantores y serpientes. Precuela de Los juegos del hambre, 117
Books, Noisy Farm, 121
Books, 100 preguntas clave para todo emprendedor: Atajos prácticos para ir de cero a emprendedor, 127
Books, Mis pastelitos: Recetario dulce y eshpeshial, 127
Books, Juguemos A Leer Libro De Lectura (+ Manual De Ejercicios), 128
Books, Normal People, 137
Books, Diccionario escolar plus primaria, 142
Books, 365 cuentos para soñar, 144
Books, Superlife: The 5 Simple Fixes That Will Make You Healthy, Fit, and Eternally Awesome, 146
Books, Thinking, Fast and Slow de Daniel Kahneman (2011-10-25). Pensar Rápido, Pensar Despacio, 153
Books, Fueras de serie: Por qué unas personas tienen éxito y otras no, 154
Books, Orgullo Y Prejuicio (portada puede variar), 155
Books, Flash Cards: Colors & Shapes, 155
Books, El Arte De La Guerra (portada puede variar), 155
Books, Mi libro mÃ¡gico: Ejercicios caligrÃ¡ficos script preescolar, 158
Books, Think Like a Monk: Train Your Mind for Peace and Purpose Every Day, 165
Books, Write and Wipe Flashcards: First 50 Words (Scholastic Early Learners), 168
Books, Las 5 heridas que impiden ser uno mismo, 176
Books, Los Compas y la cámara del tiempo, 177
Books, Padre Rico, Padre Pobre: Qué les enseñan los ricos a sus hijos acerca del dinero, 184
Books, El murmullo de las abejas, 191
Books, Dune, 201
Books, La peor señora del mundo: 30, 203
Books, The Complete Anne of Green Gables: The Life and Adventures of the Most Beloved and Timeless Heroine in All of Fiction, 213
Books, De animales a dioses: Breve historia de la humanidad (Sapiens), 216
Books, Numbers 0-25, 218
Books, Cien años de soledad (2015), 224
Books, Los Secretos De La Mente Millonaria: Cómo dominar el juego interior de la riqueza  (portada puede variar), 245
Books, ¿Eres Mi Mamá? / Are You My Mother?, 261
Books, Transforma las heridas de tu infancia: Rechazo, abandono, humullación, traición, injusticia, 263
Books, Las batallas en el desierto, 314
Books, The Color Monster: A Story about Emotions, 320
Books, El hombre en busca de sentido, 321
Books, El Dia Que Los Crayones Renunciaron, 326
Books, , 330
Books, Como Atrapar Una Estrella, 343
Books, Felipe, el oscuro: Secretos, Intrigas Y Traiciones del Sexenio Más Sangriento de México, 361
Books, Los Secretos De La Mente Millonaria: Cómo dominar el juego interior de la riqueza (portada puede variar), 365
Books, Disciplina Sin Lágrimas / No-Drama Discipline, 384
Books, El traidor: El diario secreto del hijo del Mayo, 398
Books, 1984, 398
Books, Deja De Ser Tú: La mente crea la realidad, 403
Books, Álgebra (4a Edición), 412
Books, La peor señora del mundo, 432
Books, Netter. Cuaderno de neurociencia para colorear, 466
Books, Big Preschool Workbook, 477
Books, El poder de las chicas/Arte antiestrÃ©s, 487
Books, Pedro Páramo, 496
Books, Aquí estamos: Notas para vivir en el planeta Tierra, 498
Books, El Club de Las 5 de la Mañana: Controla Tus Mañanas, Impulsa Tu Vida / The 5 A.M. Club, 502
Books, LA BAILARINA DE AUSCHWITZ, 509
Books, Vendes o vendes: Cómo salirte con la tuya en los negocios y en la vida, 521
Books, Salvar el fuego (Pasta Blanda), 536
Books, Jumbo Diccionario Preescolar Princesas, 553
Books, La teoría del todo: El origen y el destino del universo, Portada puede variar, 554
Books, Inquebrantables, 562
Books, Hello, World! Solar System, 564
Books, Cuentos de buenas noches para niñas rebeldes, 578
Books, El poder del ahora, 606
Books, Harry Potter y la piedra filosofal, 633
Books, Muchas vidas, muchos maestros, 636
Books, Sapiens. de Animales a Dioses / Sapiens: A Brief History of Humankind, 646
Books, Los Cuatro Acuerdos: Un libro de sabiduría tolteca, 650
Books, Mi primer Larousse de los dinosaurios (Portada puede variar), 677
Books, Netter Cuaderno de anatomía para colorear, 700
Books, MI LIBRO MAGICO. LECTOESCRITURA, 702
Books, Mandalas. Naturaleza y animales, 702
Books, My First Learn to Write Workbook: Practice for Kids with Pen Control, Line Tracing, Letters, and More!, 703
Books, Cómo ganar amigos e influir sobre las personas, 709
Books, Toy Story 4 Actividades Colorear, 716
Books, First 100 Words Bilingual: Primeras 100 Palabras - Spanish-English Bilingual, 718
Books, De grande quiero ser... feliz: 6 cuentos cortos para potenciar la positividad y autoestima de los niños, 718
Books, El Principito, 718
Books, El sutil arte de que te importe un carajo: Un enfoque disruptivo para vivir una buena vida (NUEVA EDICION), 718
