Baby, Termometro infrarrojo de Grado Medico Berrcom JXB-178, 730
Baby, Escudo Antibacterial Toallitas Húmedas, 1 Paquete con 50 Toallitas, Protección y Limpieza para tu Piel, 730
Baby, Huggies Cuidado Puro, Toallitas Húmedas para Bebé, 3 paquetes con 80 toallitas cada una, el embalaje puede variar, 655
Baby, Huggies All Around - Pañales, Unisex, Etapa 6, 40 Piezas, 655
Baby, Pampers Swaddlers Pañales Desechables Recién Nacido, Talla 1 (4 - 6 Kg ), Pack gigante- 140 Piezas, 730
Baby, Termómetro de No Contacto para Bebés, con Alarmas de Alta Temperatura- Sonolife, 501
Baby, Enfagrow Premium Etapa 3 - Leche de Crecimiento para Niños mayores de 12 Meses,  En Polvo, Paquete especial con 2 latas de 800 gramos cada una, el empaque puede variar, 198
Baby, BBtips Sensitive Pañales, Talla Extra Grande/5, 124 Pañales, 730
Baby, Bio Baby Toallitas Húmeda, 12 paquetes con 80 piezas, 960 toallitas, 555
Baby, Munchkin Miracle 360 - Taza de entrenamiento, color verde y azul, Rosado/Púrpura, 715
Baby, Kleenbebé Suavelastic Toallitas Húmedas, Aroma Coco, 600 Toallitas, Pack of 1, 279
Baby, Baoblaze Termómetro IR Multipropósito para Temperatura Corporal 32 Datos de Memoria, 486
Baby, Mustela Crema Contra Rozaduras 123, 108 g, 188
Baby, Huggies Supreme, Unisex, Etapa 1, 228 Pañales, 491
Baby, Huggies All Around, Pañales Unisex, Etapa 5, 40 Piezas, 302
Baby, Huggies Toallitas Húmedas, Cuidado Hidratante Y Cuidado Natural, 560 Toallitas, Pack of 1, 730
Baby, Huggies Supreme - Pañales Unisex, Etapa 2, 228 Unidades, 651
Baby, Termómetro Infrarrojo Digital Termómetro de Cuerpo sin Contacto Pistola Digital para medir Temperatura, 88
Baby, Mustela Crema Corporal Hidratante para Piel Normal, 500 ml, 317
Baby, BBtips Sensitive Pañales, Talla Grande/4, 132 Pañales, 730
Baby, Huggies Supreme, Niño, Etapa 5, 180 Pañales, 730
Baby, Huggies Supreme, Niña, Etapa 3, 180 Pañales, 275
Baby, BBtips Sensitive Toallitas Húmedas, Caja con 12 paquetes x 100 piezas, 1200 toallitas, 730
Baby, Playtex Genie - Bolsas de recambio para pañales, Multicolor, 810 Count, 730
Baby, Pañales, Huggies Supreme, Niño, Etapa 6, 180 Pañales, 559
Baby, Zuum Baby, Esponja Natural Cajilla, 633
Baby, Bright Starts Mordedor De Felpa, Modelos Aleatorios, 1 unidad, 16
Baby, Playtex Diaper Genie Refill (Paquete de 1), 697
Baby, Pañales BioBaby Talla 4 Grande Unisex, 152 piezas, 458
Baby, Huggies Ultraconfort Unisex Etapa Recién Nacido y Etapa 1 Pañales, Paquete De 40, 564
Baby, Enfagrow Premium Etapa 3 Leche de Crecimiento en Polvo para Niños mayores de 12 Meses, 1.1Kg, 16
Baby, Pampers Pañales Desechables Baby Dry, Talla 1, 174 Piezas, 389
Baby, Huggies Supreme, Niña, Etapa 4, 180 Pañales, 498
Baby, Huggies Supreme, Niño, Etapa 3, 180 Pañales, 654
Baby, BBtips Sensitive Pañales, Talla XX Grande/6, 160 Pañales, 600
Baby, KleenBebé Movilastic, Pañal Autoajustable Unisex Extra Jumbo, 40 Piezas, 54
Baby, Leche de Crecimiento para Niños mayores de 3 años, Enfagrow Premium Etapa 4, Paquete especial de 2200 gramos, rinde 56 días, 24
Baby, Bio Baby Pañales, Talla Mediana/3, 152 Pañales, 678
Baby, Chicco PhysioClean Aspiradora Nasal, 642
Baby, Huggies Eco Natural, Pañales Ecológicos para Bebé, Etapa 5, Paquete de 99, 108
Baby, Huggies Supreme, Niña, Etapa 6, 180 Pañales, 447
Baby, Huggies All Around, Pañales Unisex, Etapa 4, 40 Piezas, 205
Baby, Sonajas Y Mordederas Fisher-Price Mordedera De Pizza, 23
Baby, Huggies UltraConfort Pañal Desechable para Bebé, Etapa 4, para Niños, una Caja con 200 Pañales Desechables, Ideal para Bebés de 9 a 12 kilogramos., 135
Baby, Philips Avent Biberones para Niño, color Azul, 165
Baby, Luvable Friends Toalla con capucha y 5 paños, 05249-Ballena, Ballena (Whale), Una talla, 178
Baby, Ingenuity Trio 3-in-1 High Chair - Bryant - High Chair, Toddler Chair, and Booster, 6
Baby, Dispositivo De Medición De Temperatura Sin Contacto De La Pistola De Temperatura Sin Contacto De Termomete Digital Para Bebés/adultos, 93
Baby, Fular elástico/Baby wrap (portabebés), rebozo para múltiples amarrados y posiciones, 100% algodón respirable con spandex, para bebés de 0 a 15 kg (rosa), 1
Baby, Philips AVENT SCF190/03 chupon para niño - Chupete, 351
Baby, Leche de Crecimiento para Niños mayores de 12 Meses, Enfagrow Premium Etapa 3, En Polvo Paquete especial con 2 cajas de 1100  gramos cada una, 8
Baby, BBtips Sensitive Pañales, Talla XXL Grande/7, 160 Pañales, 451
Baby, Huggies Supreme Pure & Natural Toallitas Húmedas, 1,440 Piezas, 18 Paquetes con 80 toallitas c/u, 633
Baby, Huggies UltraConfort Pañal Desechable para Bebé, Etapa 3, para Niñas, una Caja con 200 Pañales Desechables, Ideal para Bebés de 7 a 10 kilogramos., 37
Baby, Mustela Jabón Líquido para Piel Normal, 500 ml, 230
Baby, Huggies UltraConfort Pañal Desechable para Bebé, Etapa 4, para Niñas, una Caja con 200 Pañales Desechables, Ideal para Bebés de 9 a 12 kilogramos., 115
Baby, Chicco Pocket Snack Booster Seat, Grey, 8
Baby, , 400
Baby, Oral B Stages Cepillo Dental Infantil con personajes de Winnie the Pooh, 0-2 años, Modelos surtidos, 1 pieza, 130
Baby, Mustela Pack Rutina Baño - Piel Atópica, Paquete De 2, 21
Baby, Waterwipes Waterwipes 720 Piezas, Color Blanco, 12 Count, Pack Of/Paquete De 12, 178
Baby, Huggies UltraConfort Pañal Desechable para Bebé, Etapa 5, para Niños, una Caja con 200 Pañales Desechables, Ideal para Bebés de 11 a 14.5 kilogramos., 10
Baby, Tommee Tippee Closer to Nature Tetinas de Flujo Moderado, 2 Piezas, 7
Baby, Huggies Ultraconfort, Pañal Desechable para Niña, Etapa 5, 40 piezas, 32
Baby, Huggies Ultraconfort, Pañal Desechable para Niño, Etapa 5, 40 piezas, 188
Baby, Huggies Ultraconfort, Pañal Desechable para Niño, Etapa 6, 40 piezas, 489
Baby, Huggies Ultraconfort, Pañal Desechable para Niña, Etapa 6, 40 piezas, 168
Baby, Huggies Supreme, Niña, Etapa 5, 180 Pañales, 662
Baby, Huggies Supreme, Pañales para Niño, Etapa 4, 180 unidades, 649
Baby, Bright Starts Snuggle & Teethe Plush Teether - Elephant, Ages Newborn +, 396
Baby, Huggies UltraConfort Pañal Desechable para Bebé, Etapa 6, para Niños, una Caja con 200 Pañales Desechables, Ideal para Bebés de más de 13.5 kilogramos., 47
Baby, Pañales Bio Baby Talla 5 Extra Grande Unisex, 136 piezas, 300
Baby, Advanced by Evenflo, Protectores para Lactancia, 24 piezas, Lactancia, MEX, 579
Baby, Plato de silicona,Sebami plato de silicona,Platos de Silicona Alimentaria con ventosa para colocar en la mesa Seguro Para Microndas (Azul), 37
Baby, Colgate My First Gel Dental sin Flúor, 0 a 2 Años, 14
Baby, Leche de Crecimiento para Niños mayores de 12 Meses, Enfagrow Premium Etapa 3, En Polvo Paquete especial con 2600 gramos, rinde 67 días, 19
Baby, Shampoo suave cabello normal y delicado, piel normal, 500 ml., 78
Baby, Huggies Little Swimmers, Pañal para Nadar,  Pequeño, 12 Piezas, 1
Baby, KleenBebé Suavelastic, Ahorrapack, 200 Toallitas, 98
Baby, Colgate Gel Dental Smiles Minions para Niños, Sabor Bubble Fruit, 75 ml, 212
Baby, Bio Baby Pañales, Talla Chica/2, 160 Pañales, 53
Baby, Luvable Friends 7 Piece Flannel Receiving Blanket, Basic Elephant, One Size, 12
Baby, Chicco Set de Cepillo y Peine, Azul, 345
Baby, Evenflo Sweet Dreams LX Color Azul, Cuna de Viaje MEX, 56
Baby, Mommy's Helper Tapones de Seguridad Para Enchufes, 36 Unidades, 121
Baby, Sebami Extractor de Leche Electrico, Sacaleches Eléctrico extractor de leche electrico Extractor de Leche con botella de almacenamiento de leche para Madre novicia (Con Cojín de Calor Frío), 234
Baby, Philips Avent Bolsas almacenadoras para leche materna SCF603/25, 57
Baby, Huggies Supreme - Pañales, Unisex, Etapa Recién Nacido, 38 Piezas, 98
Baby, "Safety 1st 41817 Easy Fit Puerta De Seguridad, Expande de 28 "" a 40""", 115
Baby, Disney Baby Winnie The Pooh Bouncer, Dots y Hunny Pots, 4
Baby, Disney Baby Winnie The Pooh Bouncer, 1
Baby, Dr. Brown's - Bolsa de almacenamiento para leche materna, Marrón, 50 Unidades, 189
Baby, Termómetro para adultos bebé, termómetro digital oral, visualización grande LED, termómetro de temperatura corporal con función de alarma de fiebre y memoria, apto para cavidad oral, axila, recto., 54
Baby, Leche de Crecimiento para Niños mayores de 12 Meses, Enfagrow Premium Etapa 3, En Polvo Paquete especial con 2 cajas de 1100 gramos cada una, 101
Baby, Redlemon Plato para Bebé Antiderrapante y Adherible, de Silicón con Divisiones para Alimentos, con Ventosas de Succión, Fácil de Limpiar, Libre de BPA, Incluye Cubiertos Sensibles al Calor. Azul, 9
Baby, Philips Avent Natural - Juego de biberones para bebé, color morado, Viejo, Rosado, 3
Baby, Munchkin White Hot Cucharas para Bebé, 4 Unidades, 49
Baby, ChoiceRefill Compatible with Diaper Genie Pails, 4-Pack, 1080 Count, 1
Baby, Redlemon Plato para Bebé Antiderrapante y Adherible, de Silicón con Divisiones para Alimentos, con Ventosas de Succión, Fácil de Limpiar, Libre de BPA, Incluye Cubiertos Sensibles al Calor. Rosa, 1
Baby, BBtips Sensitive Pañales, Talla Chica/2, 160 Pañales, 38
Baby, Huggies Eco Natural, Pañales Ecológicos para Bebé, Etapa 4, Paquete de 99, 5
Baby, Huggies Pull-Ups Calzoncitos Entrenadores para Niño, Talla Grande, 1 Paquete con 30 Calzoncitos Desechables, Ideal para niños de entre 15 a 18 kg, 2
Baby, Huggies UltraConfort Pañal Desechable para Bebé, Etapa 5, para Niñas, una Caja con 200 Pañales Desechables, Ideal para Bebés de 11 a 14.5 kilogramos., 58
Baby, Leche de Crecimiento para Niños de 1 a 2 años, Enfagrow Confort, Lata de 567 gramos, 23
Baby, "CeraVe Gel Limpiador Espumoso , 142
Baby, Nivea Sun Protector Facial Sensitive Fps 50+, 225
Baby, Munchkin Stay Put Suction Bowl, 3 Pack, 104
Baby, BBtips Sensitive, Unisex, Talla Mediana, 160 Pañales, 10
Baby, Mennen Shampoo Protección/Suavidad, 700 ml, 16
Baby, Pampers Overnight Pañales Etapa 3,  66 Piezas, 168
Baby, "CeraVe Limpiadora Hidratante , 94
Baby, Munchkin Click Lock Weighted Flexi Straw Trainer Cup, Orange, 7 Ounce, 2
Baby, Huggies UltraConfort Pañal Desechable para Bebé, Etapa 3, para Niños, una Caja con 200 Pañales Desechables, Ideal para Bebés de 7 a 10 kilogramos., 11
Baby, HUGGIES UltraConfort Pañal Desechable para Bebé, Etapa 6, para Niñas, una Caja con 200 Pañales Desechables, Ideal para Bebés de.más de 13.5 kilogramos, 21
Baby, "CeraVe Loción Hidratante de Rostro , 51
Baby, Hudson Baby Animal Face Hooded Towel, Alligator, One Size, 22
Baby, REBOZO FULAR ELASTICO 100% ALGODON PREMIUM BABY WRAP CON BOLSO DE VIAJE Y MANUAL PRECIO DE INTRODUCCION (GRIS OXFORD), 9
Baby, Vichy Tratamiento anti-imperfecciones Normaderm Phytosolution Doble-Corrección - Ácido Salicílico y Ácido Hialurónico, reduce imperfecciones e hidrata el rostro, para piel grasa o propensa al acné, 13
Baby, EMAGIE Portabebé Asiento de Cadera - Mochilas PortaBebé Ergonómico Portador de Bebé Ajustable Respirable Mochila Plegable Portátil Convertible Carrier Portabebés Hipseat Ligero y Seguro Asiento de Cintura para Bebés Niños Pequeños Recién Nacido 0-36 Meses(AZUL), 7
Baby, Enfagrow Premium Etapa 3 - Leche de Crecimiento para Niños mayores de 12 Meses, En Polvo, Paquete especial con 2 latas de 800 gramos cada una, el empaque puede variar, 119
Baby, Munchkin 6 piezas Lift Infant cucharas, 63
Baby, Fisher Price - Baby's Bouncer, Geo Meadow, 3
Baby, Enfamil Confort Premium - Fórmula Láctea Infantil para Lactantes de 0 a 12 meses, con Proteína Parcialmente Hidrolizada , Lata de 800 gramos, 8
Baby, Chicco Paste Dental Dentrifico 12m No Fluor, 5
Baby, Bio Baby Pañales, Talla XX Grande/6, 136 Pañales, 113
Baby, Chicolastic Classic, Toallas Húmedas para Bebé, 1440 Toallas, 25
Baby, BBtips Sensitive Pañales, Talla Recién Nacido/1, 160 Pañales, 28
Baby, A&D Zinc Oxide Diaper Cream, 4 OZ (113 g), 3
Baby, Cubrebocas con Válvula y 2 Filtros PM 2.5 (Aqua), 7
Baby, Memory Foam Colchón Cuna de Viaje Baby Travel Plegable, 3
Baby, Huggies Pull-Ups Calzoncitos Entrenadores para Niña, Talla Grande, 1 Paquete con 30 Calzoncitos Desechables, Ideal para niñas de entre 15 a 18 kg, 4
Baby, Munchkin Miracle 360 Vaso para niños, verde/azul, 295 ml, 2 unidades, 28
Baby, Fisher Price Ríe y Aprende Perrito Andadera de Aprendizaje, 4
Baby, Huggies All Around Pañal Desechable para Bebé, Etapa 5 Unisex, Paquete con 40 piezas, Ideal para bebés de 11 a 14.5 kg, 428
Baby, Huggies Eco Natural Pañal Ecológico para Bebé, Etapa 5 Unisex, Caja con 99 Piezas, Ideal para Bebés de 11 a 14.5 kg, 77
Baby, Huggies All Around Pañal Desechable para Bebé, Etapa 4 Unisex, Paquete con 40 piezas, Ideal para bebés de 9 a 12 kg, 197
Baby, Nivea Sun Protect & Refresh Spray Invisible Fps 50, 22
Baby, RabbitStorm Plato Para Bebe Silicon Succión Antideslizante con Ventosa Antivuelco Adherible para Niño o Niña con Divisiones (Azul Turquesa), 9
Baby, Enfagrow Premium Etapa 3 - Leche de Crecimiento para Niños mayores de 12 Meses, En Polvo, Paquete especial con 2 latas…, 401
Baby, Mustela Hydrabebé, Crema Corporal Hidratante para Bebé o Niño con Piel Normal, 500mL, 392
Baby, Pampers Overnight Pañales Etapa 3, 66 Piezas, 413
Baby, Mustela Mustela Gel De Baño Suave Para Cabello Y Cuerpo Piel Normal, color Blanco, 500 ml, pack of/paquete de, 305
Baby, Mustela Crema Contra Rozaduras 1-2-3 con Oxido de Zinc para Todo Tipo de Piel, 108 gr, 413
Baby, Huggies UltraConfort Pañal Desechable para Bebé, Etapa 4, para Niñas, una Caja con 200 Pañales Desechables, Ideal para…, 55
Baby, Huggies UltraConfort Pañal Desechable para Bebé, Etapa 5, para Niñas, una Caja con 200 Pañales Desechables, Ideal para…, 42
Baby, Mustela Mustela Shampoo Suave Para Piel Normal Libre De Jabón, color Multicolor, 500 ml, pack of/paquete de, 365
Baby, Sebami Extractor de Leche Electrico, Sacaleches Eléctrico extractor de leche electrico Extractor de Leche con botella de…, 57
Baby, Huggies UltraConfort Pañal Desechable para Bebé, Etapa 4, para Niños, una Caja con 200 Pañales Desechables, Ideal para…, 64
Baby, Huggies UltraConfort Pañal Desechable para Bebé, Etapa 3, para Niñas, una Caja con 200 Pañales Desechables, Ideal para…, 31
Baby, Nestle Nan 1 Optipro, 720 g, Pack of 1, 29
Baby, BEEWIES Premium Almohada Para Bebe de Elefante Muy Suave, Blando y Flexible de 65cm Para Usarse Como Juguetes Para Bebes…, 2
Baby, Cetaphil Baby Wash And Shampoo With Organic Calendula, 7.8 Ounce, 6
Baby, Vichy Tratamiento anti-imperfecciones Normaderm Phytosolution Doble-Corrección - Ácido Salicílico y Ácido Hialurónico…, 18
Baby, Leche de Crecimiento para Niños mayores de 12 Meses, Enfagrow Premium Etapa 3, En Polvo Paquete especial con 2 cajas de…, 40
Baby, Huggies UltraConfort Pañal Desechable para Bebé, Etapa 5, para Niños, una Caja con 200 Pañales Desechables, Ideal para…, 54
Baby, Huggies UltraConfort Pañal Desechable para Bebé, Etapa 5 Niña, Paquete con 40 Piezas, Ideal para niños de 11 a 14.5 kg, 164
Baby, Leche de Crecimiento para Niños mayores de 12 Meses, Enfagrow Premium Etapa 3, En Polvo Paquete especial con 2600 gramos…, 174
Baby, Mustela Mustela Loción Refrescante Para Bebé Y Niño Con Piel Normal A Base De Ingredientes Naturales, color, 200 ml…, 161
Baby, Chicco Pocket Snack Modmint Silla Elevada, Azul,, 17
Baby, Baby Dove Jabón líquido corporal humectación enriquecida 200 ml, 224
Baby, "Medela, 9
Baby, Leche de Crecimiento para Niños mayores de 3 años, Enfagrow Premium Etapa 4, Paquete especial de 2200 gramos, rinde 56…, 63
Baby, Mustela Gentle Shampoo, 1.04 Lb., 7
Baby, Nutramigen - Fórmula de continuación especializada para niños de 1 a 3 años, Lata de 357g, 4
Baby, Northstates - Puerta de Seguridad, Madera, 3
Baby, Baby Dove Crema Corporal Humectación Enriquecida, 200 ml, 5
Baby, Huggies Eco Natural Pañal Ecológico para Bebé, Etapa 4 Unisex, Caja con 99 Piezas, Ideal para Bebés de 9 a 12 kg, 14
Baby, Huggies UltraConfort Pañal Desechable para Bebé, Etapa 2, Género Unisex, una Caja con 240 Pañales Desechables, Ideal…, 12
Baby, Huggies Toallas Húmedas para Bebé Cuidado Relajante, 1440 Piezas, 15
Baby, Fórmula Láctea Infantil, Enfamil Premium Etapa 2 para Bebés de 6 a 12 meses, Paquete de 1.9 kg, 2
Baby, Philips AVENT Bolsas de almacenamiento de leche materna, transparente, 6 onzas, paquete de 50, 10
Baby, Enfagrow Premium 3 - Leche de Crecimiento para Niños mayores de 12 Meses En Polvo Sabor Vainilla Caja de 1,100 gramos, 3
Baby, Redlemon Plato para Bebé Antiderrapante de Silicón Grado Alimenticio, Libre de BPA, Seguro para Microondas, Incluye…, 60
Baby, Cerraduras de Seguridad para Niños - Seguros Flexibles con Pegamento para Bloquear el Acceso a Armarios, Gabinetes…, 3
Baby, Huggies Supreme Baby Kit Set de Regalo para Bebé,, 4
Baby, Fisher-Price Bañera Ballena Hora del Baño Juguete para bebés en etapa de desarrollo, 14
Baby, Huggies Ultraconfort, Pañal Desechable para Niña, Etapa 4, 40 piezas, 53
Baby, Huggies Ultraconfort, Pañales para Niña, Etapa 3, 40 piezas, 21
Baby, Philips Avent Extractor de leche manual SCF330/20, 50
Baby, Huggies Ultraconfort, Pañal Desechable para Niño, Etapa 4, 40 piezas, 17
Baby, Huggies Supreme Pañal Desechable para Bebé, Etapa 1 Unisex, Caja con 228 Piezas, Ideal para Bebés de 3 a 5.5 kg, 233
Baby, Munchkin - Asiento resistente para orinal, Verde, 126
Baby, Pampers Pañales Desechables Baby Dry, Talla 1, 174 Piezas, el empaque puede variar, 146
Baby, Enfagrow Enfagrow 3, 800 Gr, Leche De Crecimiento Para Niños Mayores De 12 Meses, Lata, Sabor Vainilla, Pack of 1…, 25
Baby, Enfamil Confort Premium - Fórmula Láctea Infantil para Lactantes de 0 a 12 meses, con Proteína Parcialmente Hidrolizada…, 13
Baby, Huggies Little Swimmers Calzoncito Desechable para Nadar, Talla Mediana Unisex, Paquete con 11 piezas, Ideal para bebés…, 17
Baby, KleenBebé Suavelastic Pañal Desechable para Bebé, Tamaño Recién Nacido Unisex, Paquete con 40 Piezas, Ideal para Bebés…, 2
Baby, Bepanthen - Pomada protectora contra rozaduras, 100 g, 3
Baby, 2/3/4 Piezas Gafas de Filtro de Luz Azul para Niños, Lentes Antirreflejos de Computadora Anteojos de Juego Antifatiga…, 22
Baby, Chicco Chicco Silla Elevada Pocket Snack Cherry, 3
Baby, Prince Lionheart - Calentador de toallitas con luz nocturna integrada Calentador de toallitas All Time Worldwide #1…, 3
Baby, Huggies UltraConfort Pañal Desechable para Bebé, Etapa 6, para Niños, una Caja con 200 Pañales Desechables, Ideal para…, 33
Baby, Mustela Hydrabebé, Crema Corporal Hidratante para Bebé o Niño con Piel Normal, 300mL, 77
Baby, Philips Avent Tetina Natural de Flujo Medio, 2 Packs, 4
Baby, Munchkin Miracle 360 Sippy Cup, Blue/Purple, 10 Ounce, 2 Count, 69
Baby, Advanced by Evenflo, Protectores para Lactancia, Paquete de 24 piezas, con Sistema Absorgel Antiescurrimientos, MEX, 105
Baby, Huggies Pull-Ups Calzoncitos Entrenadores para Niño, Talla Extragrande, 1 Paquete con 30 Calzoncitos Desechales, Ideal…, 4
Baby, Huggies UltraConfort Pañal Desechable para Bebé, Etapa 6 Niña, Caja con 200 Piezas, Ideal para niñas de más de 13.5 kg, 47
Baby, KleenBebé Movilastic Pañal Desechable para bebé, Talla Extra-Jumbo Unisex, Paquete con 40 Piezas, Ideal para Bebés de…, 92
Baby, Huggies UltraConfort Pañal Desechable para Bebé, Etapa 3, para Niños, una Caja con 200 Pañales Desechables, Ideal para…, 10
Baby, Carriola Safety 1st Smooth Ride, Sistema de viaje, Color Azul, 14
Baby, KleenBebé Movilastic Pañal Desechable para bebé, Talla Jumbo Unisex, Paquete con 40 Piezas, Ideal para Bebés de 11 a 14…, 14
Baby, Huggies Supreme Pañales, Etapa 2, 228 Pañales, 53
Baby, Huggies All Around Pañal Desechable para Bebé, Etapa 6 Unisex, Paquete con 40 piezas, Ideal para bebés de más de 13.5 kg, 75
Baby, Huggies Cuidado Puro, Toallitas Húmedas para Bebé, Paquete con 240 piezas (3 paquetes de 80 toallitas c/u), 75
Baby, Huggies UltraConfort Pañal Desechable para Bebé, Etapa 5 Niña, Caja con 200 Piezas, Ideal para Bebés de 11 a 14.5 kg, 30
Baby, Huggies UltraConfort Pañal Desechable para Bebé, Etapa 5 Niño, Caja con 200 Piezas, Ideal para niños de 11 a 14.5 kg, 28
Baby, Huggies UltraConfort Pañal Desechable para Bebé, Etapa 4 Niña, Caja con 200 Piezas, Ideal para niñas de 9 a 12 kg, 41
Baby, Huggies UltraConfort Pañal Desechable para Bebé, Etapa 6 Niño, Paquete con 40 Piezas, Ideal para niños de más de 13.5 kg, 59
Baby, Huggies UltraConfort Pañal Desechable para Bebé, Etapa 4 Niño, Caja con 200 Piezas, Ideal para niños de 9 a 12 kg, 75
Baby, Philips Avent Biberón, color, paquete de 1, 47
Baby, Huggies UltraConfort Pañal Desechable para Bebé, Etapa 3 Niña, Caja con 200 Piezas, Ideal para niñas de 7 a 10 kg, 33
Baby, Huggies Ultraconfort Pañal Desechable para Bebé, Etapa Recién Nacido - 1 Unisex, Paquete con 40 Piezas, Ideal para Bebés…, 24
Baby, Huggies UltraConfort Pañal Desechable para Bebé, Etapa 3 Niño, Caja con 200 Piezas, Ideal para niños de 7 a 10 kg, 22
Baby, Huggies UltraConfort Pañal Desechable para Bebé, Etapa 5 Niña, Caja con 200 Piezas, Ideal para niñas de 11 a 14.5 kg, 45
Baby, Huggies Supreme Protección Delicada, Toallitas Húmedas para Bebé, Caja con 1,440 Piezas (18 paquetes de 80 toallitas c/u…, 62
Baby, Huggies Supreme Pañal Desechable para Bebé, Etapa 6 Niña, Caja con 180 Piezas, Ideales para niñas de más de 13.5 kg, 21
Baby, Termómetro frontal para fiebre, termómetro digital sin contacto, Koogeek para adultos bebés y niños, con alarma…, 28
Baby, Bumkins Silicone Grip Dish, Azul, 30
Baby, Huggies Supreme Pañal Desechable para Bebé, Etapa Recién Nacido Unisex, Paquete con 38 Piezas, Ideal para Bebés de hasta…, 55
Baby, Lysol Desinfectante Aerosol Lavender Breeze, 354 g, 49
Baby, Huggies Supreme Pañal Desechable para Bebé, Etapa 6 Niño, Caja con 180 Piezas, Ideales para niños de más de 13.5 kg, 16
Baby, Leche de Crecimiento para Niños mayores de 12 Meses, Enfagrow Premium Etapa 3, 6 cajas de 1.1 kg cada una, 22
Baby, Mustela Mustela Solución Limpiadora Sin Enjuague Para Piel Normal, color, 300 ml, pack of/paquete de, 6
Baby, Huggies UltraConfort Pañal Desechable para Bebé, Etapa 6 Niño, Caja con 200 Piezas, Ideal para niños de más de 13.5 kg, 13
Baby, Evenflo Vaso Entrenador Toddler 360°, Vaso con Cubierta Protectora Sin Derrames y Libre de BPA, Ideal para bebés de 9…, 23
Baby, Mustela Fluido Protector Solar Corporal, Alta Protección para Todo Tipo de Piel, 100 ml, 7
Baby, Mustela Musti Eau de Soin Spray, Baby Cologne and Perfume, Alcohol-Free Fragrance, Citrus and Floral, Single-Pack or…, 14
Baby, Huggies UltraConfort Pañal Desechable para Bebé, Etapa 5 Niña, Caja con 40 Piezas, Ideal para niñas de 11 a 14.5 kg, 22
Baby, Kleenbebé Suavelastic Toallitas Húmedas para Bebé, Paquete con 200 piezas (2 paquetes de 100 toallitas c/u), 27
Baby, Huggies Supreme Pañal Desechable para Bebé, Etapa 2 Unisex, Caja con 228 Piezas, Ideal para Bebés de 5 a 7.5 kg, 26
Baby, Munchkin Miracle 360 Trainer Cup, Orange, 7 Ounce, 2 Count, 15
Baby, Huggies UltraConfort Pañal Desechable para Bebé, Etapa 6 Niña, Paquete con 40 Piezas, Ideal para niñas de más de 13.5 kg, 12
Baby, Redlemon Plato para Bebé Antiderrapante y Adherible, de Silicón con Divisiones para Alimentos, con Ventosas de Succión, Fácil de Limpiar, Libre de BPA, Incluye Cubiertos Sensibles al Calor. Rosa, 1
Baby, ChoiceRefill Compatible with Diaper Genie Pails, 4-Pack, 1080 Count, 1
Baby, Disney Baby Winnie The Pooh Bouncer, 1
Baby, Huggies Little Swimmers, Pañal para Nadar,  Pequeño, 12 Piezas, 1
Baby, Fular elástico/Baby wrap (portabebés), rebozo para múltiples amarrados y posiciones, 100% algodón respirable con spandex, para bebés de 0 a 15 kg (rosa), 1
Baby, KleenBebé Suavelastic Pañal Desechable para Bebé, Tamaño Recién Nacido Unisex, Paquete con 40 Piezas, Ideal para Bebés…, 2
Baby, Fórmula Láctea Infantil, Enfamil Premium Etapa 2 para Bebés de 6 a 12 meses, Paquete de 1.9 kg, 2
Baby, BEEWIES Premium Almohada Para Bebe de Elefante Muy Suave, Blando y Flexible de 65cm Para Usarse Como Juguetes Para Bebes…, 2
Baby, Munchkin Click Lock Weighted Flexi Straw Trainer Cup, Orange, 7 Ounce, 2
Baby, Huggies Pull-Ups Calzoncitos Entrenadores para Niño, Talla Grande, 1 Paquete con 30 Calzoncitos Desechables, Ideal para niños de entre 15 a 18 kg, 2
Baby, Prince Lionheart - Calentador de toallitas con luz nocturna integrada Calentador de toallitas All Time Worldwide #1…, 3
Baby, Chicco Chicco Silla Elevada Pocket Snack Cherry, 3
Baby, Bepanthen - Pomada protectora contra rozaduras, 100 g, 3
Baby, Cerraduras de Seguridad para Niños - Seguros Flexibles con Pegamento para Bloquear el Acceso a Armarios, Gabinetes…, 3
Baby, Enfagrow Premium 3 - Leche de Crecimiento para Niños mayores de 12 Meses En Polvo Sabor Vainilla Caja de 1,100 gramos, 3
Baby, Northstates - Puerta de Seguridad, Madera, 3
Baby, Memory Foam Colchón Cuna de Viaje Baby Travel Plegable, 3
Baby, A&D Zinc Oxide Diaper Cream, 4 OZ (113 g), 3
Baby, Fisher Price - Baby's Bouncer, Geo Meadow, 3
Baby, Philips Avent Natural - Juego de biberones para bebé, color morado, Viejo, Rosado, 3
Baby, Huggies Pull-Ups Calzoncitos Entrenadores para Niño, Talla Extragrande, 1 Paquete con 30 Calzoncitos Desechales, Ideal…, 4
Baby, Philips Avent Tetina Natural de Flujo Medio, 2 Packs, 4
Baby, Huggies Supreme Baby Kit Set de Regalo para Bebé,, 4
Baby, Nutramigen - Fórmula de continuación especializada para niños de 1 a 3 años, Lata de 357g, 4
Baby, Fisher Price Ríe y Aprende Perrito Andadera de Aprendizaje, 4
Baby, Huggies Pull-Ups Calzoncitos Entrenadores para Niña, Talla Grande, 1 Paquete con 30 Calzoncitos Desechables, Ideal para niñas de entre 15 a 18 kg, 4
Baby, Disney Baby Winnie The Pooh Bouncer, Dots y Hunny Pots, 4
Baby, Baby Dove Crema Corporal Humectación Enriquecida, 200 ml, 5
Baby, Chicco Paste Dental Dentrifico 12m No Fluor, 5
Baby, Huggies Eco Natural, Pañales Ecológicos para Bebé, Etapa 4, Paquete de 99, 5
Baby, Mustela Mustela Solución Limpiadora Sin Enjuague Para Piel Normal, color, 300 ml, pack of/paquete de, 6
Baby, Cetaphil Baby Wash And Shampoo With Organic Calendula, 7.8 Ounce, 6
Baby, Ingenuity Trio 3-in-1 High Chair - Bryant - High Chair, Toddler Chair, and Booster, 6
Baby, Mustela Fluido Protector Solar Corporal, Alta Protección para Todo Tipo de Piel, 100 ml, 7
Baby, Mustela Gentle Shampoo, 1.04 Lb., 7
Baby, Cubrebocas con Válvula y 2 Filtros PM 2.5 (Aqua), 7
Baby, EMAGIE Portabebé Asiento de Cadera - Mochilas PortaBebé Ergonómico Portador de Bebé Ajustable Respirable Mochila Plegable Portátil Convertible Carrier Portabebés Hipseat Ligero y Seguro Asiento de Cintura para Bebés Niños Pequeños Recién Nacido 0-36 Meses(AZUL), 7
Baby, Tommee Tippee Closer to Nature Tetinas de Flujo Moderado, 2 Piezas, 7
Baby, Enfamil Confort Premium - Fórmula Láctea Infantil para Lactantes de 0 a 12 meses, con Proteína Parcialmente Hidrolizada , Lata de 800 gramos, 8
Baby, Chicco Pocket Snack Booster Seat, Grey, 8
Baby, Leche de Crecimiento para Niños mayores de 12 Meses, Enfagrow Premium Etapa 3, En Polvo Paquete especial con 2 cajas de 1100  gramos cada una, 8
Baby, "Medela, 9
Baby, RabbitStorm Plato Para Bebe Silicon Succión Antideslizante con Ventosa Antivuelco Adherible para Niño o Niña con Divisiones (Azul Turquesa), 9
Baby, REBOZO FULAR ELASTICO 100% ALGODON PREMIUM BABY WRAP CON BOLSO DE VIAJE Y MANUAL PRECIO DE INTRODUCCION (GRIS OXFORD), 9
Baby, Redlemon Plato para Bebé Antiderrapante y Adherible, de Silicón con Divisiones para Alimentos, con Ventosas de Succión, Fácil de Limpiar, Libre de BPA, Incluye Cubiertos Sensibles al Calor. Azul, 9
Baby, Huggies UltraConfort Pañal Desechable para Bebé, Etapa 3, para Niños, una Caja con 200 Pañales Desechables, Ideal para…, 10
Baby, Philips AVENT Bolsas de almacenamiento de leche materna, transparente, 6 onzas, paquete de 50, 10
Baby, BBtips Sensitive, Unisex, Talla Mediana, 160 Pañales, 10
Baby, Huggies UltraConfort Pañal Desechable para Bebé, Etapa 5, para Niños, una Caja con 200 Pañales Desechables, Ideal para Bebés de 11 a 14.5 kilogramos., 10
Baby, Huggies UltraConfort Pañal Desechable para Bebé, Etapa 3, para Niños, una Caja con 200 Pañales Desechables, Ideal para Bebés de 7 a 10 kilogramos., 11
Baby, Huggies UltraConfort Pañal Desechable para Bebé, Etapa 6 Niña, Paquete con 40 Piezas, Ideal para niñas de más de 13.5 kg, 12
Baby, Huggies UltraConfort Pañal Desechable para Bebé, Etapa 2, Género Unisex, una Caja con 240 Pañales Desechables, Ideal…, 12
Baby, Luvable Friends 7 Piece Flannel Receiving Blanket, Basic Elephant, One Size, 12
Baby, Huggies UltraConfort Pañal Desechable para Bebé, Etapa 6 Niño, Caja con 200 Piezas, Ideal para niños de más de 13.5 kg, 13
Baby, Enfamil Confort Premium - Fórmula Láctea Infantil para Lactantes de 0 a 12 meses, con Proteína Parcialmente Hidrolizada…, 13
Baby, Vichy Tratamiento anti-imperfecciones Normaderm Phytosolution Doble-Corrección - Ácido Salicílico y Ácido Hialurónico, reduce imperfecciones e hidrata el rostro, para piel grasa o propensa al acné, 13
Baby, Mustela Musti Eau de Soin Spray, Baby Cologne and Perfume, Alcohol-Free Fragrance, Citrus and Floral, Single-Pack or…, 14
Baby, KleenBebé Movilastic Pañal Desechable para bebé, Talla Jumbo Unisex, Paquete con 40 Piezas, Ideal para Bebés de 11 a 14…, 14
Baby, Carriola Safety 1st Smooth Ride, Sistema de viaje, Color Azul, 14
Baby, Fisher-Price Bañera Ballena Hora del Baño Juguete para bebés en etapa de desarrollo, 14
Baby, Huggies Eco Natural Pañal Ecológico para Bebé, Etapa 4 Unisex, Caja con 99 Piezas, Ideal para Bebés de 9 a 12 kg, 14
Baby, Colgate My First Gel Dental sin Flúor, 0 a 2 Años, 14
Baby, Munchkin Miracle 360 Trainer Cup, Orange, 7 Ounce, 2 Count, 15
Baby, Huggies Toallas Húmedas para Bebé Cuidado Relajante, 1440 Piezas, 15
Baby, Huggies Supreme Pañal Desechable para Bebé, Etapa 6 Niño, Caja con 180 Piezas, Ideales para niños de más de 13.5 kg, 16
Baby, Mennen Shampoo Protección/Suavidad, 700 ml, 16
Baby, Enfagrow Premium Etapa 3 Leche de Crecimiento en Polvo para Niños mayores de 12 Meses, 1.1Kg, 16
Baby, Bright Starts Mordedor De Felpa, Modelos Aleatorios, 1 unidad, 16
Baby, Huggies Little Swimmers Calzoncito Desechable para Nadar, Talla Mediana Unisex, Paquete con 11 piezas, Ideal para bebés…, 17
Baby, Huggies Ultraconfort, Pañal Desechable para Niño, Etapa 4, 40 piezas, 17
Baby, Chicco Pocket Snack Modmint Silla Elevada, Azul,, 17
Baby, Vichy Tratamiento anti-imperfecciones Normaderm Phytosolution Doble-Corrección - Ácido Salicílico y Ácido Hialurónico…, 18
Baby, Leche de Crecimiento para Niños mayores de 12 Meses, Enfagrow Premium Etapa 3, En Polvo Paquete especial con 2600 gramos, rinde 67 días, 19
Baby, Huggies Supreme Pañal Desechable para Bebé, Etapa 6 Niña, Caja con 180 Piezas, Ideales para niñas de más de 13.5 kg, 21
Baby, Huggies Ultraconfort, Pañales para Niña, Etapa 3, 40 piezas, 21
Baby, HUGGIES UltraConfort Pañal Desechable para Bebé, Etapa 6, para Niñas, una Caja con 200 Pañales Desechables, Ideal para Bebés de.más de 13.5 kilogramos, 21
Baby, Mustela Pack Rutina Baño - Piel Atópica, Paquete De 2, 21
Baby, Huggies UltraConfort Pañal Desechable para Bebé, Etapa 5 Niña, Caja con 40 Piezas, Ideal para niñas de 11 a 14.5 kg, 22
Baby, Leche de Crecimiento para Niños mayores de 12 Meses, Enfagrow Premium Etapa 3, 6 cajas de 1.1 kg cada una, 22
Baby, Huggies UltraConfort Pañal Desechable para Bebé, Etapa 3 Niño, Caja con 200 Piezas, Ideal para niños de 7 a 10 kg, 22
Baby, 2/3/4 Piezas Gafas de Filtro de Luz Azul para Niños, Lentes Antirreflejos de Computadora Anteojos de Juego Antifatiga…, 22
Baby, Nivea Sun Protect & Refresh Spray Invisible Fps 50, 22
Baby, Hudson Baby Animal Face Hooded Towel, Alligator, One Size, 22
Baby, Evenflo Vaso Entrenador Toddler 360°, Vaso con Cubierta Protectora Sin Derrames y Libre de BPA, Ideal para bebés de 9…, 23
Baby, Leche de Crecimiento para Niños de 1 a 2 años, Enfagrow Confort, Lata de 567 gramos, 23
Baby, Sonajas Y Mordederas Fisher-Price Mordedera De Pizza, 23
Baby, Huggies Ultraconfort Pañal Desechable para Bebé, Etapa Recién Nacido - 1 Unisex, Paquete con 40 Piezas, Ideal para Bebés…, 24
Baby, Leche de Crecimiento para Niños mayores de 3 años, Enfagrow Premium Etapa 4, Paquete especial de 2200 gramos, rinde 56 días, 24
Baby, Enfagrow Enfagrow 3, 800 Gr, Leche De Crecimiento Para Niños Mayores De 12 Meses, Lata, Sabor Vainilla, Pack of 1…, 25
Baby, Chicolastic Classic, Toallas Húmedas para Bebé, 1440 Toallas, 25
Baby, Huggies Supreme Pañal Desechable para Bebé, Etapa 2 Unisex, Caja con 228 Piezas, Ideal para Bebés de 5 a 7.5 kg, 26
Baby, Kleenbebé Suavelastic Toallitas Húmedas para Bebé, Paquete con 200 piezas (2 paquetes de 100 toallitas c/u), 27
Baby, Termómetro frontal para fiebre, termómetro digital sin contacto, Koogeek para adultos bebés y niños, con alarma…, 28
Baby, Huggies UltraConfort Pañal Desechable para Bebé, Etapa 5 Niño, Caja con 200 Piezas, Ideal para niños de 11 a 14.5 kg, 28
Baby, Munchkin Miracle 360 Vaso para niños, verde/azul, 295 ml, 2 unidades, 28
Baby, BBtips Sensitive Pañales, Talla Recién Nacido/1, 160 Pañales, 28
Baby, Nestle Nan 1 Optipro, 720 g, Pack of 1, 29
Baby, Bumkins Silicone Grip Dish, Azul, 30
Baby, Huggies UltraConfort Pañal Desechable para Bebé, Etapa 5 Niña, Caja con 200 Piezas, Ideal para Bebés de 11 a 14.5 kg, 30
Baby, Huggies UltraConfort Pañal Desechable para Bebé, Etapa 3, para Niñas, una Caja con 200 Pañales Desechables, Ideal para…, 31
Baby, Huggies Ultraconfort, Pañal Desechable para Niña, Etapa 5, 40 piezas, 32
Baby, Huggies UltraConfort Pañal Desechable para Bebé, Etapa 3 Niña, Caja con 200 Piezas, Ideal para niñas de 7 a 10 kg, 33
Baby, Huggies UltraConfort Pañal Desechable para Bebé, Etapa 6, para Niños, una Caja con 200 Pañales Desechables, Ideal para…, 33
Baby, Plato de silicona,Sebami plato de silicona,Platos de Silicona Alimentaria con ventosa para colocar en la mesa Seguro Para Microndas (Azul), 37
Baby, Huggies UltraConfort Pañal Desechable para Bebé, Etapa 3, para Niñas, una Caja con 200 Pañales Desechables, Ideal para Bebés de 7 a 10 kilogramos., 37
Baby, BBtips Sensitive Pañales, Talla Chica/2, 160 Pañales, 38
Baby, Leche de Crecimiento para Niños mayores de 12 Meses, Enfagrow Premium Etapa 3, En Polvo Paquete especial con 2 cajas de…, 40
Baby, Huggies UltraConfort Pañal Desechable para Bebé, Etapa 4 Niña, Caja con 200 Piezas, Ideal para niñas de 9 a 12 kg, 41
Baby, Huggies UltraConfort Pañal Desechable para Bebé, Etapa 5, para Niñas, una Caja con 200 Pañales Desechables, Ideal para…, 42
Baby, Huggies UltraConfort Pañal Desechable para Bebé, Etapa 5 Niña, Caja con 200 Piezas, Ideal para niñas de 11 a 14.5 kg, 45
Baby, Philips Avent Biberón, color, paquete de 1, 47
Baby, Huggies UltraConfort Pañal Desechable para Bebé, Etapa 6 Niña, Caja con 200 Piezas, Ideal para niñas de más de 13.5 kg, 47
Baby, Huggies UltraConfort Pañal Desechable para Bebé, Etapa 6, para Niños, una Caja con 200 Pañales Desechables, Ideal para Bebés de más de 13.5 kilogramos., 47
Baby, Lysol Desinfectante Aerosol Lavender Breeze, 354 g, 49
Baby, Munchkin White Hot Cucharas para Bebé, 4 Unidades, 49
Baby, Philips Avent Extractor de leche manual SCF330/20, 50
Baby, "CeraVe Loción Hidratante de Rostro , 51
Baby, Huggies Supreme Pañales, Etapa 2, 228 Pañales, 53
Baby, Huggies Ultraconfort, Pañal Desechable para Niña, Etapa 4, 40 piezas, 53
Baby, Bio Baby Pañales, Talla Chica/2, 160 Pañales, 53
Baby, Huggies UltraConfort Pañal Desechable para Bebé, Etapa 5, para Niños, una Caja con 200 Pañales Desechables, Ideal para…, 54
Baby, Termómetro para adultos bebé, termómetro digital oral, visualización grande LED, termómetro de temperatura corporal con función de alarma de fiebre y memoria, apto para cavidad oral, axila, recto., 54
Baby, KleenBebé Movilastic, Pañal Autoajustable Unisex Extra Jumbo, 40 Piezas, 54
Baby, Huggies Supreme Pañal Desechable para Bebé, Etapa Recién Nacido Unisex, Paquete con 38 Piezas, Ideal para Bebés de hasta…, 55
Baby, Huggies UltraConfort Pañal Desechable para Bebé, Etapa 4, para Niñas, una Caja con 200 Pañales Desechables, Ideal para…, 55
Baby, Evenflo Sweet Dreams LX Color Azul, Cuna de Viaje MEX, 56
Baby, Sebami Extractor de Leche Electrico, Sacaleches Eléctrico extractor de leche electrico Extractor de Leche con botella de…, 57
Baby, Philips Avent Bolsas almacenadoras para leche materna SCF603/25, 57
Baby, Huggies UltraConfort Pañal Desechable para Bebé, Etapa 5, para Niñas, una Caja con 200 Pañales Desechables, Ideal para Bebés de 11 a 14.5 kilogramos., 58
Baby, Huggies UltraConfort Pañal Desechable para Bebé, Etapa 6 Niño, Paquete con 40 Piezas, Ideal para niños de más de 13.5 kg, 59
Baby, Redlemon Plato para Bebé Antiderrapante de Silicón Grado Alimenticio, Libre de BPA, Seguro para Microondas, Incluye…, 60
Baby, Huggies Supreme Protección Delicada, Toallitas Húmedas para Bebé, Caja con 1,440 Piezas (18 paquetes de 80 toallitas c/u…, 62
Baby, Leche de Crecimiento para Niños mayores de 3 años, Enfagrow Premium Etapa 4, Paquete especial de 2200 gramos, rinde 56…, 63
Baby, Munchkin 6 piezas Lift Infant cucharas, 63
Baby, Huggies UltraConfort Pañal Desechable para Bebé, Etapa 4, para Niños, una Caja con 200 Pañales Desechables, Ideal para…, 64
Baby, Munchkin Miracle 360 Sippy Cup, Blue/Purple, 10 Ounce, 2 Count, 69
Baby, Huggies UltraConfort Pañal Desechable para Bebé, Etapa 4 Niño, Caja con 200 Piezas, Ideal para niños de 9 a 12 kg, 75
Baby, Huggies Cuidado Puro, Toallitas Húmedas para Bebé, Paquete con 240 piezas (3 paquetes de 80 toallitas c/u), 75
Baby, Huggies All Around Pañal Desechable para Bebé, Etapa 6 Unisex, Paquete con 40 piezas, Ideal para bebés de más de 13.5 kg, 75
Baby, Mustela Hydrabebé, Crema Corporal Hidratante para Bebé o Niño con Piel Normal, 300mL, 77
Baby, Huggies Eco Natural Pañal Ecológico para Bebé, Etapa 5 Unisex, Caja con 99 Piezas, Ideal para Bebés de 11 a 14.5 kg, 77
Baby, Shampoo suave cabello normal y delicado, piel normal, 500 ml., 78
Baby, Termómetro Infrarrojo Digital Termómetro de Cuerpo sin Contacto Pistola Digital para medir Temperatura, 88
Baby, KleenBebé Movilastic Pañal Desechable para bebé, Talla Extra-Jumbo Unisex, Paquete con 40 Piezas, Ideal para Bebés de…, 92
Baby, Dispositivo De Medición De Temperatura Sin Contacto De La Pistola De Temperatura Sin Contacto De Termomete Digital Para Bebés/adultos, 93
Baby, "CeraVe Limpiadora Hidratante , 94
Baby, Huggies Supreme - Pañales, Unisex, Etapa Recién Nacido, 38 Piezas, 98
Baby, KleenBebé Suavelastic, Ahorrapack, 200 Toallitas, 98
Baby, Leche de Crecimiento para Niños mayores de 12 Meses, Enfagrow Premium Etapa 3, En Polvo Paquete especial con 2 cajas de 1100 gramos cada una, 101
Baby, Munchkin Stay Put Suction Bowl, 3 Pack, 104
Baby, Advanced by Evenflo, Protectores para Lactancia, Paquete de 24 piezas, con Sistema Absorgel Antiescurrimientos, MEX, 105
Baby, Huggies Eco Natural, Pañales Ecológicos para Bebé, Etapa 5, Paquete de 99, 108
Baby, Bio Baby Pañales, Talla XX Grande/6, 136 Pañales, 113
Baby, "Safety 1st 41817 Easy Fit Puerta De Seguridad, Expande de 28 "" a 40""", 115
Baby, Huggies UltraConfort Pañal Desechable para Bebé, Etapa 4, para Niñas, una Caja con 200 Pañales Desechables, Ideal para Bebés de 9 a 12 kilogramos., 115
Baby, Enfagrow Premium Etapa 3 - Leche de Crecimiento para Niños mayores de 12 Meses, En Polvo, Paquete especial con 2 latas de 800 gramos cada una, el empaque puede variar, 119
Baby, Mommy's Helper Tapones de Seguridad Para Enchufes, 36 Unidades, 121
Baby, Munchkin - Asiento resistente para orinal, Verde, 126
Baby, Oral B Stages Cepillo Dental Infantil con personajes de Winnie the Pooh, 0-2 años, Modelos surtidos, 1 pieza, 130
Baby, Huggies UltraConfort Pañal Desechable para Bebé, Etapa 4, para Niños, una Caja con 200 Pañales Desechables, Ideal para Bebés de 9 a 12 kilogramos., 135
Baby, "CeraVe Gel Limpiador Espumoso , 142
Baby, Pampers Pañales Desechables Baby Dry, Talla 1, 174 Piezas, el empaque puede variar, 146
Baby, Mustela Mustela Loción Refrescante Para Bebé Y Niño Con Piel Normal A Base De Ingredientes Naturales, color, 200 ml…, 161
Baby, Huggies UltraConfort Pañal Desechable para Bebé, Etapa 5 Niña, Paquete con 40 Piezas, Ideal para niños de 11 a 14.5 kg, 164
Baby, Philips Avent Biberones para Niño, color Azul, 165
Baby, Pampers Overnight Pañales Etapa 3,  66 Piezas, 168
Baby, Huggies Ultraconfort, Pañal Desechable para Niña, Etapa 6, 40 piezas, 168
Baby, Leche de Crecimiento para Niños mayores de 12 Meses, Enfagrow Premium Etapa 3, En Polvo Paquete especial con 2600 gramos…, 174
Baby, Waterwipes Waterwipes 720 Piezas, Color Blanco, 12 Count, Pack Of/Paquete De 12, 178
Baby, Luvable Friends Toalla con capucha y 5 paños, 05249-Ballena, Ballena (Whale), Una talla, 178
Baby, Huggies Ultraconfort, Pañal Desechable para Niño, Etapa 5, 40 piezas, 188
Baby, Mustela Crema Contra Rozaduras 123, 108 g, 188
Baby, Dr. Brown's - Bolsa de almacenamiento para leche materna, Marrón, 50 Unidades, 189
Baby, Huggies All Around Pañal Desechable para Bebé, Etapa 4 Unisex, Paquete con 40 piezas, Ideal para bebés de 9 a 12 kg, 197
Baby, Enfagrow Premium Etapa 3 - Leche de Crecimiento para Niños mayores de 12 Meses,  En Polvo, Paquete especial con 2 latas de 800 gramos cada una, el empaque puede variar, 198
Baby, Huggies All Around, Pañales Unisex, Etapa 4, 40 Piezas, 205
Baby, Colgate Gel Dental Smiles Minions para Niños, Sabor Bubble Fruit, 75 ml, 212
Baby, Baby Dove Jabón líquido corporal humectación enriquecida 200 ml, 224
Baby, Nivea Sun Protector Facial Sensitive Fps 50+, 225
Baby, Mustela Jabón Líquido para Piel Normal, 500 ml, 230
Baby, Huggies Supreme Pañal Desechable para Bebé, Etapa 1 Unisex, Caja con 228 Piezas, Ideal para Bebés de 3 a 5.5 kg, 233
Baby, Sebami Extractor de Leche Electrico, Sacaleches Eléctrico extractor de leche electrico Extractor de Leche con botella de almacenamiento de leche para Madre novicia (Con Cojín de Calor Frío), 234
Baby, Huggies Supreme, Niña, Etapa 3, 180 Pañales, 275
Baby, Kleenbebé Suavelastic Toallitas Húmedas, Aroma Coco, 600 Toallitas, Pack of 1, 279
Baby, Pañales Bio Baby Talla 5 Extra Grande Unisex, 136 piezas, 300
Baby, Huggies All Around, Pañales Unisex, Etapa 5, 40 Piezas, 302
Baby, Mustela Mustela Gel De Baño Suave Para Cabello Y Cuerpo Piel Normal, color Blanco, 500 ml, pack of/paquete de, 305
Baby, Mustela Crema Corporal Hidratante para Piel Normal, 500 ml, 317
Baby, Chicco Set de Cepillo y Peine, Azul, 345
Baby, Philips AVENT SCF190/03 chupon para niño - Chupete, 351
Baby, Mustela Mustela Shampoo Suave Para Piel Normal Libre De Jabón, color Multicolor, 500 ml, pack of/paquete de, 365
Baby, Pampers Pañales Desechables Baby Dry, Talla 1, 174 Piezas, 389
Baby, Mustela Hydrabebé, Crema Corporal Hidratante para Bebé o Niño con Piel Normal, 500mL, 392
Baby, Bright Starts Snuggle & Teethe Plush Teether - Elephant, Ages Newborn +, 396
Baby, , 400
Baby, Enfagrow Premium Etapa 3 - Leche de Crecimiento para Niños mayores de 12 Meses, En Polvo, Paquete especial con 2 latas…, 401
Baby, Mustela Crema Contra Rozaduras 1-2-3 con Oxido de Zinc para Todo Tipo de Piel, 108 gr, 413
Baby, Pampers Overnight Pañales Etapa 3, 66 Piezas, 413
Baby, Huggies All Around Pañal Desechable para Bebé, Etapa 5 Unisex, Paquete con 40 piezas, Ideal para bebés de 11 a 14.5 kg, 428
Baby, Huggies Supreme, Niña, Etapa 6, 180 Pañales, 447
Baby, BBtips Sensitive Pañales, Talla XXL Grande/7, 160 Pañales, 451
Baby, Pañales BioBaby Talla 4 Grande Unisex, 152 piezas, 458
Baby, Baoblaze Termómetro IR Multipropósito para Temperatura Corporal 32 Datos de Memoria, 486
Baby, Huggies Ultraconfort, Pañal Desechable para Niño, Etapa 6, 40 piezas, 489
Baby, Huggies Supreme, Unisex, Etapa 1, 228 Pañales, 491
Baby, Huggies Supreme, Niña, Etapa 4, 180 Pañales, 498
Baby, Termómetro de No Contacto para Bebés, con Alarmas de Alta Temperatura- Sonolife, 501
Baby, Bio Baby Toallitas Húmeda, 12 paquetes con 80 piezas, 960 toallitas, 555
Baby, Pañales, Huggies Supreme, Niño, Etapa 6, 180 Pañales, 559
Baby, Huggies Ultraconfort Unisex Etapa Recién Nacido y Etapa 1 Pañales, Paquete De 40, 564
Baby, Advanced by Evenflo, Protectores para Lactancia, 24 piezas, Lactancia, MEX, 579
Baby, BBtips Sensitive Pañales, Talla XX Grande/6, 160 Pañales, 600
Baby, Huggies Supreme Pure & Natural Toallitas Húmedas, 1,440 Piezas, 18 Paquetes con 80 toallitas c/u, 633
Baby, Zuum Baby, Esponja Natural Cajilla, 633
Baby, Chicco PhysioClean Aspiradora Nasal, 642
Baby, Huggies Supreme, Pañales para Niño, Etapa 4, 180 unidades, 649
Baby, Huggies Supreme - Pañales Unisex, Etapa 2, 228 Unidades, 651
Baby, Huggies Supreme, Niño, Etapa 3, 180 Pañales, 654
Baby, Huggies All Around - Pañales, Unisex, Etapa 6, 40 Piezas, 655
Baby, Huggies Cuidado Puro, Toallitas Húmedas para Bebé, 3 paquetes con 80 toallitas cada una, el embalaje puede variar, 655
Baby, Huggies Supreme, Niña, Etapa 5, 180 Pañales, 662
Baby, Bio Baby Pañales, Talla Mediana/3, 152 Pañales, 678
Baby, Playtex Diaper Genie Refill (Paquete de 1), 697
Baby, Munchkin Miracle 360 - Taza de entrenamiento, color verde y azul, Rosado/Púrpura, 715
Baby, Playtex Genie - Bolsas de recambio para pañales, Multicolor, 810 Count, 730
Baby, BBtips Sensitive Toallitas Húmedas, Caja con 12 paquetes x 100 piezas, 1200 toallitas, 730
Baby, Huggies Supreme, Niño, Etapa 5, 180 Pañales, 730
Baby, BBtips Sensitive Pañales, Talla Grande/4, 132 Pañales, 730
Baby, Huggies Toallitas Húmedas, Cuidado Hidratante Y Cuidado Natural, 560 Toallitas, Pack of 1, 730
Baby, BBtips Sensitive Pañales, Talla Extra Grande/5, 124 Pañales, 730
Baby, Pampers Swaddlers Pañales Desechables Recién Nacido, Talla 1 (4 - 6 Kg ), Pack gigante- 140 Piezas, 730
Baby, Escudo Antibacterial Toallitas Húmedas, 1 Paquete con 50 Toallitas, Protección y Limpieza para tu Piel, 730
Baby, Termometro infrarrojo de Grado Medico Berrcom JXB-178, 730
