Digital-text, Bajo la oscuridad de Ayacame: Una historia de crimen y misterio, 27
Digital-text, La Divina Comedia : el infierno, el purgatorio y el paraíso, 709
Digital-text, De Cero a Inversionista: Domina el juego del dinero, 708
Digital-text, Los 9 pasos para lograr Relaciones Estables: La Técnica de los Vasos, 36
Digital-text, Enfermedades Cardiovasculares, 65
Digital-text, Deja de ser tú (Crecimiento personal), 708
Digital-text, La viajera del tiempo, 709
Digital-text, El sutil arte de que te importe un caraj*: Un enfoque disruptivo para vivir una buena vida, 663
Digital-text, 50 Obras Maestras Que Debes Leer Antes De Morir: Vol. 1, 708
Digital-text, Harry Potter y la piedra filosofal, 708
Digital-text, Los cuatro acuerdos: Un libro de sabiduría tolteca (Crecimiento personal), 708
Digital-text, Nuestras Mejores Recetas: Edición Salsas, 138
Digital-text, El enigma de la habitación 622, 546
Digital-text, Inteligencia Emocional 2.0: 6 libros - Cómo Analizar a las Personas, Autodisciplina para el Éxito, Eliminar el Estrés, Autoconfianza y Autoestima, Manipulación ... (Mindfulness Descongestiona tu mente nº 7), 267
Digital-text, Hermana, date cuenta: No es revolución, es negocio, 82
Digital-text, El último Catón, 15
Digital-text, Una noche sin dormir (Una noche sin dormr nº 1), 43
Digital-text, Midnight Sun (English Edition), 296
Digital-text, El cerebro del niño: 12 estrategias revolucionarias para cultivar la mente en desarrollo de tu hijo (Educación), 664
Digital-text, Harry Potter y la cámara secreta, 661
Digital-text, La vida y la muerte me están desgastando (BOLSILLO), 15
Digital-text, El hombre en busca de sentido, 478
Digital-text, Brujas literarias, 8
Digital-text, La sombra de la sirena (Los crímenes de Fjällbacka nº 6), 8
Digital-text, Salvar el fuego, 696
Digital-text, La Sombra del Viento, 84
Digital-text, Tu historia, tu faro : Un camino para reconciliarte con tu pasado., 62
Digital-text, 50 Obras Maestras Que Debes Leer Antes De Morir: Vol. 3, 596
Digital-text, La bailarina de Auschwitz (Edición mexicana): Una inspiradora historia de valentía y supervivencia, 526
Digital-text, La Aleatoridad de la vida en la compuadora (Serie nº 1), 1
Digital-text, Inversiones con Mercado Pago: Como invertir a través de Mercado Pago, 54
Digital-text, Los Juegos del Hambre. Balada de pájaros cantores y serpientes, 36
Digital-text, Sapiens. De animales a dioses: Una breve historia de la humanidad, 604
Digital-text, Diseño de una micro red, 32
Digital-text, Anne Of Green Gables Complete 8 Book Set (English Edition), 283
Digital-text, Harry Potter y el prisionero de Azkaban, 602
Digital-text, Pedro Páramo, 459
Digital-text, Mapas litofacies, 18
Digital-text, Sol de Medianoche (Saga Crepúsculo 5), 697
Digital-text, 30 recetas saludables para tener un mejor estilo de vida, 153
Digital-text, Un bebé inesperado (Los Hermanos Smith nº 6), 12
Digital-text, 50 Obras Maestras Que Debes Leer Antes De Morir: Vol. 2, 600
Digital-text, Inversiones en criptomonedas en tiempos de pandemia: Perspectiva sobre la pandemia en el mercado cripto, 25
Digital-text, Harry Potter y el cáliz de fuego, 575
Digital-text, Aprende como Einstein: Memoriza más, enfócate mejor y lee efectivamente para aprender cualquier cosa: Las mejores técnicas de aprendizaje acelerado y lectura efectiva para pensar como un genio, 43
Digital-text, El conde de Montecristo: Ilustrado, 147
Digital-text, LA ÚLTIMA CRIPTA: La novela Nº1 en Amazon España (Las aventuras de Ulises Vidal), 2
Digital-text, El Plan de Marketing de 1-Página: Consigue Nuevos Clientes, Gana Más Dinero, Y Destaca Entre La Multitud, 58
Digital-text, Beneath a Scarlet Sky: A Novel (English Edition), 311
Digital-text, La Quinta Esencia (Saga Ordinales nº 5), 45
Digital-text, Ana, la de Tejas Verdes (Juvenil Best sellers nº 1), 397
Digital-text, Stillhouse Lake (English Edition), 193
Digital-text, El placebo eres tú- Epub, 199
Digital-text, La vida que no elegí, 16
Digital-text, El Club de las 5 de la mañana: Controla tus mañanas, impulsa tu vida, 354
Digital-text, Little Boy Lost (English Edition), 171
Digital-text, , 490
Digital-text, Liderazgo 4x4 : Cómo comunicar, liderar, formar y reclutar a las cuatro generaciones: Baby Boomer, Generación X, Milenials y Centenials, para alcanzar resultados organizacionales y personales, 30
Digital-text, El libro de las emociones, 10
Digital-text, 33 Técnicas de Persuasión Infalibles: Utiliza la influencia positiva para alcanzar tus metas, 233
Digital-text, Siempre demasiado y nunca suficiente: Cómo mi familia creó al hombre más peligroso del mundo (Indicios no ficción), 5
Digital-text, El Libro Negro de la Nueva Izquierda: Ideología de género o subversión cultural, 111
Digital-text, Rivales de la seducción (Libertinos Enamorados nº 5), 21
Digital-text, CÓMO VENDER SIN VENDER: 7 Secretos para Vivir de las Ventas, y No Morir en el Intento, 92
Digital-text, El murmullo de las abejas, 388
Digital-text, La verdad de la pandemia: Quién ha sido y por qué, 14
Digital-text, Trilogía Los Juegos del hambre (INFANTIL Y JUVENIL), 382
Digital-text, El Principito, 65
Digital-text, Cómo Doblar tu Velocidad de Lectura en una Tarde: Curso de Lectura Rápida (Serie de Productividad Tu Business Coach nº 1), 43
Digital-text, Sé Más Inteligente: Edición Especial, 47
Digital-text, El Teorema del Punto Fijo, 37
Digital-text, De Plebeya a Princesa: Por una noche en las Vegas, 20
Digital-text, Apocalipsis: el comienzo, 48
Digital-text, Matemáticas: funciones, 36
Digital-text, La guía definitiva en Matemáticas para el ingreso a la Universidad, 37
Digital-text, La guía definitiva en Matemáticas para el ingreso al bachillerato, 36
Digital-text, Mathematics: Functions (English Edition), 33
Digital-text, The definitive guide in Math for High School (English Edition), 28
Digital-text, El Teorema y Apocalipsis: Colección, 28
Digital-text, Aritmética, 28
Digital-text, Ana de las Tejas Verdes #1. La llegada, 14
Digital-text, Harry Potter y el legado maldito: El guión oficial de la producción original del West End, 40
Digital-text, El enigma Spinoza, 32
Digital-text, ¡Sálvese quien pueda!: El futuro del trabajo en la era de la automatización, 21
Digital-text, Una Sorpresa por Accidente, 109
Digital-text, Perdida en el tiempo, 29
Digital-text, A part of my Cosmos: Cosmos Zappa, 56
Digital-text, La perfecta fugitiva (versión revisada) (Los señores de las Highlands nº 1), 12
Digital-text, ALITHINÍ SOFÍA: Verdadera Sabiduría, 8
Digital-text, TOP 7 MEJORES FOTOS CAPTADAS EN EL FUTBOL., 9
Digital-text, Zero Frequency: El camino más fácil hacia la paz, la felicidad y la abundancia, 37
Digital-text, Relaciones toxicas: Vivencias de una Novia del Mar, 5
Digital-text, Solo Cinco Minutos, 69
Digital-text, Sigmund Freud: Obras Completas, 97
Digital-text, Tú no eres para mí, 118
Digital-text, El Mensaje, 65
Digital-text, Un Impedimento Para Amar, 10
Digital-text, La amiga estupenda (Dos amigas 1), 30
Digital-text, El Asesinato de Sócrates: Finalista Premio Planeta 2016, 8
Digital-text, Harry Potter y la Orden del Fénix, 344
Digital-text, PRÍNCIPE DE DIAMANTES ((Serie Hermanos King)), 13
Digital-text, MARIDO FARSANTE, 597
Digital-text, El invierno más largo (Best seller / Thriller), 38
Digital-text, Me has enseñado lo que es el amor, 11
Digital-text, Cuando México perdió la esperanza, 13
Digital-text, Protección ejecutiva en el siglo XXI: La nueva doctrina, 9
Digital-text, Problemario de Matemáticas 1: Primero de secundaria, 322
Digital-text, La perfecta prometida (Señores de las Highlands nº 2), 28
Digital-text, El llano en llamas, 246
Digital-text, La dama del subterráneo, 175
Digital-text, LA FUERZA DEL YOGA: El Camino para lograr Armonía en tu Vida, Fortalecerte Internamente, Elevar tu Conciencia y Vivir en Plenitud, 43
Digital-text, Cerebro y silencio: Las claves de la creatividad y la serenidad, 14
Digital-text, 50 LECCIONES EN DESARROLLO INMOBILIARIO: De los errores mas comunes y sus orígenes al nuevo modelo de mejores practicas, 53
Digital-text, Crisis: Sortéala y aprovecha sus oportunidades en tu pyme, 59
Digital-text, Nadie nos vio partir, 45
Digital-text, Abre tu mente a los números (NO FICCION), 3
Digital-text, El libro negro de la persuasión (Caminos nº 1), 230
Digital-text, La peste, 3
Digital-text, Don Quijote, 21
Digital-text, Padre rico. Padre pobre (Nueva edición actualizada).: Qué les enseñan los ricos a sus hijos acerca del dinero, 5
Digital-text, American Royals: ¿Y si Estados Unidos tuviera familia real? (FICCIÓN YA), 6
Digital-text, Evocadores del Cisne Negro: Historias Cortas de Amor Imposible, 13
Digital-text, Analisis a la esencia de la metodologia de la investigacion, 70
Digital-text, Factores que determinan una adecuada transferencia de conocimiento y que ventajas competitivas se obtiene de ellas., 15
Digital-text, ANALISIS A LA REBELDIA DEL PENSAR, 11
Digital-text, AprendizajeSupraescolar: Una perspectiva más allá de los paradigmas escolares, 4
Digital-text, investments in cryptocurrencies in times of pandemic: perspective on the effect of the pandemic on cryptocurrencies (English Edition), 4
Digital-text, Guia de Impuestos para el Inversionista - Bolsa de Valores Nacional e Internacional, 14
Digital-text, Adiós a tu jefe - Inversiones: Todo lo que necesitas saber para comenzar a invertir, 213
Digital-text, Destino impuesto.: Lady Sienna y el Lord Oscuro. (Hermanas McCoy nº 1), 4
Digital-text, Harry Potter y las Reliquias de la Muerte, 313
Digital-text, El Príncipe, 185
Digital-text, El Inversionista de Enfrente: Haz crecer tu dinero... y tu vida., 11
Digital-text, Harry Potter y el misterio del príncipe, 261
Digital-text, Hábitos atómicos, 8
Digital-text, El método Lean Startup: Cómo crear empresas de éxito utilizando la innovación continua, 27
Digital-text, Animales fantásticos y dónde encontrarlos (Un libro de la biblioteca de Hogwarts nº 1), 26
Digital-text, EL SUEÑO DE QUIZANI, 4
Digital-text, Jugar con el corazón (Testimonio), 2
Digital-text, El traidor: El diario secreto del hijo del Mayo, 190
Digital-text, "Nefasto: Variación de ""Orgullo y prejuicio""", 2
Digital-text, Mi querido Señor Langdon, 186
Digital-text, Grandes Novelas: La máquina del tiempo - La isla del doctor Moreau - El hombre invisible - La guerra de los mundos (FICCIÓN GENERAL), 35
Digital-text, Las siete hermanas (Las Siete Hermanas 1): La historia de Maia, 1
Digital-text, Tal vez en otra vida: Premio Eriginal Books: Mejor novela Romántica de 2017, 1
Digital-text, Una cenicienta para el jeque (Bianca), 20
Digital-text, Alimentos psicológicos: Cuáles potencian o limitan tu mente., 44
Digital-text, La paciente silenciosa, 126
Digital-text, Temor a amar (Bianca), 15
Digital-text, American Royals (English Edition), 28
Digital-text, La traición del duque de Grafton, 266
Digital-text, Harry Potter and the Philosopher's Stone (English Edition), 146
Digital-text, Aprende Python en un fin de semana, 4
Digital-text, Mañanas milagrosas: Los 6 hábitos que cambiarán tu vida antes de las 8:00, 3
Digital-text, Manipulación y Psicología Oscura: Cómo aprender a leer a las personas, detectar la manipulación emocional encubierta, detectar el engaño y defenderse del abuso narcisista y de las personas tóxicas, 226
Digital-text, Los 7 Pasos Para Destruir El Estrés: Estrategias para el equilibrio personal, 17
Digital-text, MÁS ALLÁ DE LA RAZÓN: Una guía para el conocimiento hacia la paz interior, 10
Digital-text, Un coloquio inesperado: Cómo sacarle jugo a una crisis, 54
Digital-text, La maldición de los reinos, 3
Digital-text, COVID-19 CÓMO ENFRENTARLA EXITOSAMENTE: Lo que puedes hacer para obtener un mejor resultado ante esta enfermedad, 105
Digital-text, ¿Cultura de Innovación o de Organización?: Una guía práctica para iniciar un cambio en la cultura de tu organización a través de la innovación., 11
Digital-text, Hostil, 20
Digital-text, Con tal de verte volar, 8
Digital-text, Miedo al Abandono en la Relación de Pareja, 10
Digital-text, Los cuentos de Beedle el bardo (Un libro de la biblioteca de Hogwarts nº 3), 48
Digital-text, Educación Financiera avanzada partiendo de cero (Aprenda a gestionar su dinero para transformar su vida), 4
Digital-text, El bosón de Higgs no te va a hacer la cama (Fuera de colección), 3
Digital-text, Mexican Tales Vol. 1 (English Edition), 4
Digital-text, Cómo ganar amigos e influir sobre las personas, 33
Digital-text, Autodisciplina Para el Exito - Descubra Como Desarrollar el Hábito de la Autodisciplina Para Lograr el Exito: 21 Claves Secretas Para Lograr sus Metas (Pensamiento Positivo nº 8), 1
Digital-text, SUMMONER: The Trilogy: (Books 1-3 BOXSET) (English Edition), 3
Digital-text, Perfectos mentirosos, 58
Digital-text, Naomi (Libros del Tiempo nº 309), 9
Digital-text, Inglés: El Secreto Para Hablar Inglés Como Un Nativo En 6 Meses Para Personas Con Poco Tiempo, 54
Digital-text, Harry Potter and the Cursed Child - Parts One and Two: The Official Playscript of the Original West End Production (English Edition), 16
Digital-text, ¿Quién se ha llevado mi queso?: Cómo adaptarnos en un mundo en constante cambio (Narrativa empresarial), 60
Digital-text, Digital Millionaire Secrets : How I Built an 8-Figure Business Selling My Knowledge Online (English Edition), 4
Digital-text, Multimillonario Inalcanzable ~ Mason: La Obsesión del Multimillonario, 38
Digital-text, Vendes o vendes: Cómo salirte con la tuya en los negocios y la vida, 14
Digital-text, Expresión verbal con fines específicos, 34
Digital-text, Estructura de datos y algoritmos fundamentales, 6
Digital-text, Creatividad y diseño digital, 80
Digital-text, Creativity and Digital Design (English Edition), 6
Digital-text, Obras de Karl Marx: Biblioteca de Grandes Escritores, 15
Digital-text, Plan de vuelo: Guía práctica para la investigación de mercados en Latinoamérica, 3
Digital-text, Los paranoicos se salvan: Consejos para afrontar la crisis que trajo la pandemia, 6
Digital-text, Más Allá de la Luna, 173
Digital-text, Prácticas de operaciones unitarias básicas de ingeniería química (Textos académicos nº 132), 7
Digital-text, Finding Freedom: Harry and Meghan and the Making of a Modern Royal Family (English Edition), 3
Digital-text, Humanidad: Juicio Final, 11
Digital-text, ¿De qué tienes hambre?: La solución Chopra para la pérdida de peso permanente, el bienestar y el alimento del alma (Crecimiento personal), 9
Digital-text, 1984, 11
Digital-text, El chico del corazón blandito (Corazón blandito, nº1), 13
Digital-text, Introducción al análisis ético, 90
Digital-text, Tormenta (Voces del pasado nº 1), 1
Digital-text, Ana, la de Avonlea (Juvenil Best sellers nº 2), 7
Digital-text, El Ruiseñor, 6
Digital-text, Dientes blancos, 9
Digital-text, Hipnótica Banda Gástrica: Los principiantes Guía para la pérdida de peso rápida y permanente a través de auto hipnosis y afirmaciones [Hypnotic Gastric Band], 15
Digital-text, La Cueva: Prisiones que limitan tu desarrollo personal y tu libertad., 57
Digital-text, Estación Espacial, 2
Digital-text, Pequeño cerdo capitalista. Inversiones: Para hippies, yuppies y bohemios, 98
Digital-text, El Poder Secreto de la Espalda: Tu Columna Tu Centro de Energía, 15
Digital-text, LA ENIGMATICA HISTORIA DE UN AGUILA ENAMORADA: REBELDE, AVENTURERA Y SOÑADORA, UNA INSPIRADORA HISTORIA, 8
Digital-text, Cartas desde Dubai (Umbriel narrativa), 10
Digital-text, Adiós a tu Jefe - Múltiples Fuentes de Ingreso: Cómo ganar dinero en internet, 5
Digital-text, ¡Vive tu sueño!: 10 preguntas que te ayudarán a verlo y obtenerlo, 7
Digital-text, Guia de Impuestos para el Inversionista - Renta Fija En Sistema Bancario/SOFIPOs/SOCAPs, 7
Digital-text, Amor y venganza, 3
Digital-text, SELL LIKE CRAZY: How to Get As Many Clients, Customers and Sales As You Can Possibly Handle (English Edition), 5
Digital-text, Guia de Impuestos para el Inversionista: CrowdLending/Prestamos P2P, 6
Digital-text, Placer Sombrío, 431
Digital-text, Vibrando alto, 64
Digital-text, La nueva normalidad de Tabatha: Cómo sobreviví al coronavirus, al holocausto y a mi propio asesinato, 1
Digital-text, PROCRASTINACIÓN: APRENDE A VENCERLA, MEJORA TU PRODUCTIVIDAD Y OBTÉN TUS OBJETIVOS, 40
Digital-text, Dieta Para Perder +10 Kilos, 12
Digital-text, Para mi desgracia, mi jefe, 3
Digital-text, El culto a Juárez: La construcción retórica del héroe (1872-1976), 11
Digital-text, Conversaciones Cruciales - Edición revisada: Nuevas claves para gestionar con éxito situaciones críticas (Gestión del conocimiento), 3
Digital-text, Lágrimas en la lluvia, 45
Digital-text, Muerte sin resurrección (Eva Santiago 1), 43
Digital-text, Autobiografía de un titán: John D. Rockefeller y los secretos de su imperio, 46
Digital-text, Cómo Analizar a las Personas: La Guía Definitiva Para Leer Rápido a Las Personas Mediante Psicología de Comportamiento, Analizar el Lenguaje Corporal, Entender lo Que Cada Persona Está Diciendo., 125
Digital-text, El legado de Ava: Finalista del Premio Literario de Amazon 2017, 13
Digital-text, 11,4 sueños luz, 12
Digital-text, Controla tu tiempo, controla tu vida: Un sistema revolucionario para obtener más resultados en cada área de tu vida., 32
Digital-text, Untamed (English Edition), 39
Digital-text, Cambia todo: Estrategias para abrazar la transformación y adaptarte al nuevo mundo laboral, 3
Digital-text, Una dama conflictiva (Familia Allen nº 4), 8
Digital-text, ¿Cómo enseñar con Zoom?: Una guía práctica para motivar a tus estudiantes y ayudarlos a aprender, 19
Digital-text, La Tumba de San Pedro: ¿Qué hallaron en 1953 los Franciscanos de Tierra Santa?, 14
Digital-text, ¿Quién se ha llevado a Daisy Mason? (LOS IMPERDIBLES), 24
Digital-text, Dreaming With God: Co-laboring With God for Cultural Transformation (English Edition), 10
Digital-text, Libres para aprender: Por qué el aprendizaje lúdico garantiza niños felices y seguros de sí mismos, 10
Digital-text, Tu sangre me mata: Serie completa (Hermanos Banes nº 4), 41
Digital-text, Heart Bones (English Edition), 66
Digital-text, Cómo Analizar a Las Personas con Psicología: La guía definitiva para acelerar la lectura de la gente a través del análisis del lenguaje corporal y la psicología del comportamiento, 20
Digital-text, Guía para elaborar trabajos académicos: Desde nociones de redacción hasta los pasos para hacer distintos trabajos (Manuales CETYS), 30
Digital-text, Arsène Lupin, caballero ladrón, 7
Digital-text, Lidérate: Método FASE - El método definitivo para ser más productivo, 6
Digital-text, Manual de presentación de trabajos escritos (Manuales CETYS), 32
Digital-text, Titanes Inmobiliarios, 4
Digital-text, Administración de Proyectos para Emprendedores: Tercera edición, 15
Digital-text, Batman: Year One (Batman (1940-2011)) (English Edition), 38
Digital-text, Empieza con el porqué: Cómo los grandes líderes motivan a actuar (Gestión del conocimiento), 5
Digital-text, Abre tu mente a los números (NO FICCIÓN), 3
Digital-text, Quiérete ¡ Y MUCHO!: 30 Días para aumentar tu autoestima. Cómo superar la baja autoestima, la ansiedad, el estrés, la inseguridad y la duda en ti mismo (Hábitos que cambiarán tu vida nº 4), 3
Digital-text, Psicología de las masas y análisis del yo, 3
Digital-text, Todavía tú, 249
Digital-text, El Gran Cuaderno de Podcasting: Cómo crear, difundir y monetizar tu podcast (Kailas Periodismo nº 1), 8
Digital-text, IMPLEMENTACION DE INGENIERIA DE PROYECTOS CON ENFOQUE A LOS EFECTOS DE LA REFORMA ENERGETICA, 7
Digital-text, El Dinero No Es El Problema, Tú Lo Eres, 8
Digital-text, 21 lecciones para el siglo XXI, 21
Digital-text, Lee Súper Rápido (Productividad y Crecimiento Personal y Profesional nº 1), 4
Digital-text, Limitless: Upgrade Your Brain, Learn Anything Faster, and Unlock Your Exceptional Life (English Edition), 87
Digital-text, Cita con el jefe (Princesas al borde de un ataque de nervios nº 1), 23
Digital-text, El Asesinato de Pitágoras, 6
Digital-text, Un pequeño error: Una historia de amor, segundas oportunidades y pasiones secretas, 19
Digital-text, Un grito desesperado: Cuando los padres necesitan ser comprendidos y los hijos necesitan ser escuchados, 3
Digital-text, Reina roja, 1
Digital-text, Métodos prospectivos: Manual para el estudio y la construcción del futuro, 3
Digital-text, El principito (1), 3
Digital-text, Los cañones de Agosto: Treinta y un días que cambiaron la faz del mundo (ENSAYO Y BIOGRAFÍA), 7
Digital-text, El asesinato del calígrafo de Bagdad, 14
Digital-text, La bruja (Los crímenes de Fjällbacka nº 10), 11
Digital-text, La intérprete de cuerpos (Inspectora Jude Fontaine nº 1), 121
Digital-text, REY DE DIAMANTES (Serie Hermanos King), 3
Digital-text, La riqueza de las naciones: el manga (La otra h), 12
Digital-text, Supervivencia Postmoderna: de Sobrevivir a Realmente Vivir, 14
Digital-text, LA EXTINCIÓN HUMANA HA COMENZADO: HUMAN EXTINCTION HAS BEGUN, 17
Digital-text, Quédate: Volumen 6, 24
Digital-text, Lo supe en cuanto le vi, 143
Digital-text, Nunca te quedes sin gente con quién hablar: Redes sociales para el éxito de tu negocio: Never Run Out of People to Talk to: Social Media for your Business Success - Spanish Edition Edición en español, 38
Digital-text, Los ecos del pantano: La arqueóloga forense Ruth Galloway en su primer caso (MAEVA noir), 18
Digital-text, JODIDO DOCTOR, 15
Digital-text, Tenebra, 28
Digital-text, El Amor del CEO (Segunda Edicion), 3
Digital-text, Mis sentimientos ocultos : Canciones a punto de dar a luz, 3
Digital-text, Fuera de serie: Por qué unas personas tienen éxito y otras no, 8
Digital-text, Inquebrantables, 4
Digital-text, El arte de realizar tus deseos: El sentimiento es el secreto, 1
Digital-text, PROTECCIÓN MILLONARIA: Estrategias para Proteger a tu Familia y Cumplir tus Sueños, 71
Digital-text, PERO QUERÍAS SER DOCTOR: Ensayos cortos de lo que implica ser médico, 22
Digital-text, Crónica de un sexenio fallido, 1
Digital-text, Como polvo en el viento, 29
Digital-text, Historias breves de Hogwarts: Poder, Política y Poltergeists Pesados (Pottermore Presents nº 2), 15
Digital-text, La Aleatoridad de la vida en la computadora (Serie nº 1), 30
Digital-text, CAPITÁN RILEY: Premio Eriginal Books: Mejor Novela de Aventura. (Las aventuras del Capitán Riley nº 1), 17
Digital-text, Votos olvidados, 8
Digital-text, Historias breves de Hogwarts: Agallas, Adversidad y Aficiones Arriesgadas (Pottermore Presents nº 1), 10
Digital-text, Momentos estelares de la humanidad: Catorce miniaturas históricas (El Acantilado nº 64), 33
Digital-text, Si tú quieres moriré, 9
Digital-text, La tristeza del samurái, 4
Digital-text, Literatura I: para Entornos Virtuales de Aprendizaje, 90
Digital-text, Felicidad Infinita: Balance perfecto entre aliados y enemigos, 24
Digital-text, Felipe, el oscuro, 400
Digital-text, Matias el niño Guerrero : Una historia de vida que contar (Spanish), 25
Digital-text, Manipulación y Psicología Oscura: Cómo aprender a leer a las personas, detectar la manipulación emocional encubierta…, 276
Digital-text, Cómo Analizar a las Personas: La Guía Definitiva Para Leer Rápido a Las Personas Mediante Psicología de Comportamiento…, 23
Digital-text, Me tiraste a matar pero... tengo siete vidas : Kit contra las noches de insomnio y dolores del corazón, 25
Digital-text, Fósiles : Lista de fósiles y clasificación, 19
Digital-text, El elemento (prólogo de Eduard Punset): Descubrir tu pasión lo cambia todo, 3
Digital-text, La buena suerte, 4
Digital-text, Todas las cosas son posibles, 10
Digital-text, El poder del ahora: Un camino hacia la realización espiritual, 49
Digital-text, Los cómplices del presidente, 3
Digital-text, Juego Limpio: Una mirada desde el coaching deportivo, 8
Digital-text, Inteligencia Emocional 2.0: 6 libros - Cómo Analizar a las Personas, Autodisciplina para el Éxito, Eliminar el Estrés…, 24
Digital-text, Las chicas rudas del pasado: 52 mujeres inolvidables que cambiaron el mundo, 13
Digital-text, La vida mentirosa de los adultos, 139
Digital-text, El hombre que calculaba: Un cuento oriental para descubrir las matemáticas (NO FICCIÓN), 19
Digital-text, The Allure of Toxic Leaders: Why We Follow Destructive Bosses and Corrupt Politicians--and How We Can Survive Them…, 4
Digital-text, Decisiones difíciles, 7
Digital-text, Memoriza como Sherlock Holmes – Aprende la técnica del palacio de la memoria: Técnica probada para memorizar cualquier…, 22
Digital-text, Satán: Una Autobiografía: como le fue contada a Yehuda Berg, 5
Digital-text, El arte de hacer dinero (El arte de), 16
Digital-text, Aprender a leer: De las ciencias cognitivas al aula (Ciencia que ladra… serie Mayor), 8
Digital-text, La flor del azafrán amarillo, 8
Digital-text, Nunca te quedes sin gente con quién hablar: Redes sociales para el éxito de tu negocio: Never Run Out of People to Talk…, 36
Digital-text, Mantén tu voz en buena forma: Salud y fortaleza en tu voz, 2
Digital-text, Muchas vidas, muchos maestros, 2
Digital-text, Habla inglés de una puta vez: O 'Cómo aprender inglés, para hispanohablantes inteligentes', 94
Digital-text, ILLUMINATI: LOS AMOS QUE CONTROLAN EL MUNDO: Los secretos, misterios, símbolos y ritos de la Orden de los Iluminados y…, 237
Digital-text, Otras formas de aprender: Qué funciona en educación y por qué, 8
Digital-text, La Palabra Santa para el Avivamiento Matutino - Estudio de cristalización de Jeremías y Lamentaciones, Tomo 1, 2
Digital-text, Más allá de la igualdad formal ante la ley: ¿Qué le debe el Estado a los grupos desaventajados? (Derecho y Política), 6
Digital-text, Una historia insólita de la neurología: Casos reales de trauma, locura y recuperación, 7
Digital-text, Quidditch a través de los tiempos (Un libro de la biblioteca de Hogwarts nº 2), 3
Digital-text, Matilde debe morir, 57
Digital-text, La Hora Dorada: En LatinoAmérica (EVA series), 7
Digital-text, Persuasion, 45
Digital-text, Temporada de huracanes, 95
Digital-text, Nuestras Mejores Recetas: Edición Vegetales al la Parrilla, 31
Digital-text, Los bandidos de Río Frío, 91
Digital-text, Crímenes Exquisitos, 16
Digital-text, SIETE LIBROS PARA EVA (El origen de la inspectora Eva Santiago), 14
Digital-text, El enemigo: Serie Jack Reacher VIII, 11
Digital-text, El punto clave (The Tipping Point), 160
Digital-text, Noche caliente: Edición Latinoamerica, 11
Digital-text, Los crímenes del lago: Finalista del Premio Literario de Amazon 2017, 35
Digital-text, "Trilogía de los Tres Cuerpos: Pack con: El problema de los tres cuerpos , 33
Digital-text, Un disfraz para una dama, 3
Digital-text, Edgar Allan Poe: Novelas Completas (2020 Edición), 3
Digital-text, Cómo Doblar tu Velocidad de Lectura en una Tarde: Curso de Lectura Rápida (Serie de Productividad Tu Business Coach nº 1…, 8
Digital-text, Programacion avanzada en VBA-Excel para principiantes: Con ejemplos de librerías dll y complementos Add-In en Visual…, 16
Digital-text, Drácula, el no muerto (Especial Novela Negra), 11
Digital-text, Las batallas en el desierto, 49
Digital-text, Diario de viaje, 12
Digital-text, Estados Unidos: en la intimidad y a la distancia, 25
Digital-text, Ananda: El juego de la vida, 2
Digital-text, Serás mi condena (Acuerdos de Escándalo nº 4), 63
Digital-text, La hechicera (Los secretos del inmortal Nicolas Flamel nº 3), 7
Digital-text, La riqueza de las naciones, 4
Digital-text, El aprendiz de panadero (GASTRONOMÍA Y COCINA), 15
Digital-text, TIEMPO GEOLOGICO: EL TIEMPO GEOLOGICO A GRANDES RASGOS, 2
Digital-text, The Local Guide To Austria (Country Guide) (English Edition), 2
Digital-text, Sherlock Holmes: La colección completa, 7
Digital-text, Rojo, blanco y sangre azul: A veces, el amor puede ser una cuestión de Estado (FICCIÓN SIN LÍMITES), 11
Digital-text, Way of the Wolf: Straight line selling: Master the art of persuasion, influence, and success (English Edition), 23
Digital-text, Todos deberíamos ser feministas, 6
Digital-text, El infinito en un junco: La invención de los libros en el mundo antiguo (Biblioteca de Ensayo / Serie mayor nº 105), 11
Digital-text, Obras Completas de Platón, 3
Digital-text, SECTOR ELÉCTRICO MEXICANO: SECTOR ELÉCTRICO MEXICANO, INTEGRACIÓN DE RECURSOS DE ENERGÍA., 49
Digital-text, Historias de usuario: Una visión pragmática, 5
Digital-text, Detestable Error, 4
Digital-text, Quiérete ¡ Y MUCHO!: 30 Días para aumentar tu autoestima. Cómo superar la baja autoestima, la ansiedad, el estrés, la…, 22
Digital-text, Coaching estratégico: Como transformar los limites en recursos (Problem Solving), 3
Digital-text, Cara o cruz: Miguel Hidalgo, 16
Digital-text, Nadie Sabe Cómo Invertir.: La riqueza no es una cuestión de cantidades, es cuestión de administración., 3
Digital-text, Kindle Unlimited: Seis Razones para NO Comprarlo, 1
Digital-text, El futuro de la energía en 100 preguntas, 1
Digital-text, Hazte dueño de ti, 21
Digital-text, Arreglado a la fuerza, 2
Digital-text, Sombras y ceniza, 2
Digital-text, Desde el interior: Retratos de la pandemia, 3
Digital-text, Harry Potter and the Chamber of Secrets (English Edition), 4
Digital-text, Tu camino para sanar, 25
Digital-text, Rescate gris: Finalista Premio Clarín de Novela, 5
Digital-text, El jefe perfecto (Los hermanos Smith nº 1), 25
Digital-text, Think Like a Monk: Train Your Mind for Peace and Purpose Every Day (English Edition), 11
Digital-text, La maleta: A veces, todo lo que necesitamos es un poco de perspectiva, 1
Digital-text, The Local Guide To Monaco (Country Guide) (English Edition), 15
Digital-text, The Local Guide to Aruba Island (Country Guide) (English Edition), 13
Digital-text, La contracultura en México (Edición de aniversario): La historia y el significado de los rebeldes sin causa, los…, 21
Digital-text, El año en que nos volvimos humanos: Más historias honestas y un plan para ser exitoso en el siglo XXI y más allá, 6
Digital-text, EL MUNDO DE ZAPHIRA II: El Rescate de la Princesa Amaranta, 4
Digital-text, EL MUNDO DE ZAPHIRAH II: El Rescate de la Princesa Amaranta, 12
Digital-text, Dune (Las crónicas de Dune 1), 51
Digital-text, Un verdadero caballero, 3
Digital-text, Antes de pulsar el botón de reinicio: Retos de la reconstrucción del turismo global tras la covid-19, 4
Digital-text, Rage (English Edition), 18
Digital-text, Dune (English Edition), 24
Digital-text, La historia oscura detrás de la pandemia: El baile de cifras de López-Gatell, 21
Digital-text, Think Like a Monk: The secret of how to harness the power of positivity and be happy now (English Edition), 15
Digital-text, Voces griegas, 11
Digital-text, LA CASA DE LA ESTRELLA NEGRA, 6
Digital-text, LÉASE ANTES DE CASARSE... Y DESPUÉS TAMBIÉN: Porque los Grandes Eventos, Requieren Grandes Preparativos, 27
Digital-text, Mil campanas, 6
Digital-text, La liberación del alma: El viaje más allá de ti mismo (Advaita), 4
Digital-text, El bosón de Higgs (NATGEO CIENCIAS), 19
Digital-text, Romeo y Julieta, 8
Digital-text, Perdida en el amor, 12
Digital-text, Más fuerte que nunca (Crecimiento personal), 8
Digital-text, Las tinieblas y el alba (La precuela de Los pilares de la Tierra), 150
Digital-text, Le llamé corbata (Nuevos Tiempos nº 307), 18
Digital-text, El poder oculto de la amabilidad (Patmos), 10
Digital-text, Diez razones para borrar tus redes sociales de inmediato, 30
Digital-text, La Dama Perfecta (Familia Evans nº 4), 6
Digital-text, Creepypastas: historias de terror 2.0, 8
Digital-text, Silvia-Gold 109 - Liebesroman: Daran ist nur die Liebe schuld (German Edition), 4
Digital-text, SOÑADOR ACTIVO: Pasa a la acción y empieza a cumplir todos tus sueños, 14
Digital-text, Sígueme, amor, 106
Digital-text, La virgen y la bestia: Una novela independiente (Seductores rústicos nº 1), 1
Digital-text, Invítame a soñar (Bilogía nº 1), 10
Digital-text, Dune (Nueva edición) (Las crónicas de Dune 1), 175
Digital-text, KYLE (Serie Escoceses nº 4), 12
Digital-text, Caída del imperio romano, la (Historia Divulgativa), 8
Digital-text, La verdad sobre el caso Harry Quebert, 3
Digital-text, Beach Read (English Edition), 1
Digital-text, Los Cuatro Acuerdos (Un libro de la sabiduría tolteca), 36
Digital-text, El arte de la estratagema: Cómo resolver problemas difíciles mediante soluciones simples (Biblioteca Psicologia), 13
Digital-text, Playing with Fire: A Bad Boy College Romance (English Edition), 23
Digital-text, El Gozo de Los Negocios, 12
Digital-text, Troubled Blood (A Cormoran Strike Novel Book 5) (English Edition), 6
Digital-text, Las Recetas De Ave De La Abuela, 39
Digital-text, Ten Arguments for Deleting Your Social Media Accounts Right Now (English Edition), 6
Digital-text, El Hombre Mas Rico De Babilonia, 7
Digital-text, Los niños del Führer, 4
Digital-text, Espera por mí, 4
Digital-text, Lo que marca la diferencia: Convierta su actitud en su posesión más valiosa, 6
Digital-text, Los Caldos De La Abuela, 78
Digital-text, Unidos para protegerla: Romance de un harén inverso, 9
Digital-text, LAS RECETAS DE MARISCOS DE LA ABUELA, 29
Digital-text, Cara o cruz: Lázaro Cárdenas (El debate de la historia), 12
Digital-text, Hunter: Una novela independiente (Seductores rústicos nº 2), 11
Digital-text, Santa Anna: La Vida y el Legado del Mítico Presidente y General Mexicano, 13
Digital-text, Business Adventures: Twelve Classic Tales from the World of Wall Street: The New York Times bestseller Bill Gates calls…, 5
Digital-text, Business Adventures: Twelve Classic Tales from the World of Wall Street (English Edition), 31
Digital-text, SECRETOS DE LA MENTE MILLONARIA (2013), 3
Digital-text, La bella y la rosa: Un romance oscuro, 3
Digital-text, El coro de los maestros carniceros (Nuevos Tiempos nº 189), 3
Digital-text, The Local Guide To Germany (Country Guide) (English Edition), 9
Digital-text, The Local Guide to Tunisia (Country Guide) (English Edition), 5
Digital-text, Ardientemente Tuya : Poesía y relatos eróticos, 8
Digital-text, The Local Guide to Ghana (Country Guide) (English Edition), 2
Digital-text, El océano al final del camino (Novela (roca)), 78
Digital-text, The Local Guide to Palau (Country Guide) (English Edition), 40
Digital-text, El cortador de cañas (Libros del Tiempo nº 272), 11
Digital-text, EL ESPEJO DE MAX: El Encuentro Contigo Mismo, 15
Digital-text, Culture And History Of Spain (English Edition), 28
Digital-text, Amor líquido. Acerca de la fragilidad de los vínculos humanos (Psiquiatria y Psicologa), 8
Digital-text, 50 Step To Success In Life (English Edition), 14
Digital-text, 30 Success Tips To Make Money (English Edition), 7
Digital-text, Un sicario en cada hijo te dio: Niñas, niños y adolescentes en la delincuencia organizada, 12
Digital-text, La tiranía del mérito: ¿Qué ha sido del bien común?, 8
Digital-text, El delfín: La historia de un soñador, 15
Digital-text, Examen extraordinario. Antología de cuentos (Colección Popular), 40
Digital-text, The Local Guide to Georgia( Country Guide) (English Edition), 17
Digital-text, The Local Guide to Burundi (Country Guide) (English Edition), 33
Digital-text, The Local Guide to Botswana (Country Guide) (English Edition), 46
Digital-text, The Local Guide to Benin (Country Guide) (English Edition), 51
Digital-text, The Local Guide to Laos( Country Guide) (English Edition), 6
Digital-text, The Local Guide to French Polynesia (Country Guide) (English Edition), 25
Digital-text, The Local Guide to Papua New Guinea (Country Guide) (English Edition), 25
Digital-text, The Local Guide to Ethiopia (Country Guide) (English Edition), 10
Digital-text, The Local Guide to Cameroon (Country Guide) (English Edition), 17
Digital-text, The Local Guide to India ( Country Guide) (English Edition), 49
Digital-text, El faro del silencio (Los crímenes del faro nº 1), 13
Digital-text, Egyptian History In The New Kingdom Period 2 (English Edition), 29
Digital-text, The Local Guide to Angola (Country Guide) (English Edition), 4
Digital-text, The Local Guide to New Zealand (Country Guide) (English Edition), 3
Digital-text, Conquer the crusades (lesson 1) 1 (English Edition), 41
Digital-text, The Local Guide to Tanzania (Country Guide) (English Edition), 3
Digital-text, Roman Empire history 1 (English Edition), 29
Digital-text, El PODER DEL PENSAMIENTO POSITIVO - Descubra el Secreto Para Lograr Todo lo que Quiere en La Vida Ahora! Reprograme la…, 10
Digital-text, Kingdom of Mitanni (English Edition), 44
Digital-text, Mysterious Shroud Of Jesus Christ - Part 1 (English Edition), 36
Digital-text, Culture And History Of Ukraine (English Edition), 14
Digital-text, Benjamin Franklin (1706 - 1790) Founder Of The United States (English Edition), 19
Digital-text, Ayuno Intermitente Temprano: Ni Una Dieta Mas, 108
Digital-text, The Local Guide to Korea ( Country Guide) (English Edition), 30
Digital-text, The Local Guide to Zambia (Country Guide) (English Edition), 31
Digital-text, The Local Guide to Morocco (Country Guide) (English Edition), 16
Digital-text, The Local Guide To Belgium (Country Guide) (English Edition), 27
Digital-text, The Local Guide to Rwanda (Country Guide) (English Edition), 23
Digital-text, The Local Guide to Nigeria (Country Guide) (English Edition), 28
Digital-text, The Local Guide to Zimbabwe (Country Guide) (English Edition), 36
Digital-text, The Local Guide to Australia (Country Guide) (English Edition), 16
Digital-text, The Local Guide to Bhutan( Country Guide) (English Edition), 2
Digital-text, The Local Guide to Arab Republic of Egypt (Country Guide) (English Edition), 3
Digital-text, The Local Guide To Switzerland (Country Guide) (English Edition), 2
Digital-text, The Local Guide to New Caledonia (Country Guide) (English Edition), 3
Digital-text, The Local Guide to Kyrgyzstan( Country Guide) (English Edition), 5
Digital-text, Being Less Stress : How To Reduce Stress (English Edition), 2
Digital-text, The Local Guide to Namibia (Country Guide) (English Edition), 24
Digital-text, The Local Guide To Italia (Country Guide) (English Edition), 25
Digital-text, The Local Guide to Togo (Country Guide) (English Edition), 4
Digital-text, The Local Guide to Cuba (Country Guide) (English Edition), 13
Digital-text, The Local Guide to Campuchia( Country Guide) (English Edition), 3
Digital-text, Roman Empire history 2 (English Edition), 36
Digital-text, The Local Guide to Uzbekistan( Country Guide) (English Edition), 14
Digital-text, La Belleza de la Bestia, 132
Digital-text, The Local Guide to Maldives( Country Guide) (English Edition), 3
Digital-text, Pancho Villa: La Vida y La Leyenda de Famoso Revolucionario de México, 7
Digital-text, The Local Guide to South Africa (Country Guide) (English Edition), 11
Digital-text, The Local Guide to United States (Country Guide) (English Edition), 25
Digital-text, The Loical Guide to Bangladesh( Country Guide) (English Edition), 16
Digital-text, The Local Guide to Vietnam( Country Guide) (English Edition), 5
Digital-text, The Local Guide to Quatar( Country Guide) (English Edition), 1
Digital-text, The Local Guide to United-Arab-Emirates( Country Guide) (English Edition), 7
Digital-text, The Local Guide to Fiji (Country Guide) (English Edition), 7
Digital-text, The Local Guide to Mexico (Country Guide) (English Edition), 11
Digital-text, Al Capone - The Reputed American Mafia Boss - Part 1 (English Edition), 14
Digital-text, Al Capone -The Reputed American Mafia Boss - Part 2 (English Edition), 31
Digital-text, The Battle of Salamis (English Edition), 26
Digital-text, The Local Guide to Mozambique (Country Guide) (English Edition), 7
Digital-text, LOS SECRETOS PARA TENER TU LIBERTAD FINANCIERA ACELERADA: Las 9 claves que me ayudaron a conseguir mi Libertad…, 83
Digital-text, The Local Guide to Myanmar( Country Guide) (English Edition), 6
Digital-text, The Stand (English Edition), 4
Digital-text, Tocar con palabras: Transforma la realidad con el poder de tus palabras, 4
Digital-text, Brava, fuerte y digna, 14
Digital-text, Explore The History and Culture Of Guatemala (English Edition), 43
Digital-text, The Local Guide to Comoros (Country Guide) (English Edition), 19
Digital-text, ...Y se vinieron felices para siempre: Los 7 villanos que no te dejan disfrutar del sexo y cómo vencerlos, 15
Digital-text, Ecuador - Priceless Treasure South America (English Edition), 30
Digital-text, Culture And History Of Portugal (English Edition), 5
Digital-text, The Local Guide To Montenegro (Country Guide) (English Edition), 10
Digital-text, Taller de escritura creativa, 13
Digital-text, Trilogía de las tierras (Las Tres Edades nº 179), 10
Digital-text, Attila The Hun And The Battle Of Chalon (English Edition), 24
Digital-text, Cambia mi suerte (Libro 1), 48
Digital-text, Educar sin gritar (Psicología y salud), 3
Digital-text, Bahamas - Beautiful Island Nation (English Edition), 18
Digital-text, Al Capone -The Reputed American Mafia Boss - Part 3 (English Edition), 28
Digital-text, Barbados With World Cultural Heritage (English Edition), 14
Digital-text, Characteristics In Brazilian History And Culture (English Edition), 12
Digital-text, Minoan Civilization From Legend To History (English Edition), 34
Digital-text, Learn History And Geography Belize (English Edition), 18
Digital-text, Hittite Civilization (English Edition), 25
Digital-text, Battle of Hattin 1187- The great feat of Saladin-2 (part 1) (English Edition), 28
Digital-text, What You Need To Know About Colombian History (English Edition), 19
Digital-text, Aristotle (384 - 322 BC) The Great Ancient Greek Philosopher (English Edition), 19
Digital-text, The Local Guide to Kazakhstan( Country Guide) (English Edition), 7
Digital-text, The Local Guide to Japan( Country Guide) (English Edition), 7
Digital-text, The Local Guide to Palestine( Country Guide) (English Edition), 3
Digital-text, The Local Guide to Israel ( Country Guide) (English Edition), 3
Digital-text, Discover Mysterious Bolivia With Unique Culture (English Edition), 3
Digital-text, Motivation Tip For Life (English Edition), 3
Digital-text, Abraham Lincoln - A Great Man Emancipate Slaves (Part 2) (English Edition), 22
Digital-text, Historical Overview Of Costa Rica (English Edition), 28
Digital-text, Abraham Lincoln - A Great Man Emancipate Slaves Part 1 (English Edition), 13
Digital-text, The WEIRDest People in the World: How the West Became Psychologically Peculiar and Particularly Prosperous (English…, 9
Digital-text, El deseo del millonario (Los Sinclair nº 7), 78
Digital-text, ACELERA TU ÉXITO FINANCIERO: 10 Pasos para Sanar, Asegurar y Transformar tus Finanzas, 74
Digital-text, Salsas y Botanas de la Abuela, 2
Digital-text, Sea Battle Sena Gallica (English Edition), 7
Digital-text, QUÉ PADRES, PADRES: 4 Pilares para Construir Relaciones Sólidas con tus Hijos, 30
Digital-text, Battle Of Clichy 1346 (part 1) (English Edition), 10
Digital-text, Beauty In Cuba's Culture And History (English Edition), 7
Digital-text, Learn About Chilean History and Culture (English Edition), 7
Digital-text, Edipo Rey - Antígona, 67
Digital-text, The Local Guide to Guinea-Bissau (Country Guide) (English Edition), 6
Digital-text, The Local Guide to Kenya (Country Guide) (English Edition), 6
Digital-text, Ahora lo sientes, 3
Digital-text, La caja negra (Biblioteca Amos Oz nº 13), 15
Digital-text, El pasado, presente y futuro de México, 67
Digital-text, LOS 7 ENGRANES DIGITALES: Qué hacer con tu estrategia digital en tiempos de cambio., 27
Digital-text, Introduce The History Of The Country Argentine (English Edition), 4
Digital-text, Medieval European Army (English Edition), 1
Digital-text, The Battle of Tours (Poitiers) 732 (English Edition), 1
Digital-text, Un pequeño gran paso, 9
Digital-text, Madres Narcisistas: Cómo manejar a una madre narcisista y recuperarse del TEPT-C, 1
Digital-text, La mejor versión de TI: La fórmula para ser la persona que siempre has querido ser, 15
Digital-text, Un granito de mostaza, 3
Digital-text, CREEMOS PORQUE AMAMOS: El acto de fe en la visión del beato John Henry Newman, 2
Digital-text, El mundo de Sofia: Novela sobre la historia de la filosofía (Las Tres Edades / Biblioteca Gaarder nº 1), 2
Digital-text, El Aprendiz al Minuto: ¡Los secretos de un aprendizaje no tradicional!, 29
Digital-text, The Funnel Revolution: El movimiento masivo que está transformando miles de pequeños negocios alrededor del mundo, con…, 33
Digital-text, BUSINESS MASTER$®: LA FORMULA PASO A PASO PARA CREAR UN NEGOCIO RENTABLE PASO A PASO, 38
Digital-text, Emprende Sin Límites: Historias y secretos de emprendedores digitales para ayudarte a emprender con tu próposito de vida, 28
Digital-text, Armonía 01, 1
Digital-text, TRASTORNO DE APEGO: Superar el apego ansioso y el miedo al abandono cuando estás inseguro en el amor y sientes celos…, 4
Digital-text, Los placeres de la literatura japonesa (Biblioteca de Ensayo / Serie mayor nº 93), 6
Digital-text, Sabemos cómo vamos a morir, 3
Digital-text, Ignorarte y otras cosas imposibles, 3
Digital-text, Mente millonaria: Construye tu propio imperio, 3
Digital-text, Pensar rápido, pensar despacio, 3
Digital-text, Autodisciplina Para el Exito - Descubra Como Desarrollar el Hábito de la Autodisciplina Para Lograr el Exito: 21 Claves…, 5
Digital-text, Éxito a través del dolor: Como afrontar la discapacidad de un hijo., 14
Digital-text, Dime quién soy, 34
Digital-text, Ejemplo de proyecto: ESTADISTICA INFERENCIAL, 2
Digital-text, El poder del espejo: Un programa en 21 días para transformar nuestra vida gracias a una técnica muy sencilla: mirarnos…, 2
Digital-text, Cómo Analizar a Las Personas con Psicología: La guía definitiva para acelerar la lectura de la gente a través del…, 18
Digital-text, El manual del dictador: Por qué la mala conducta es casi siempre buena política (El Ojo del Tiempo nº 73), 3
Digital-text, Ensayos sobre derechos humanos: Prólogo de Héctor Fix Zamudio, 25
Digital-text, La era del capitalismo de la vigilancia: La lucha por un futuro humano frente a las nuevas fronteras del poder, 3
Digital-text, Ave negra: La historia de una mujer que sobrevivió al reino de Marcial Maciel, 3
Digital-text, Cómo analizar a las personas: Psicología Oscura - Técnicas secretas para analizar e influenciar a cualquiera utilizando…, 25
Digital-text, Rebecca : mi vida diaria, 15
Digital-text, Desarrolle el líder que está en usted 2.0, 21
Digital-text, La mafia de tu mirada (Famiglia NY nº 1), 18
Digital-text, Los 3 Pilares: Que construirán tu exitoso futuro., 12
Digital-text, DE INVISIBLE A PODEROSO: 7 pasos para lograr éxito en el amor, familia y negocios., 14
Digital-text, Conecta con el Poder Sanador y encuentra tú camino.: Reinicia el poderoso don de tu SER INTERIOR y eleva la…, 12
Digital-text, AUTODISCIPLINA ESPARTANA - CÓMO DESARROLLAR LA DISCIPLINA ESPARTANA, MENTALIDAD, MOTIVACIÓN Y UNA INQUEBRANTABLE FUERZA…, 27
Digital-text, SEDUCCIÓN (Thornhill Trilogy nº 1), 2
Digital-text, EMPRENDEDOR AUDAZ: Para Emprender y Alcanzar la Libertad, 20
Digital-text, El libro del cementerio (Juvenil), 5
Digital-text, Mr Lyon, 3
Digital-text, Splash Marketing: El sistema fácil y comprobado para obtener una lluvia de clientes en cualquier negocio, aún sin ser…, 17
Digital-text, AMOR ANGELICAL: Bella amistad en compañía de Ángeles y Arcángeles., 2
Digital-text, MI SER MILLONARIO: AMOR, LEALTAD Y LIDERAZGO CON AUTOCONOCIMIENTO, 2
Digital-text, Mitos y Leyendas de Yucatán, 10
Digital-text, Ni Una Dieta Mas: Ayuno Intermitente Temprano, 15
Digital-text, EXPANDE TU CORAZÓN: El camino de la congruencia hacia el correcto sentir, pensar y actuar para lograr tu transformación…, 15
Digital-text, Fragile Longing (English Edition), 15
Digital-text, MAMÁS EN CUARENTENA: Historias de la Pandemia, 15
Digital-text, 10 AÑOS CON MAFALDA, 15
Digital-text, García Luna, El señor de la muerte, 15
Digital-text, Errores comunes, 7
Digital-text, A Beautiful Poison (English Edition), 15
Digital-text, AFTERLIFE (English Edition), 15
Digital-text, No debiste aparecer: Un millonario misterioso que no se detendrá ante nada, 15
Digital-text, Unidos para complacerla: Romance de un harén inverso, 2
Digital-text, MAFALDA INEDITA, 7
Digital-text, SABOR AMOR: Recetario saludable para niños, 2
Digital-text, REDENCIÓN: La novela revelación del año., 13
Digital-text, Las 21 leyes irrefutables del liderazgo: Siga estas leyes, y la gente lo seguirá a usted, 13
Digital-text, Leonardo y Miguel Ángel, 13
Digital-text, Gente normal, 13
Digital-text, 25 maneras de ganarse a la gente: Cómo hacer que los demás se sientan valiosos, 13
Digital-text, La Novena Hija del Conde (Saga Ordinales nº 1), 10
Digital-text, Gruñón, 10
Digital-text, Las 17 Leyes Incuestionables del trabajo en equipo, 5
Digital-text, Psicología oscura: Una guía esencial de persuasión, manipulación, engaño, control mental, negociación, conducta humana…, 8
Digital-text, El manual bíblico MacArthur: Un estudio introductorio a la Palabra de Dios, libro por libro, 3
Digital-text, El lado positivo del fracaso (Nelson Pocket: Liderazgo), 3
Digital-text, Biografías de grandes cristianos, 3
Digital-text, Armonía 01, 1
Digital-text, Madres Narcisistas: Cómo manejar a una madre narcisista y recuperarse del TEPT-C, 1
Digital-text, The Battle of Tours (Poitiers) 732 (English Edition), 1
Digital-text, Medieval European Army (English Edition), 1
Digital-text, The Local Guide to Quatar( Country Guide) (English Edition), 1
Digital-text, Beach Read (English Edition), 1
Digital-text, La virgen y la bestia: Una novela independiente (Seductores rústicos nº 1), 1
Digital-text, La maleta: A veces, todo lo que necesitamos es un poco de perspectiva, 1
Digital-text, El futuro de la energía en 100 preguntas, 1
Digital-text, Kindle Unlimited: Seis Razones para NO Comprarlo, 1
Digital-text, Crónica de un sexenio fallido, 1
Digital-text, El arte de realizar tus deseos: El sentimiento es el secreto, 1
Digital-text, Reina roja, 1
Digital-text, La nueva normalidad de Tabatha: Cómo sobreviví al coronavirus, al holocausto y a mi propio asesinato, 1
Digital-text, Tormenta (Voces del pasado nº 1), 1
Digital-text, Autodisciplina Para el Exito - Descubra Como Desarrollar el Hábito de la Autodisciplina Para Lograr el Exito: 21 Claves Secretas Para Lograr sus Metas (Pensamiento Positivo nº 8), 1
Digital-text, Tal vez en otra vida: Premio Eriginal Books: Mejor novela Romántica de 2017, 1
Digital-text, Las siete hermanas (Las Siete Hermanas 1): La historia de Maia, 1
Digital-text, La Aleatoridad de la vida en la compuadora (Serie nº 1), 1
Digital-text, SABOR AMOR: Recetario saludable para niños, 2
Digital-text, Unidos para complacerla: Romance de un harén inverso, 2
Digital-text, MI SER MILLONARIO: AMOR, LEALTAD Y LIDERAZGO CON AUTOCONOCIMIENTO, 2
Digital-text, AMOR ANGELICAL: Bella amistad en compañía de Ángeles y Arcángeles., 2
Digital-text, SEDUCCIÓN (Thornhill Trilogy nº 1), 2
Digital-text, El poder del espejo: Un programa en 21 días para transformar nuestra vida gracias a una técnica muy sencilla: mirarnos…, 2
Digital-text, Ejemplo de proyecto: ESTADISTICA INFERENCIAL, 2
Digital-text, El mundo de Sofia: Novela sobre la historia de la filosofía (Las Tres Edades / Biblioteca Gaarder nº 1), 2
Digital-text, CREEMOS PORQUE AMAMOS: El acto de fe en la visión del beato John Henry Newman, 2
Digital-text, Salsas y Botanas de la Abuela, 2
Digital-text, Being Less Stress : How To Reduce Stress (English Edition), 2
Digital-text, The Local Guide To Switzerland (Country Guide) (English Edition), 2
Digital-text, The Local Guide to Bhutan( Country Guide) (English Edition), 2
Digital-text, The Local Guide to Ghana (Country Guide) (English Edition), 2
Digital-text, Sombras y ceniza, 2
Digital-text, Arreglado a la fuerza, 2
Digital-text, The Local Guide To Austria (Country Guide) (English Edition), 2
Digital-text, TIEMPO GEOLOGICO: EL TIEMPO GEOLOGICO A GRANDES RASGOS, 2
Digital-text, Ananda: El juego de la vida, 2
Digital-text, La Palabra Santa para el Avivamiento Matutino - Estudio de cristalización de Jeremías y Lamentaciones, Tomo 1, 2
Digital-text, Muchas vidas, muchos maestros, 2
Digital-text, Mantén tu voz en buena forma: Salud y fortaleza en tu voz, 2
Digital-text, Estación Espacial, 2
Digital-text, "Nefasto: Variación de ""Orgullo y prejuicio""", 2
Digital-text, Jugar con el corazón (Testimonio), 2
Digital-text, LA ÚLTIMA CRIPTA: La novela Nº1 en Amazon España (Las aventuras de Ulises Vidal), 2
Digital-text, Biografías de grandes cristianos, 3
Digital-text, El lado positivo del fracaso (Nelson Pocket: Liderazgo), 3
Digital-text, El manual bíblico MacArthur: Un estudio introductorio a la Palabra de Dios, libro por libro, 3
Digital-text, Mr Lyon, 3
Digital-text, Ave negra: La historia de una mujer que sobrevivió al reino de Marcial Maciel, 3
Digital-text, La era del capitalismo de la vigilancia: La lucha por un futuro humano frente a las nuevas fronteras del poder, 3
Digital-text, El manual del dictador: Por qué la mala conducta es casi siempre buena política (El Ojo del Tiempo nº 73), 3
Digital-text, Pensar rápido, pensar despacio, 3
Digital-text, Mente millonaria: Construye tu propio imperio, 3
Digital-text, Ignorarte y otras cosas imposibles, 3
Digital-text, Sabemos cómo vamos a morir, 3
Digital-text, Un granito de mostaza, 3
Digital-text, Ahora lo sientes, 3
Digital-text, Motivation Tip For Life (English Edition), 3
Digital-text, Discover Mysterious Bolivia With Unique Culture (English Edition), 3
Digital-text, The Local Guide to Israel ( Country Guide) (English Edition), 3
Digital-text, The Local Guide to Palestine( Country Guide) (English Edition), 3
Digital-text, Educar sin gritar (Psicología y salud), 3
Digital-text, The Local Guide to Maldives( Country Guide) (English Edition), 3
Digital-text, The Local Guide to Campuchia( Country Guide) (English Edition), 3
Digital-text, The Local Guide to New Caledonia (Country Guide) (English Edition), 3
Digital-text, The Local Guide to Arab Republic of Egypt (Country Guide) (English Edition), 3
Digital-text, The Local Guide to Tanzania (Country Guide) (English Edition), 3
Digital-text, The Local Guide to New Zealand (Country Guide) (English Edition), 3
Digital-text, El coro de los maestros carniceros (Nuevos Tiempos nº 189), 3
Digital-text, La bella y la rosa: Un romance oscuro, 3
Digital-text, SECRETOS DE LA MENTE MILLONARIA (2013), 3
Digital-text, La verdad sobre el caso Harry Quebert, 3
Digital-text, Un verdadero caballero, 3
Digital-text, Desde el interior: Retratos de la pandemia, 3
Digital-text, Nadie Sabe Cómo Invertir.: La riqueza no es una cuestión de cantidades, es cuestión de administración., 3
Digital-text, Coaching estratégico: Como transformar los limites en recursos (Problem Solving), 3
Digital-text, Obras Completas de Platón, 3
Digital-text, Edgar Allan Poe: Novelas Completas (2020 Edición), 3
Digital-text, Un disfraz para una dama, 3
Digital-text, Quidditch a través de los tiempos (Un libro de la biblioteca de Hogwarts nº 2), 3
Digital-text, Los cómplices del presidente, 3
Digital-text, El elemento (prólogo de Eduard Punset): Descubrir tu pasión lo cambia todo, 3
Digital-text, Mis sentimientos ocultos : Canciones a punto de dar a luz, 3
Digital-text, El Amor del CEO (Segunda Edicion), 3
Digital-text, REY DE DIAMANTES (Serie Hermanos King), 3
Digital-text, El principito (1), 3
Digital-text, Métodos prospectivos: Manual para el estudio y la construcción del futuro, 3
Digital-text, Un grito desesperado: Cuando los padres necesitan ser comprendidos y los hijos necesitan ser escuchados, 3
Digital-text, Psicología de las masas y análisis del yo, 3
Digital-text, Quiérete ¡ Y MUCHO!: 30 Días para aumentar tu autoestima. Cómo superar la baja autoestima, la ansiedad, el estrés, la inseguridad y la duda en ti mismo (Hábitos que cambiarán tu vida nº 4), 3
Digital-text, Abre tu mente a los números (NO FICCIÓN), 3
Digital-text, Cambia todo: Estrategias para abrazar la transformación y adaptarte al nuevo mundo laboral, 3
Digital-text, Conversaciones Cruciales - Edición revisada: Nuevas claves para gestionar con éxito situaciones críticas (Gestión del conocimiento), 3
Digital-text, Para mi desgracia, mi jefe, 3
Digital-text, Amor y venganza, 3
Digital-text, Finding Freedom: Harry and Meghan and the Making of a Modern Royal Family (English Edition), 3
Digital-text, Plan de vuelo: Guía práctica para la investigación de mercados en Latinoamérica, 3
Digital-text, SUMMONER: The Trilogy: (Books 1-3 BOXSET) (English Edition), 3
Digital-text, El bosón de Higgs no te va a hacer la cama (Fuera de colección), 3
Digital-text, La maldición de los reinos, 3
Digital-text, Mañanas milagrosas: Los 6 hábitos que cambiarán tu vida antes de las 8:00, 3
Digital-text, La peste, 3
Digital-text, Abre tu mente a los números (NO FICCION), 3
Digital-text, TRASTORNO DE APEGO: Superar el apego ansioso y el miedo al abandono cuando estás inseguro en el amor y sientes celos…, 4
Digital-text, Introduce The History Of The Country Argentine (English Edition), 4
Digital-text, Tocar con palabras: Transforma la realidad con el poder de tus palabras, 4
Digital-text, The Stand (English Edition), 4
Digital-text, The Local Guide to Togo (Country Guide) (English Edition), 4
Digital-text, The Local Guide to Angola (Country Guide) (English Edition), 4
Digital-text, Espera por mí, 4
Digital-text, Los niños del Führer, 4
Digital-text, Silvia-Gold 109 - Liebesroman: Daran ist nur die Liebe schuld (German Edition), 4
Digital-text, La liberación del alma: El viaje más allá de ti mismo (Advaita), 4
Digital-text, Antes de pulsar el botón de reinicio: Retos de la reconstrucción del turismo global tras la covid-19, 4
Digital-text, EL MUNDO DE ZAPHIRA II: El Rescate de la Princesa Amaranta, 4
Digital-text, Harry Potter and the Chamber of Secrets (English Edition), 4
Digital-text, Detestable Error, 4
Digital-text, La riqueza de las naciones, 4
Digital-text, The Allure of Toxic Leaders: Why We Follow Destructive Bosses and Corrupt Politicians--and How We Can Survive Them…, 4
Digital-text, La buena suerte, 4
Digital-text, La tristeza del samurái, 4
Digital-text, Inquebrantables, 4
Digital-text, Lee Súper Rápido (Productividad y Crecimiento Personal y Profesional nº 1), 4
Digital-text, Titanes Inmobiliarios, 4
Digital-text, Digital Millionaire Secrets : How I Built an 8-Figure Business Selling My Knowledge Online (English Edition), 4
Digital-text, Mexican Tales Vol. 1 (English Edition), 4
Digital-text, Educación Financiera avanzada partiendo de cero (Aprenda a gestionar su dinero para transformar su vida), 4
Digital-text, Aprende Python en un fin de semana, 4
Digital-text, EL SUEÑO DE QUIZANI, 4
Digital-text, Destino impuesto.: Lady Sienna y el Lord Oscuro. (Hermanas McCoy nº 1), 4
Digital-text, investments in cryptocurrencies in times of pandemic: perspective on the effect of the pandemic on cryptocurrencies (English Edition), 4
Digital-text, AprendizajeSupraescolar: Una perspectiva más allá de los paradigmas escolares, 4
Digital-text, Las 17 Leyes Incuestionables del trabajo en equipo, 5
Digital-text, El libro del cementerio (Juvenil), 5
Digital-text, Autodisciplina Para el Exito - Descubra Como Desarrollar el Hábito de la Autodisciplina Para Lograr el Exito: 21 Claves…, 5
Digital-text, Culture And History Of Portugal (English Edition), 5
Digital-text, The Local Guide to Vietnam( Country Guide) (English Edition), 5
Digital-text, The Local Guide to Kyrgyzstan( Country Guide) (English Edition), 5
Digital-text, The Local Guide to Tunisia (Country Guide) (English Edition), 5
Digital-text, Business Adventures: Twelve Classic Tales from the World of Wall Street: The New York Times bestseller Bill Gates calls…, 5
Digital-text, Rescate gris: Finalista Premio Clarín de Novela, 5
Digital-text, Historias de usuario: Una visión pragmática, 5
Digital-text, Satán: Una Autobiografía: como le fue contada a Yehuda Berg, 5
Digital-text, Empieza con el porqué: Cómo los grandes líderes motivan a actuar (Gestión del conocimiento), 5
Digital-text, SELL LIKE CRAZY: How to Get As Many Clients, Customers and Sales As You Can Possibly Handle (English Edition), 5
Digital-text, Adiós a tu Jefe - Múltiples Fuentes de Ingreso: Cómo ganar dinero en internet, 5
Digital-text, Padre rico. Padre pobre (Nueva edición actualizada).: Qué les enseñan los ricos a sus hijos acerca del dinero, 5
Digital-text, Relaciones toxicas: Vivencias de una Novia del Mar, 5
Digital-text, Siempre demasiado y nunca suficiente: Cómo mi familia creó al hombre más peligroso del mundo (Indicios no ficción), 5
Digital-text, Los placeres de la literatura japonesa (Biblioteca de Ensayo / Serie mayor nº 93), 6
Digital-text, The Local Guide to Kenya (Country Guide) (English Edition), 6
Digital-text, The Local Guide to Guinea-Bissau (Country Guide) (English Edition), 6
Digital-text, The Local Guide to Myanmar( Country Guide) (English Edition), 6
Digital-text, The Local Guide to Laos( Country Guide) (English Edition), 6
Digital-text, Lo que marca la diferencia: Convierta su actitud en su posesión más valiosa, 6
Digital-text, Ten Arguments for Deleting Your Social Media Accounts Right Now (English Edition), 6
Digital-text, Troubled Blood (A Cormoran Strike Novel Book 5) (English Edition), 6
Digital-text, La Dama Perfecta (Familia Evans nº 4), 6
Digital-text, Mil campanas, 6
Digital-text, LA CASA DE LA ESTRELLA NEGRA, 6
Digital-text, El año en que nos volvimos humanos: Más historias honestas y un plan para ser exitoso en el siglo XXI y más allá, 6
Digital-text, Todos deberíamos ser feministas, 6
Digital-text, Más allá de la igualdad formal ante la ley: ¿Qué le debe el Estado a los grupos desaventajados? (Derecho y Política), 6
Digital-text, El Asesinato de Pitágoras, 6
Digital-text, Lidérate: Método FASE - El método definitivo para ser más productivo, 6
Digital-text, Guia de Impuestos para el Inversionista: CrowdLending/Prestamos P2P, 6
Digital-text, El Ruiseñor, 6
Digital-text, Los paranoicos se salvan: Consejos para afrontar la crisis que trajo la pandemia, 6
Digital-text, Creativity and Digital Design (English Edition), 6
Digital-text, Estructura de datos y algoritmos fundamentales, 6
Digital-text, American Royals: ¿Y si Estados Unidos tuviera familia real? (FICCIÓN YA), 6
Digital-text, MAFALDA INEDITA, 7
Digital-text, Errores comunes, 7
Digital-text, Learn About Chilean History and Culture (English Edition), 7
Digital-text, Beauty In Cuba's Culture And History (English Edition), 7
Digital-text, Sea Battle Sena Gallica (English Edition), 7
Digital-text, The Local Guide to Japan( Country Guide) (English Edition), 7
Digital-text, The Local Guide to Kazakhstan( Country Guide) (English Edition), 7
Digital-text, The Local Guide to Mozambique (Country Guide) (English Edition), 7
Digital-text, The Local Guide to Fiji (Country Guide) (English Edition), 7
Digital-text, The Local Guide to United-Arab-Emirates( Country Guide) (English Edition), 7
Digital-text, Pancho Villa: La Vida y La Leyenda de Famoso Revolucionario de México, 7
Digital-text, 30 Success Tips To Make Money (English Edition), 7
Digital-text, El Hombre Mas Rico De Babilonia, 7
Digital-text, Sherlock Holmes: La colección completa, 7
Digital-text, La hechicera (Los secretos del inmortal Nicolas Flamel nº 3), 7
Digital-text, La Hora Dorada: En LatinoAmérica (EVA series), 7
Digital-text, Una historia insólita de la neurología: Casos reales de trauma, locura y recuperación, 7
Digital-text, Decisiones difíciles, 7
Digital-text, Los cañones de Agosto: Treinta y un días que cambiaron la faz del mundo (ENSAYO Y BIOGRAFÍA), 7
Digital-text, IMPLEMENTACION DE INGENIERIA DE PROYECTOS CON ENFOQUE A LOS EFECTOS DE LA REFORMA ENERGETICA, 7
Digital-text, Arsène Lupin, caballero ladrón, 7
Digital-text, Guia de Impuestos para el Inversionista - Renta Fija En Sistema Bancario/SOFIPOs/SOCAPs, 7
Digital-text, ¡Vive tu sueño!: 10 preguntas que te ayudarán a verlo y obtenerlo, 7
Digital-text, Ana, la de Avonlea (Juvenil Best sellers nº 2), 7
Digital-text, Prácticas de operaciones unitarias básicas de ingeniería química (Textos académicos nº 132), 7
Digital-text, Psicología oscura: Una guía esencial de persuasión, manipulación, engaño, control mental, negociación, conducta humana…, 8
Digital-text, La tiranía del mérito: ¿Qué ha sido del bien común?, 8
Digital-text, Amor líquido. Acerca de la fragilidad de los vínculos humanos (Psiquiatria y Psicologa), 8
Digital-text, Ardientemente Tuya : Poesía y relatos eróticos, 8
Digital-text, Caída del imperio romano, la (Historia Divulgativa), 8
Digital-text, Creepypastas: historias de terror 2.0, 8
Digital-text, Más fuerte que nunca (Crecimiento personal), 8
Digital-text, Romeo y Julieta, 8
Digital-text, Cómo Doblar tu Velocidad de Lectura en una Tarde: Curso de Lectura Rápida (Serie de Productividad Tu Business Coach nº 1…, 8
Digital-text, Otras formas de aprender: Qué funciona en educación y por qué, 8
Digital-text, La flor del azafrán amarillo, 8
Digital-text, Aprender a leer: De las ciencias cognitivas al aula (Ciencia que ladra… serie Mayor), 8
Digital-text, Juego Limpio: Una mirada desde el coaching deportivo, 8
Digital-text, Votos olvidados, 8
Digital-text, Fuera de serie: Por qué unas personas tienen éxito y otras no, 8
Digital-text, El Dinero No Es El Problema, Tú Lo Eres, 8
Digital-text, El Gran Cuaderno de Podcasting: Cómo crear, difundir y monetizar tu podcast (Kailas Periodismo nº 1), 8
Digital-text, Una dama conflictiva (Familia Allen nº 4), 8
Digital-text, LA ENIGMATICA HISTORIA DE UN AGUILA ENAMORADA: REBELDE, AVENTURERA Y SOÑADORA, UNA INSPIRADORA HISTORIA, 8
Digital-text, Con tal de verte volar, 8
Digital-text, Hábitos atómicos, 8
Digital-text, El Asesinato de Sócrates: Finalista Premio Planeta 2016, 8
Digital-text, ALITHINÍ SOFÍA: Verdadera Sabiduría, 8
Digital-text, La sombra de la sirena (Los crímenes de Fjällbacka nº 6), 8
Digital-text, Brujas literarias, 8
Digital-text, Un pequeño gran paso, 9
Digital-text, The WEIRDest People in the World: How the West Became Psychologically Peculiar and Particularly Prosperous (English…, 9
Digital-text, The Local Guide To Germany (Country Guide) (English Edition), 9
Digital-text, Unidos para protegerla: Romance de un harén inverso, 9
Digital-text, Si tú quieres moriré, 9
Digital-text, Dientes blancos, 9
Digital-text, ¿De qué tienes hambre?: La solución Chopra para la pérdida de peso permanente, el bienestar y el alimento del alma (Crecimiento personal), 9
Digital-text, Naomi (Libros del Tiempo nº 309), 9
Digital-text, Protección ejecutiva en el siglo XXI: La nueva doctrina, 9
Digital-text, TOP 7 MEJORES FOTOS CAPTADAS EN EL FUTBOL., 9
Digital-text, Gruñón, 10
Digital-text, La Novena Hija del Conde (Saga Ordinales nº 1), 10
Digital-text, Mitos y Leyendas de Yucatán, 10
Digital-text, Battle Of Clichy 1346 (part 1) (English Edition), 10
Digital-text, Trilogía de las tierras (Las Tres Edades nº 179), 10
Digital-text, The Local Guide To Montenegro (Country Guide) (English Edition), 10
Digital-text, El PODER DEL PENSAMIENTO POSITIVO - Descubra el Secreto Para Lograr Todo lo que Quiere en La Vida Ahora! Reprograme la…, 10
Digital-text, The Local Guide to Ethiopia (Country Guide) (English Edition), 10
Digital-text, Invítame a soñar (Bilogía nº 1), 10
Digital-text, El poder oculto de la amabilidad (Patmos), 10
Digital-text, Todas las cosas son posibles, 10
Digital-text, Historias breves de Hogwarts: Agallas, Adversidad y Aficiones Arriesgadas (Pottermore Presents nº 1), 10
Digital-text, Libres para aprender: Por qué el aprendizaje lúdico garantiza niños felices y seguros de sí mismos, 10
Digital-text, Dreaming With God: Co-laboring With God for Cultural Transformation (English Edition), 10
Digital-text, Cartas desde Dubai (Umbriel narrativa), 10
Digital-text, Miedo al Abandono en la Relación de Pareja, 10
Digital-text, MÁS ALLÁ DE LA RAZÓN: Una guía para el conocimiento hacia la paz interior, 10
Digital-text, Un Impedimento Para Amar, 10
Digital-text, El libro de las emociones, 10
Digital-text, The Local Guide to Mexico (Country Guide) (English Edition), 11
Digital-text, The Local Guide to South Africa (Country Guide) (English Edition), 11
Digital-text, El cortador de cañas (Libros del Tiempo nº 272), 11
Digital-text, Hunter: Una novela independiente (Seductores rústicos nº 2), 11
Digital-text, Voces griegas, 11
Digital-text, Think Like a Monk: Train Your Mind for Peace and Purpose Every Day (English Edition), 11
Digital-text, El infinito en un junco: La invención de los libros en el mundo antiguo (Biblioteca de Ensayo / Serie mayor nº 105), 11
Digital-text, Rojo, blanco y sangre azul: A veces, el amor puede ser una cuestión de Estado (FICCIÓN SIN LÍMITES), 11
Digital-text, Drácula, el no muerto (Especial Novela Negra), 11
Digital-text, Noche caliente: Edición Latinoamerica, 11
Digital-text, El enemigo: Serie Jack Reacher VIII, 11
Digital-text, La bruja (Los crímenes de Fjällbacka nº 10), 11
Digital-text, El culto a Juárez: La construcción retórica del héroe (1872-1976), 11
Digital-text, 1984, 11
Digital-text, Humanidad: Juicio Final, 11
Digital-text, ¿Cultura de Innovación o de Organización?: Una guía práctica para iniciar un cambio en la cultura de tu organización a través de la innovación., 11
Digital-text, El Inversionista de Enfrente: Haz crecer tu dinero... y tu vida., 11
Digital-text, ANALISIS A LA REBELDIA DEL PENSAR, 11
Digital-text, Me has enseñado lo que es el amor, 11
Digital-text, Conecta con el Poder Sanador y encuentra tú camino.: Reinicia el poderoso don de tu SER INTERIOR y eleva la…, 12
Digital-text, Los 3 Pilares: Que construirán tu exitoso futuro., 12
Digital-text, Characteristics In Brazilian History And Culture (English Edition), 12
Digital-text, Un sicario en cada hijo te dio: Niñas, niños y adolescentes en la delincuencia organizada, 12
Digital-text, Cara o cruz: Lázaro Cárdenas (El debate de la historia), 12
Digital-text, El Gozo de Los Negocios, 12
Digital-text, KYLE (Serie Escoceses nº 4), 12
Digital-text, Perdida en el amor, 12
Digital-text, EL MUNDO DE ZAPHIRAH II: El Rescate de la Princesa Amaranta, 12
Digital-text, Diario de viaje, 12
Digital-text, La riqueza de las naciones: el manga (La otra h), 12
Digital-text, 11,4 sueños luz, 12
Digital-text, Dieta Para Perder +10 Kilos, 12
Digital-text, La perfecta fugitiva (versión revisada) (Los señores de las Highlands nº 1), 12
Digital-text, Un bebé inesperado (Los Hermanos Smith nº 6), 12
Digital-text, 25 maneras de ganarse a la gente: Cómo hacer que los demás se sientan valiosos, 13
Digital-text, Gente normal, 13
Digital-text, Leonardo y Miguel Ángel, 13
Digital-text, Las 21 leyes irrefutables del liderazgo: Siga estas leyes, y la gente lo seguirá a usted, 13
Digital-text, REDENCIÓN: La novela revelación del año., 13
Digital-text, Abraham Lincoln - A Great Man Emancipate Slaves Part 1 (English Edition), 13
Digital-text, Taller de escritura creativa, 13
Digital-text, The Local Guide to Cuba (Country Guide) (English Edition), 13
Digital-text, El faro del silencio (Los crímenes del faro nº 1), 13
Digital-text, Santa Anna: La Vida y el Legado del Mítico Presidente y General Mexicano, 13
Digital-text, El arte de la estratagema: Cómo resolver problemas difíciles mediante soluciones simples (Biblioteca Psicologia), 13
Digital-text, The Local Guide to Aruba Island (Country Guide) (English Edition), 13
Digital-text, Las chicas rudas del pasado: 52 mujeres inolvidables que cambiaron el mundo, 13
Digital-text, El legado de Ava: Finalista del Premio Literario de Amazon 2017, 13
Digital-text, El chico del corazón blandito (Corazón blandito, nº1), 13
Digital-text, Evocadores del Cisne Negro: Historias Cortas de Amor Imposible, 13
Digital-text, Cuando México perdió la esperanza, 13
Digital-text, PRÍNCIPE DE DIAMANTES ((Serie Hermanos King)), 13
Digital-text, DE INVISIBLE A PODEROSO: 7 pasos para lograr éxito en el amor, familia y negocios., 14
Digital-text, Éxito a través del dolor: Como afrontar la discapacidad de un hijo., 14
Digital-text, Barbados With World Cultural Heritage (English Edition), 14
Digital-text, Brava, fuerte y digna, 14
Digital-text, Al Capone - The Reputed American Mafia Boss - Part 1 (English Edition), 14
Digital-text, The Local Guide to Uzbekistan( Country Guide) (English Edition), 14
Digital-text, Culture And History Of Ukraine (English Edition), 14
Digital-text, 50 Step To Success In Life (English Edition), 14
Digital-text, SOÑADOR ACTIVO: Pasa a la acción y empieza a cumplir todos tus sueños, 14
Digital-text, SIETE LIBROS PARA EVA (El origen de la inspectora Eva Santiago), 14
Digital-text, Supervivencia Postmoderna: de Sobrevivir a Realmente Vivir, 14
Digital-text, El asesinato del calígrafo de Bagdad, 14
Digital-text, La Tumba de San Pedro: ¿Qué hallaron en 1953 los Franciscanos de Tierra Santa?, 14
Digital-text, Vendes o vendes: Cómo salirte con la tuya en los negocios y la vida, 14
Digital-text, Guia de Impuestos para el Inversionista - Bolsa de Valores Nacional e Internacional, 14
Digital-text, Cerebro y silencio: Las claves de la creatividad y la serenidad, 14
Digital-text, Ana de las Tejas Verdes #1. La llegada, 14
Digital-text, La verdad de la pandemia: Quién ha sido y por qué, 14
Digital-text, No debiste aparecer: Un millonario misterioso que no se detendrá ante nada, 15
Digital-text, AFTERLIFE (English Edition), 15
Digital-text, A Beautiful Poison (English Edition), 15
Digital-text, García Luna, El señor de la muerte, 15
Digital-text, 10 AÑOS CON MAFALDA, 15
Digital-text, MAMÁS EN CUARENTENA: Historias de la Pandemia, 15
Digital-text, Fragile Longing (English Edition), 15
Digital-text, EXPANDE TU CORAZÓN: El camino de la congruencia hacia el correcto sentir, pensar y actuar para lograr tu transformación…, 15
Digital-text, Ni Una Dieta Mas: Ayuno Intermitente Temprano, 15
Digital-text, Rebecca : mi vida diaria, 15
Digital-text, La mejor versión de TI: La fórmula para ser la persona que siempre has querido ser, 15
Digital-text, La caja negra (Biblioteca Amos Oz nº 13), 15
Digital-text, ...Y se vinieron felices para siempre: Los 7 villanos que no te dejan disfrutar del sexo y cómo vencerlos, 15
Digital-text, El delfín: La historia de un soñador, 15
Digital-text, EL ESPEJO DE MAX: El Encuentro Contigo Mismo, 15
Digital-text, Think Like a Monk: The secret of how to harness the power of positivity and be happy now (English Edition), 15
Digital-text, The Local Guide To Monaco (Country Guide) (English Edition), 15
Digital-text, El aprendiz de panadero (GASTRONOMÍA Y COCINA), 15
Digital-text, Historias breves de Hogwarts: Poder, Política y Poltergeists Pesados (Pottermore Presents nº 2), 15
Digital-text, JODIDO DOCTOR, 15
Digital-text, Administración de Proyectos para Emprendedores: Tercera edición, 15
Digital-text, El Poder Secreto de la Espalda: Tu Columna Tu Centro de Energía, 15
Digital-text, Hipnótica Banda Gástrica: Los principiantes Guía para la pérdida de peso rápida y permanente a través de auto hipnosis y afirmaciones [Hypnotic Gastric Band], 15
Digital-text, Obras de Karl Marx: Biblioteca de Grandes Escritores, 15
Digital-text, Temor a amar (Bianca), 15
Digital-text, Factores que determinan una adecuada transferencia de conocimiento y que ventajas competitivas se obtiene de ellas., 15
Digital-text, La vida y la muerte me están desgastando (BOLSILLO), 15
Digital-text, El último Catón, 15
Digital-text, The Loical Guide to Bangladesh( Country Guide) (English Edition), 16
Digital-text, The Local Guide to Australia (Country Guide) (English Edition), 16
Digital-text, The Local Guide to Morocco (Country Guide) (English Edition), 16
Digital-text, Cara o cruz: Miguel Hidalgo, 16
Digital-text, Programacion avanzada en VBA-Excel para principiantes: Con ejemplos de librerías dll y complementos Add-In en Visual…, 16
Digital-text, Crímenes Exquisitos, 16
Digital-text, El arte de hacer dinero (El arte de), 16
Digital-text, Harry Potter and the Cursed Child - Parts One and Two: The Official Playscript of the Original West End Production (English Edition), 16
Digital-text, La vida que no elegí, 16
Digital-text, Splash Marketing: El sistema fácil y comprobado para obtener una lluvia de clientes en cualquier negocio, aún sin ser…, 17
Digital-text, The Local Guide to Cameroon (Country Guide) (English Edition), 17
Digital-text, The Local Guide to Georgia( Country Guide) (English Edition), 17
Digital-text, CAPITÁN RILEY: Premio Eriginal Books: Mejor Novela de Aventura. (Las aventuras del Capitán Riley nº 1), 17
Digital-text, LA EXTINCIÓN HUMANA HA COMENZADO: HUMAN EXTINCTION HAS BEGUN, 17
Digital-text, Los 7 Pasos Para Destruir El Estrés: Estrategias para el equilibrio personal, 17
Digital-text, La mafia de tu mirada (Famiglia NY nº 1), 18
Digital-text, Cómo Analizar a Las Personas con Psicología: La guía definitiva para acelerar la lectura de la gente a través del…, 18
Digital-text, Learn History And Geography Belize (English Edition), 18
Digital-text, Bahamas - Beautiful Island Nation (English Edition), 18
Digital-text, Le llamé corbata (Nuevos Tiempos nº 307), 18
Digital-text, Rage (English Edition), 18
Digital-text, Los ecos del pantano: La arqueóloga forense Ruth Galloway en su primer caso (MAEVA noir), 18
Digital-text, Mapas litofacies, 18
Digital-text, Aristotle (384 - 322 BC) The Great Ancient Greek Philosopher (English Edition), 19
Digital-text, What You Need To Know About Colombian History (English Edition), 19
Digital-text, The Local Guide to Comoros (Country Guide) (English Edition), 19
Digital-text, Benjamin Franklin (1706 - 1790) Founder Of The United States (English Edition), 19
Digital-text, El bosón de Higgs (NATGEO CIENCIAS), 19
Digital-text, El hombre que calculaba: Un cuento oriental para descubrir las matemáticas (NO FICCIÓN), 19
Digital-text, Fósiles : Lista de fósiles y clasificación, 19
Digital-text, Un pequeño error: Una historia de amor, segundas oportunidades y pasiones secretas, 19
Digital-text, ¿Cómo enseñar con Zoom?: Una guía práctica para motivar a tus estudiantes y ayudarlos a aprender, 19
Digital-text, EMPRENDEDOR AUDAZ: Para Emprender y Alcanzar la Libertad, 20
Digital-text, Cómo Analizar a Las Personas con Psicología: La guía definitiva para acelerar la lectura de la gente a través del análisis del lenguaje corporal y la psicología del comportamiento, 20
Digital-text, Hostil, 20
Digital-text, Una cenicienta para el jeque (Bianca), 20
Digital-text, De Plebeya a Princesa: Por una noche en las Vegas, 20
Digital-text, Desarrolle el líder que está en usted 2.0, 21
Digital-text, La historia oscura detrás de la pandemia: El baile de cifras de López-Gatell, 21
Digital-text, La contracultura en México (Edición de aniversario): La historia y el significado de los rebeldes sin causa, los…, 21
Digital-text, Hazte dueño de ti, 21
Digital-text, 21 lecciones para el siglo XXI, 21
Digital-text, Don Quijote, 21
Digital-text, ¡Sálvese quien pueda!: El futuro del trabajo en la era de la automatización, 21
Digital-text, Rivales de la seducción (Libertinos Enamorados nº 5), 21
Digital-text, Abraham Lincoln - A Great Man Emancipate Slaves (Part 2) (English Edition), 22
Digital-text, Quiérete ¡ Y MUCHO!: 30 Días para aumentar tu autoestima. Cómo superar la baja autoestima, la ansiedad, el estrés, la…, 22
Digital-text, Memoriza como Sherlock Holmes – Aprende la técnica del palacio de la memoria: Técnica probada para memorizar cualquier…, 22
Digital-text, PERO QUERÍAS SER DOCTOR: Ensayos cortos de lo que implica ser médico, 22
Digital-text, The Local Guide to Rwanda (Country Guide) (English Edition), 23
Digital-text, Playing with Fire: A Bad Boy College Romance (English Edition), 23
Digital-text, Way of the Wolf: Straight line selling: Master the art of persuasion, influence, and success (English Edition), 23
Digital-text, Cómo Analizar a las Personas: La Guía Definitiva Para Leer Rápido a Las Personas Mediante Psicología de Comportamiento…, 23
Digital-text, Cita con el jefe (Princesas al borde de un ataque de nervios nº 1), 23
Digital-text, Attila The Hun And The Battle Of Chalon (English Edition), 24
Digital-text, The Local Guide to Namibia (Country Guide) (English Edition), 24
Digital-text, Dune (English Edition), 24
Digital-text, Inteligencia Emocional 2.0: 6 libros - Cómo Analizar a las Personas, Autodisciplina para el Éxito, Eliminar el Estrés…, 24
Digital-text, Felicidad Infinita: Balance perfecto entre aliados y enemigos, 24
Digital-text, Quédate: Volumen 6, 24
Digital-text, ¿Quién se ha llevado a Daisy Mason? (LOS IMPERDIBLES), 24
Digital-text, Cómo analizar a las personas: Psicología Oscura - Técnicas secretas para analizar e influenciar a cualquiera utilizando…, 25
Digital-text, Ensayos sobre derechos humanos: Prólogo de Héctor Fix Zamudio, 25
Digital-text, Hittite Civilization (English Edition), 25
Digital-text, The Local Guide to United States (Country Guide) (English Edition), 25
Digital-text, The Local Guide To Italia (Country Guide) (English Edition), 25
Digital-text, The Local Guide to Papua New Guinea (Country Guide) (English Edition), 25
Digital-text, The Local Guide to French Polynesia (Country Guide) (English Edition), 25
Digital-text, El jefe perfecto (Los hermanos Smith nº 1), 25
Digital-text, Tu camino para sanar, 25
Digital-text, Estados Unidos: en la intimidad y a la distancia, 25
Digital-text, Me tiraste a matar pero... tengo siete vidas : Kit contra las noches de insomnio y dolores del corazón, 25
Digital-text, Matias el niño Guerrero : Una historia de vida que contar (Spanish), 25
Digital-text, Inversiones en criptomonedas en tiempos de pandemia: Perspectiva sobre la pandemia en el mercado cripto, 25
Digital-text, The Battle of Salamis (English Edition), 26
Digital-text, Animales fantásticos y dónde encontrarlos (Un libro de la biblioteca de Hogwarts nº 1), 26
Digital-text, AUTODISCIPLINA ESPARTANA - CÓMO DESARROLLAR LA DISCIPLINA ESPARTANA, MENTALIDAD, MOTIVACIÓN Y UNA INQUEBRANTABLE FUERZA…, 27
Digital-text, LOS 7 ENGRANES DIGITALES: Qué hacer con tu estrategia digital en tiempos de cambio., 27
Digital-text, The Local Guide To Belgium (Country Guide) (English Edition), 27
Digital-text, LÉASE ANTES DE CASARSE... Y DESPUÉS TAMBIÉN: Porque los Grandes Eventos, Requieren Grandes Preparativos, 27
Digital-text, El método Lean Startup: Cómo crear empresas de éxito utilizando la innovación continua, 27
Digital-text, Bajo la oscuridad de Ayacame: Una historia de crimen y misterio, 27
Digital-text, Emprende Sin Límites: Historias y secretos de emprendedores digitales para ayudarte a emprender con tu próposito de vida, 28
Digital-text, Historical Overview Of Costa Rica (English Edition), 28
Digital-text, Battle of Hattin 1187- The great feat of Saladin-2 (part 1) (English Edition), 28
Digital-text, Al Capone -The Reputed American Mafia Boss - Part 3 (English Edition), 28
Digital-text, The Local Guide to Nigeria (Country Guide) (English Edition), 28
Digital-text, Culture And History Of Spain (English Edition), 28
Digital-text, Tenebra, 28
Digital-text, American Royals (English Edition), 28
Digital-text, La perfecta prometida (Señores de las Highlands nº 2), 28
Digital-text, Aritmética, 28
Digital-text, El Teorema y Apocalipsis: Colección, 28
Digital-text, The definitive guide in Math for High School (English Edition), 28
Digital-text, El Aprendiz al Minuto: ¡Los secretos de un aprendizaje no tradicional!, 29
Digital-text, Roman Empire history 1 (English Edition), 29
Digital-text, Egyptian History In The New Kingdom Period 2 (English Edition), 29
Digital-text, LAS RECETAS DE MARISCOS DE LA ABUELA, 29
Digital-text, Como polvo en el viento, 29
Digital-text, Perdida en el tiempo, 29
Digital-text, QUÉ PADRES, PADRES: 4 Pilares para Construir Relaciones Sólidas con tus Hijos, 30
Digital-text, Ecuador - Priceless Treasure South America (English Edition), 30
Digital-text, The Local Guide to Korea ( Country Guide) (English Edition), 30
Digital-text, Diez razones para borrar tus redes sociales de inmediato, 30
Digital-text, La Aleatoridad de la vida en la computadora (Serie nº 1), 30
Digital-text, Guía para elaborar trabajos académicos: Desde nociones de redacción hasta los pasos para hacer distintos trabajos (Manuales CETYS), 30
Digital-text, La amiga estupenda (Dos amigas 1), 30
Digital-text, Liderazgo 4x4 : Cómo comunicar, liderar, formar y reclutar a las cuatro generaciones: Baby Boomer, Generación X, Milenials y Centenials, para alcanzar resultados organizacionales y personales, 30
Digital-text, Al Capone -The Reputed American Mafia Boss - Part 2 (English Edition), 31
Digital-text, The Local Guide to Zambia (Country Guide) (English Edition), 31
Digital-text, Business Adventures: Twelve Classic Tales from the World of Wall Street (English Edition), 31
Digital-text, Nuestras Mejores Recetas: Edición Vegetales al la Parrilla, 31
Digital-text, Manual de presentación de trabajos escritos (Manuales CETYS), 32
Digital-text, Controla tu tiempo, controla tu vida: Un sistema revolucionario para obtener más resultados en cada área de tu vida., 32
Digital-text, El enigma Spinoza, 32
Digital-text, Diseño de una micro red, 32
Digital-text, The Funnel Revolution: El movimiento masivo que está transformando miles de pequeños negocios alrededor del mundo, con…, 33
Digital-text, The Local Guide to Burundi (Country Guide) (English Edition), 33
Digital-text, "Trilogía de los Tres Cuerpos: Pack con: El problema de los tres cuerpos , 33
Digital-text, Momentos estelares de la humanidad: Catorce miniaturas históricas (El Acantilado nº 64), 33
Digital-text, Cómo ganar amigos e influir sobre las personas, 33
Digital-text, Mathematics: Functions (English Edition), 33
Digital-text, Dime quién soy, 34
Digital-text, Minoan Civilization From Legend To History (English Edition), 34
Digital-text, Expresión verbal con fines específicos, 34
Digital-text, Los crímenes del lago: Finalista del Premio Literario de Amazon 2017, 35
Digital-text, Grandes Novelas: La máquina del tiempo - La isla del doctor Moreau - El hombre invisible - La guerra de los mundos (FICCIÓN GENERAL), 35
Digital-text, Roman Empire history 2 (English Edition), 36
Digital-text, The Local Guide to Zimbabwe (Country Guide) (English Edition), 36
Digital-text, Mysterious Shroud Of Jesus Christ - Part 1 (English Edition), 36
Digital-text, Los Cuatro Acuerdos (Un libro de la sabiduría tolteca), 36
Digital-text, Nunca te quedes sin gente con quién hablar: Redes sociales para el éxito de tu negocio: Never Run Out of People to Talk…, 36
Digital-text, La guía definitiva en Matemáticas para el ingreso al bachillerato, 36
Digital-text, Matemáticas: funciones, 36
Digital-text, Los Juegos del Hambre. Balada de pájaros cantores y serpientes, 36
Digital-text, Los 9 pasos para lograr Relaciones Estables: La Técnica de los Vasos, 36
Digital-text, Zero Frequency: El camino más fácil hacia la paz, la felicidad y la abundancia, 37
Digital-text, La guía definitiva en Matemáticas para el ingreso a la Universidad, 37
Digital-text, El Teorema del Punto Fijo, 37
Digital-text, BUSINESS MASTER$®: LA FORMULA PASO A PASO PARA CREAR UN NEGOCIO RENTABLE PASO A PASO, 38
Digital-text, Nunca te quedes sin gente con quién hablar: Redes sociales para el éxito de tu negocio: Never Run Out of People to Talk to: Social Media for your Business Success - Spanish Edition Edición en español, 38
Digital-text, Batman: Year One (Batman (1940-2011)) (English Edition), 38
Digital-text, Multimillonario Inalcanzable ~ Mason: La Obsesión del Multimillonario, 38
Digital-text, El invierno más largo (Best seller / Thriller), 38
Digital-text, Las Recetas De Ave De La Abuela, 39
Digital-text, Untamed (English Edition), 39
Digital-text, Examen extraordinario. Antología de cuentos (Colección Popular), 40
Digital-text, The Local Guide to Palau (Country Guide) (English Edition), 40
Digital-text, PROCRASTINACIÓN: APRENDE A VENCERLA, MEJORA TU PRODUCTIVIDAD Y OBTÉN TUS OBJETIVOS, 40
Digital-text, Harry Potter y el legado maldito: El guión oficial de la producción original del West End, 40
Digital-text, Conquer the crusades (lesson 1) 1 (English Edition), 41
Digital-text, Tu sangre me mata: Serie completa (Hermanos Banes nº 4), 41
Digital-text, Explore The History and Culture Of Guatemala (English Edition), 43
Digital-text, Muerte sin resurrección (Eva Santiago 1), 43
Digital-text, LA FUERZA DEL YOGA: El Camino para lograr Armonía en tu Vida, Fortalecerte Internamente, Elevar tu Conciencia y Vivir en Plenitud, 43
Digital-text, Cómo Doblar tu Velocidad de Lectura en una Tarde: Curso de Lectura Rápida (Serie de Productividad Tu Business Coach nº 1), 43
Digital-text, Aprende como Einstein: Memoriza más, enfócate mejor y lee efectivamente para aprender cualquier cosa: Las mejores técnicas de aprendizaje acelerado y lectura efectiva para pensar como un genio, 43
Digital-text, Una noche sin dormir (Una noche sin dormr nº 1), 43
Digital-text, Kingdom of Mitanni (English Edition), 44
Digital-text, Alimentos psicológicos: Cuáles potencian o limitan tu mente., 44
Digital-text, Persuasion, 45
Digital-text, Lágrimas en la lluvia, 45
Digital-text, Nadie nos vio partir, 45
Digital-text, La Quinta Esencia (Saga Ordinales nº 5), 45
Digital-text, The Local Guide to Botswana (Country Guide) (English Edition), 46
Digital-text, Autobiografía de un titán: John D. Rockefeller y los secretos de su imperio, 46
Digital-text, Sé Más Inteligente: Edición Especial, 47
Digital-text, Cambia mi suerte (Libro 1), 48
Digital-text, Los cuentos de Beedle el bardo (Un libro de la biblioteca de Hogwarts nº 3), 48
Digital-text, Apocalipsis: el comienzo, 48
Digital-text, The Local Guide to India ( Country Guide) (English Edition), 49
Digital-text, SECTOR ELÉCTRICO MEXICANO: SECTOR ELÉCTRICO MEXICANO, INTEGRACIÓN DE RECURSOS DE ENERGÍA., 49
Digital-text, Las batallas en el desierto, 49
Digital-text, El poder del ahora: Un camino hacia la realización espiritual, 49
Digital-text, The Local Guide to Benin (Country Guide) (English Edition), 51
Digital-text, Dune (Las crónicas de Dune 1), 51
Digital-text, 50 LECCIONES EN DESARROLLO INMOBILIARIO: De los errores mas comunes y sus orígenes al nuevo modelo de mejores practicas, 53
Digital-text, Inglés: El Secreto Para Hablar Inglés Como Un Nativo En 6 Meses Para Personas Con Poco Tiempo, 54
Digital-text, Un coloquio inesperado: Cómo sacarle jugo a una crisis, 54
Digital-text, Inversiones con Mercado Pago: Como invertir a través de Mercado Pago, 54
Digital-text, A part of my Cosmos: Cosmos Zappa, 56
Digital-text, Matilde debe morir, 57
Digital-text, La Cueva: Prisiones que limitan tu desarrollo personal y tu libertad., 57
Digital-text, Perfectos mentirosos, 58
Digital-text, El Plan de Marketing de 1-Página: Consigue Nuevos Clientes, Gana Más Dinero, Y Destaca Entre La Multitud, 58
Digital-text, Crisis: Sortéala y aprovecha sus oportunidades en tu pyme, 59
Digital-text, ¿Quién se ha llevado mi queso?: Cómo adaptarnos en un mundo en constante cambio (Narrativa empresarial), 60
Digital-text, Tu historia, tu faro : Un camino para reconciliarte con tu pasado., 62
Digital-text, Serás mi condena (Acuerdos de Escándalo nº 4), 63
Digital-text, Vibrando alto, 64
Digital-text, El Mensaje, 65
Digital-text, El Principito, 65
Digital-text, Enfermedades Cardiovasculares, 65
Digital-text, Heart Bones (English Edition), 66
Digital-text, El pasado, presente y futuro de México, 67
Digital-text, Edipo Rey - Antígona, 67
Digital-text, Solo Cinco Minutos, 69
Digital-text, Analisis a la esencia de la metodologia de la investigacion, 70
Digital-text, PROTECCIÓN MILLONARIA: Estrategias para Proteger a tu Familia y Cumplir tus Sueños, 71
Digital-text, ACELERA TU ÉXITO FINANCIERO: 10 Pasos para Sanar, Asegurar y Transformar tus Finanzas, 74
Digital-text, El deseo del millonario (Los Sinclair nº 7), 78
Digital-text, El océano al final del camino (Novela (roca)), 78
Digital-text, Los Caldos De La Abuela, 78
Digital-text, Creatividad y diseño digital, 80
Digital-text, Hermana, date cuenta: No es revolución, es negocio, 82
Digital-text, LOS SECRETOS PARA TENER TU LIBERTAD FINANCIERA ACELERADA: Las 9 claves que me ayudaron a conseguir mi Libertad…, 83
Digital-text, La Sombra del Viento, 84
Digital-text, Limitless: Upgrade Your Brain, Learn Anything Faster, and Unlock Your Exceptional Life (English Edition), 87
Digital-text, Literatura I: para Entornos Virtuales de Aprendizaje, 90
Digital-text, Introducción al análisis ético, 90
Digital-text, Los bandidos de Río Frío, 91
Digital-text, CÓMO VENDER SIN VENDER: 7 Secretos para Vivir de las Ventas, y No Morir en el Intento, 92
Digital-text, Habla inglés de una puta vez: O 'Cómo aprender inglés, para hispanohablantes inteligentes', 94
Digital-text, Temporada de huracanes, 95
Digital-text, Sigmund Freud: Obras Completas, 97
Digital-text, Pequeño cerdo capitalista. Inversiones: Para hippies, yuppies y bohemios, 98
Digital-text, COVID-19 CÓMO ENFRENTARLA EXITOSAMENTE: Lo que puedes hacer para obtener un mejor resultado ante esta enfermedad, 105
Digital-text, Sígueme, amor, 106
Digital-text, Ayuno Intermitente Temprano: Ni Una Dieta Mas, 108
Digital-text, Una Sorpresa por Accidente, 109
Digital-text, El Libro Negro de la Nueva Izquierda: Ideología de género o subversión cultural, 111
Digital-text, Tú no eres para mí, 118
Digital-text, La intérprete de cuerpos (Inspectora Jude Fontaine nº 1), 121
Digital-text, Cómo Analizar a las Personas: La Guía Definitiva Para Leer Rápido a Las Personas Mediante Psicología de Comportamiento, Analizar el Lenguaje Corporal, Entender lo Que Cada Persona Está Diciendo., 125
Digital-text, La paciente silenciosa, 126
Digital-text, La Belleza de la Bestia, 132
Digital-text, Nuestras Mejores Recetas: Edición Salsas, 138
Digital-text, La vida mentirosa de los adultos, 139
Digital-text, Lo supe en cuanto le vi, 143
Digital-text, Harry Potter and the Philosopher's Stone (English Edition), 146
Digital-text, El conde de Montecristo: Ilustrado, 147
Digital-text, Las tinieblas y el alba (La precuela de Los pilares de la Tierra), 150
Digital-text, 30 recetas saludables para tener un mejor estilo de vida, 153
Digital-text, El punto clave (The Tipping Point), 160
Digital-text, Little Boy Lost (English Edition), 171
Digital-text, Más Allá de la Luna, 173
Digital-text, Dune (Nueva edición) (Las crónicas de Dune 1), 175
Digital-text, La dama del subterráneo, 175
Digital-text, El Príncipe, 185
Digital-text, Mi querido Señor Langdon, 186
Digital-text, El traidor: El diario secreto del hijo del Mayo, 190
Digital-text, Stillhouse Lake (English Edition), 193
Digital-text, El placebo eres tú- Epub, 199
Digital-text, Adiós a tu jefe - Inversiones: Todo lo que necesitas saber para comenzar a invertir, 213
Digital-text, Manipulación y Psicología Oscura: Cómo aprender a leer a las personas, detectar la manipulación emocional encubierta, detectar el engaño y defenderse del abuso narcisista y de las personas tóxicas, 226
Digital-text, El libro negro de la persuasión (Caminos nº 1), 230
Digital-text, 33 Técnicas de Persuasión Infalibles: Utiliza la influencia positiva para alcanzar tus metas, 233
Digital-text, ILLUMINATI: LOS AMOS QUE CONTROLAN EL MUNDO: Los secretos, misterios, símbolos y ritos de la Orden de los Iluminados y…, 237
Digital-text, El llano en llamas, 246
Digital-text, Todavía tú, 249
Digital-text, Harry Potter y el misterio del príncipe, 261
Digital-text, La traición del duque de Grafton, 266
Digital-text, Inteligencia Emocional 2.0: 6 libros - Cómo Analizar a las Personas, Autodisciplina para el Éxito, Eliminar el Estrés, Autoconfianza y Autoestima, Manipulación ... (Mindfulness Descongestiona tu mente nº 7), 267
Digital-text, Manipulación y Psicología Oscura: Cómo aprender a leer a las personas, detectar la manipulación emocional encubierta…, 276
Digital-text, Anne Of Green Gables Complete 8 Book Set (English Edition), 283
Digital-text, Midnight Sun (English Edition), 296
Digital-text, Beneath a Scarlet Sky: A Novel (English Edition), 311
Digital-text, Harry Potter y las Reliquias de la Muerte, 313
Digital-text, Problemario de Matemáticas 1: Primero de secundaria, 322
Digital-text, Harry Potter y la Orden del Fénix, 344
Digital-text, El Club de las 5 de la mañana: Controla tus mañanas, impulsa tu vida, 354
Digital-text, Trilogía Los Juegos del hambre (INFANTIL Y JUVENIL), 382
Digital-text, El murmullo de las abejas, 388
Digital-text, Ana, la de Tejas Verdes (Juvenil Best sellers nº 1), 397
Digital-text, Felipe, el oscuro, 400
Digital-text, Placer Sombrío, 431
Digital-text, Pedro Páramo, 459
Digital-text, El hombre en busca de sentido, 478
Digital-text, , 490
Digital-text, La bailarina de Auschwitz (Edición mexicana): Una inspiradora historia de valentía y supervivencia, 526
Digital-text, El enigma de la habitación 622, 546
Digital-text, Harry Potter y el cáliz de fuego, 575
Digital-text, 50 Obras Maestras Que Debes Leer Antes De Morir: Vol. 3, 596
Digital-text, MARIDO FARSANTE, 597
Digital-text, 50 Obras Maestras Que Debes Leer Antes De Morir: Vol. 2, 600
Digital-text, Harry Potter y el prisionero de Azkaban, 602
Digital-text, Sapiens. De animales a dioses: Una breve historia de la humanidad, 604
Digital-text, Harry Potter y la cámara secreta, 661
Digital-text, El sutil arte de que te importe un caraj*: Un enfoque disruptivo para vivir una buena vida, 663
Digital-text, El cerebro del niño: 12 estrategias revolucionarias para cultivar la mente en desarrollo de tu hijo (Educación), 664
Digital-text, Salvar el fuego, 696
Digital-text, Sol de Medianoche (Saga Crepúsculo 5), 697
Digital-text, Los cuatro acuerdos: Un libro de sabiduría tolteca (Crecimiento personal), 708
Digital-text, Harry Potter y la piedra filosofal, 708
Digital-text, 50 Obras Maestras Que Debes Leer Antes De Morir: Vol. 1, 708
Digital-text, Deja de ser tú (Crecimiento personal), 708
Digital-text, De Cero a Inversionista: Domina el juego del dinero, 708
Digital-text, La viajera del tiempo, 709
Digital-text, La Divina Comedia : el infierno, el purgatorio y el paraíso, 709
