Electronics, Xiaomi Audífonos Redmi Airdots, 514
Electronics, Echo Dot (3ra generación) - Bocina inteligente con Alexa - Granate, 722
Electronics, TP-LINK TL-WA850RE Repetidor de Wifi Extensor de Cobertura Inalámbrico Universal, 300Mbps, Enchufe de Pared, Tipo Plug and Play, Puerto Ethernet, Luz Indicadora de Señal Inteligente, 310
Electronics, KoblenzRS-1400-I - Regulador  de hogar y oficina, 1400 VA, 600 W, Negro, 1 Unidad, 111
Electronics, Xiaomi Mi Smart Band 5 (Versión Global), 702
Electronics, Fire TV Stick - Reproductor de media con control remoto sin Alexa, 722
Electronics, Roku 3930 Express Streaming TV, 638
Electronics, Logitech - C920 - Cámara Web Full HD 1080p - Negro, 184
Electronics, ADATA 128 GB Tarjeta de Memoria Micro SDXC con Adaptador Color Negro con Azul A1 (Clase 10), 722
Electronics, Jasinber 6-Pack Webcam Cover, Spy Guardia Protectora Deslizante de cámara Web para Laptop/Computer/PC/Macbook Pro/iPhone/Smartphone (6-Pack), 200
Electronics, Logitech G203 LIGHTSYNC, 250
Electronics, "Kingston 480GB A400 SATA 3 2.5"" SSD Interno SA400S37/480G - sustituto de disco duro para mayor rendimiento", 721
Electronics, "Kingston 240GB A400 SATA 3 2.5"" SSD Interno SA400S37/240G - Sustituto de disco duro para mayor rendimiento", 722
Electronics, JBL JBLGO2BLK Bocina Inalámbrica, Color Negro, 57
Electronics, Google GA00439-MX Chromecast 3ra generación, Negro, 721
Electronics, ADATA 32 GB Tarjeta de Memoria Micro SDHC con Adaptador Color Negro con Morado (Clase 10), 476
Electronics, Amazon Smart Plug compatible con Alexa, 634
Electronics, VicTsing Alfombrilla Para Mouse Gamer XXL Alfombrilla De Ratón PC Alfombrilla Mouse(80* 40* 0.25 cm), Alfombrilla De Teclado Impermeable, Base Antideslizante, Para Trabajo Juegos Oficina Hogar, Nergo, 45
Electronics, Mouse Inalámbrico,Leolee Ratón Recargable Wireless 2.4G Ergonómico óptico Silencioso Click con Receptor USB y Tipo-c Adaptador 3(1000/1200/1600)Ajustable DPI Ratón Para Computadora,Portátil,PC,Mac (Negro), 309
Electronics, Sony MDREX14APB Audífonos intrauditivos de Silicón, color Negro, 425
Electronics, Firstop Auriculares Bluetooth, Audífonos Inalámbricos Impermeables IPX7, Auriculares con Reducción de Ruido y Ajuste Seguro para Deportes y Gimnasia, con Micrófono Incorporado, 309
Electronics, Tarjeta de memoria, SanDisk Ultra, Tarjeta de Memoria SD 200 GB, SDSQUAR-GN6MA, 30
Electronics, ADATA 64 GB Tarjeta de Memoria Micro SDXC con Adaptador Color Negro con Morado (Clase 10), 554
Electronics, Jecoo Mini Audífonos Inalámbricos Bluetooth 5.0 Auriculares Bluetooth Deportivos Estéreo Reduce el Ruido a Pruebe de Sudor Micrófono Incorporado Soporta Manos Libres con Caja de Carga, 284
Electronics, VTech DECT 6.0 teléfono inalámbrico, Sin Sistema de Respuesta, Blanco, 3.50 x 3.50 x 7.00 Inches, 45
Electronics, Logitech - Mk220 - Combo De Mouse Y Teclado Inalámbricos - Negro, 692
Electronics, ADATA Powerbank Batería Portatil Color Negro 20000 mAh con Pantalla Digital (Modelo P20000D), 337
Electronics, E-reader Kindle Paperwhite, resistente al agua, color Negro, 32 GB Wi-Fi, 10ª generación, 356
Electronics, JBL JBLT110BLK In-ear Negro, 304
Electronics, UGREEN Carcasa de Disco Duro, Caja de Disco Duro USB 3.0 con UASP Integrado, Compatible con 2.5'' HDD SSD SATA I/II/III de 7mm 9.5mm, 6TB MAX con 30CM Cable Extraíble, 158
Electronics, Nuevo e-reader Kindle, ahora con una luz frontal, color Blanco, 10ª generación - 2019, 649
Electronics, TP-LINK RE200 Extensor de Rango de Repetidor WiFi de Banda Dual Universal, 3 Antenas, Puerto Fast Ethernet, AC750, Modo AP Compatible, 268
Electronics, Epson Multifuncional Ecotank L3150, tanque de tinta a color para Hogar, Wi-Fi Direct, 467
Electronics, Xiaomi REDMI Note 9 Dual 128GB (Version Global) Forest Green, 340
Electronics, "Xiaomi Redmi Note 8 (4gb 64gb) 6.3"" Neptune Blue", 203
Electronics, Echo Spot - Reloj inteligente con Alexa - Negro, 39
Electronics, AmazonBasics Performance Baterías alcalinas de alto rendimiento, 48 baterias, 561
Electronics, "JETech Protector de Pantalla Compatible iPhone 11 y iPhone XR 6,1"", Vidrio Templado, 2 Unidades", 257
Electronics, Wacom CTL472 Tableta One by Chica, Color, Pack of/Paquete de 1, 185
Electronics, PANASONIC RP-HF410B Audífono de Diadema Bluetooth, 24hrs de reproducción inalámbrica, control inteligente por voz, manos libres, sistema de bajos extra (XBS), plegables, muy ligeros (130g) Color NEGRO, 111
Electronics, Xiaomi Redmi Note 9S 128GB Gris Interestelar Desbloqueado, 323
Electronics, Xiaomi REDMI Note 9 Dual 128GB (Version Global) Interstellar Grey, 199
Electronics, "Xiaomi Redmi Note 9 4 GB RAM + 128 GB, 48 MP Quad cámara Hotshot 5020 mAh batería 6.53""FHD +, LTE Smartphone Desbloqueado de fábrica - Versión Internacional (Blanco Polar)", 103
Electronics, AmazonBasics Estuche para Disco Duro Externo, 25
Electronics, TP-Link WiFi Router TL-WR840N con Multimodo, Router/Repetidor/WISP/Punto de Acceso, Botón WPS, Control Parental, 300Mbps N en 2.4 GHz, 2 Antenas Externas, 117
Electronics, Xiaomi Audífonos Bluetooth Redmi Airdots, 318
Electronics, VicTsing Mouse Pad Alfombrilla para Ratón 26*21*2cm, Para Mouse Gamer y Mouse Inalámbrico Con Bordes Cosidos, Superficie Premium-Textured, Base de Goma Antideslizante, Para Laptop Oficina Juegos Nergo, 310
Electronics, Samsung LC24F390FHLXZX - Monitor Curvo, Negro (Black High Glossy), 23.5”, 386
Electronics, VicTsing 1080P HDMI a VGA de Convertidor de Vídeo para PC, TV, Ordenadores Portátiles, Reproductores de DVD y Otros Dispositivos HDMI-Enchapado en Oro, 1
Electronics, Sendowtek Ratón Inalámbrico Recargable, Wireless Mouse 2.4G Ergonómico Wireless Ratón óptico Silencioso Click, con Receptor USB Adaptador para Computadora Portátil, PC, Computadora, Macbook, 1
Electronics, MavisLink - Tarjetas de captura de audio y vídeo HDMI a USB 1080p USB 2.0 para grabación a través de videocámara réflex digital para adquisición de alta definición, transmisión en vivo, 15
Electronics, Quntis Cable iPhone, Apple MFi Certificado 3 Pies 2m Cable Lightning, Compatible con iPhone 11 XS MAX XR X 8 7 6s Plus, iPad Mini/Air, iPod, Airpods- White, 98
Electronics, Logitech G - G502 HERO - Mouse de Hasta 16,000 DPI, Botones Programables, Peso Ajustable, con Iluminación RGB para Gaming - Negro, 48
Electronics, Energizer Recharge Universal, AA, 4 Rechargeable Battery - Pilas (AA, 4, Rechargeable Battery, 4 Pieza(s), Verde, Plata, Ampolla, AA), 15
Electronics, "Luz de anillo para selfie de 10,2"" con trípode, IKAAMA soporte para teléfono y mando a distancia Bluetooth, IKAAMA luz circular ajustable LED para maquillaje/YouTube Video/Fotografía/Cámara/Vlogging compatible con iPhone Android", 67
Electronics, TP-Link TL-WN725N N150 USB wireless WiFi network Adapter for pc with SoftAP Mode - Nano Size, Compatible with Windows XP/7/8/8.1/10 - Mac OS 10.6~10.11 - Linux Kernal 2.6~3.16, 220
Electronics, , 347
Electronics, TECHVIDA Mesa Laptop, Bastidor de Enfriamiento para Computadora Portátil , Soporte de Aluminio Ajustable Portátil, Doble Ventilador y Tablero para Mouse, Portátil Universal, Adecuado para Sofás, Camas, etc, Diseño Ergonómico (Negro), 20
Electronics, SanDisk RAM-3077 - Tarjeta microSDXC UHS-I 128GB, 160Mb/S 4K Clase A2 V30 C/Adaptador, 4
Electronics, TP-LINK Archer C7 AC1750 Router Inalámbrico de Banda Dual Gigabit AC Router WiFi, 1 Puerto USB, 450Mbps a 2.4GHz, 1300Mbps a 5Ghz, IPv6, Red de Invitados, 25
Electronics, BenQ GW2480 Monitor LED, Eye-Care Tech, FHD 1080p, HDMI, Negro, 24 pulgadas, 167
Electronics, Duracell - Baterías recargables AA de hasta 400 recargas, 4 unidades, 22
Electronics, Cámara web 1080P HD, video digital en vivo, cámara web de transmisión en vivo, micrófono dual integrado, cámara de computadora USB, PC Mac portátil, cámara web de computadora, reducción de ruido para Xbox YouTube Skype, 15
Electronics, Apple Wireless Keyboard MC184LL/B, 6
Electronics, Dell KITDLL110 Kit Teclado y Mouse Km117, Estándar, Negro, 20
Electronics, Kingston SA400S37/120G Disco Duro Sólido, 120 GB, Serial ATA III, 500 MB/s, 320 MB/s, 333
Electronics, Amazon Basics Performance Baterías alcalinas de Alto Rendimiento, 253
Electronics, Audífonos Gamer con Micrófono para PS4 Xbox One PC, Diadema Auriculares Alámbrico Estéreo para Juegos Cancelación de Ruido y Luz LED Control de Volumen Headset para Computadora Portátil, Tableta, Celulares - Azul, 25
Electronics, "Power & Co. Soporte de TV con Movilidad 1 Brazo para Pantallas de 26"" a 70""", 15
Electronics, TP-LINK TL-WA855RE Repetidor de Wifi Extensor de Cobertura Inalámbrico Universal,  Antenas Externas, Puerto Ethernet, 300 Mbps, Modo AP Compatible, 157
Electronics, VicTsing - Mouse Inalámbrico Ergonómico 2.4G - MM057 - Ratón Profesional Mini con Receptor Nano, 6 Botones, 2400DPI, 5 Nivel Ajustable, para Windows, Mac y Linux - Negro, 98
Electronics, Skullcandy Jib+ - Auriculares inalámbricos, Negro, 19
Electronics, AmazonBasics, Pilas alcalinas AAA de alto rendimiento, paquete por 100 unidades, 67
Electronics, "Echo Show 5 - Pantalla compacta de 5.5"" con Alexa - Blanco", 380
Electronics, Xiaomi Mi Band 5 (Negro), 114
Electronics, AmazonBasics Nylon Braided Lightning to USB A Cable - MFi Certified iPhone Charger - Silver, 3-Foot, 19
Electronics, Xiaomi Mi Box S MDZ-22-AB Dispositivo en Tiempo Real, 35
Electronics, UGREEN Hub USB 3.0, USB 3.0 4 Puertos SuperSpeed 5Gbps para Macbook, PC, Portátil, PS4, Xbox, Memoria USB, Ratón, Teclado, 33
Electronics, IFORU Tripode para Celular Cámara 106cm/42'' de Aluminio, 4 en 1 Trípode Réflex con Obturador Remoto Bluetooth, Soporte de Teléfono para DSLR Canon Sony Nikon Gopro iPhone Samsung y Otros Smartphones, 33
Electronics, Duracell Copper negro Pila Alcalina AAA con 4 Piezas 2 pilas gratis, 1.0 count, 501
Electronics, HyperX QuadCast – Micrófono USB Condensador para Gaming y Streaming, compatible con PC, PS4 y Mac, Montura Antivibraciones, Pop Filter, Cuatro patrones polares, Podcasts, YouTube, 31
Electronics, "Power & Co. Soporte de TV con Movilidad 3 Brazos para Pantallas de 19"" a 43""", 262
Electronics, Duracell Cargador para Pilas Recargables Pre-cargadas AA y AAA, Incluye 1 Cargador y 4 Pilas AA, 411
Electronics, Logitech G - G213 PRODIGY - Teclado con Iluminación RGB para Gaming - Negro, 85
Electronics, Kingston Digital DataTraveler SE9 32GB USB 2.0 Flash Drive (DTSE9H/32GBZ), 34
Electronics, Logitech - M170 - Mouse Inalámbrico - Plata, 259
Electronics, Logitech - M170 - Mouse Inalámbrico - Azul, 422
Electronics, ZZCP Webcam PC con Microfono, HD 1080P Webcam para Portatil/Ordenador/Mac USB 2.0 Web Camera PC para Videollamadas, Estudios, Conferencias, Grabación, Juegos con Clip Giratorio, 251
Electronics, XIAOMI REDMI 9A 2GB 32GB GRIS DESBLOQUEADO, 69
Electronics, Fujifilm INSTAX Mini Instant - Película para todas las Mini cámaras Instax, Blanco, 175
Electronics, "Presentamos Echo Show 8 - Pantalla inteligente HD de 8"" con Alexa - Blanco", 159
Electronics, Echo (3ra generación) - Bocina inteligente con Alexa - Azul, 4
Electronics, Echo (3ra generación) - Bocina inteligente con Alexa - Negro, 30
Electronics, Audifonos Bluetooth Inalambricos,Mini Auriculares inalámbricos con Bluetooth 5.0 Deportivos IPX7 Impermeable, Reduce el Ruido CVC8.0, Micrófonos dual incorporado, para iPhone Samsung iPad y la mayoría de los teléfonos Android, 50
Electronics, Ciscle Stylus Pen Touch Disc 2 Disk de Tip 1 Fiber Tip Pen 2 en 1 Universal de accisiÃ³n Pantalla tÃ¡ctil capacitiva Stylus para Samsung, iPhone, iPad (Negro), 6
Electronics, LonEasy Auriculares para Juegos, Auriculares para Juegos con Aislamiento de Ruido con Cable de,Control del Volumen audifonos Gaming., 149
Electronics, TP-Link Cámara de Seguridad Wi-Fi Inalambrica HD1080P, 317
Electronics, "Xiaomi Redmi Note 8 (4gb 64gb) 6.3"" Negro meteoro", 217
Electronics, LENCENT Tarjetas de captura de audio y video, HDMI a USB 2.0, dispositivo de captura HDMI 1080p60, grabación a través de videocámara DSLR para adquisición de alta definición, transmisión en vivo y más, tarjeta de captura de juegos (1 PACK), 24
Electronics, SKULLCANDY Sesh True Wireless Black (BN), 114
Electronics, PHILIPS Outlet Surge Protector - Llave de Pared, 6 tomacorrientes, Paquete de 2, 31
Electronics, Webcam Cover Slide, KIWI design 6-Pack Cubierta Webcam Ultra Fino para Computadora Portátil, Computadora de Escritorio, PC, Macbook Pro, iMac, Mac Mini, Computadora,Teléfono Inteligente y Más Protección de la Privacidad y Seguridad (6 Negro), 22
Electronics, Eocean Cámara Web 1080P HD con Micrófono y Cubierta de privacidad, 30fps Cámara Web con Computadora de Transmisión con ángulo de visión amplio de 110 grados, Cámara Web USB 2.0 para PC para videoconferencia Grabación de conferencias, 5
Electronics, KoblenzRS-1400-I - Regulador de hogar y oficina, 1400 VA, 600 W, Negro, 1 Unidad, 610
Electronics, Cámara Web 1080P HD con Micrófono USB 2.0 cámara Web de PC, Escritorio o portátil para videoconferencias, enseñanza de línea, transmisión, Plug y Play, 198
Electronics, "Presentamos Echo Show 8 - Pantalla inteligente HD de 8"" con Alexa - Negro", 67
Electronics, "Aro de Luz Led Para Selfies , 132
Electronics, TP-Link Archer C6 Banda Dual MU-MIMO Gigabit WiFi Router Router Inalámbrico AC1200 ,2.4GHz a 300Mbps y 5GHz a 867Mbps, 58
Electronics, "SAMSUNG Monitor Gaming 24"" , sin bordes Serie SR35,  FHD 1920x1080, 75Hz, Game Mode, Eco Saving Plus, Eye Saver Mode,  Flicker Free, 1x HDMI1.4, 1x D-sub, Dark Blue Gray (LS24R350FHLXZX)", 44
Electronics, Kingston Digital 128GB DataTraveler 100 G3 USB 3.0 100MB/s Read, 10MB/s Write (DT100G3/128GB), 3
Electronics, Sony  Bocina Bluetooth SRS-XB12 Portátil, resistente al agua y al polvo. Negra, 5
Electronics, Xiaomi Redmi AirDots, 3
Electronics, AmazonBasics Everday - Mochila para portátiles de hasta 15 pulgadas, 7
Electronics, SanDisk Sandisk SDSQXAO-128G-GNCZN Memoria Microsdhc/Sdxc Nintendo Switch 128Gb U3 C10 Máx. 100/90Mb/S Lec/Esc, Rojo/Blanco, 37
Electronics, UGREEN USB Bluetooth Adaptador, Dongle USB BT V4.0 Nano Receptor con LED y BLE Tecnología PC de Windows, XP, Vista, Raspberry Pi, Mando a Distancias, Celualr, Auriculares, Teclados, Torres de Sonido, 2
Electronics, auempress Audífonos Inalámbricos Bluetooth 5.0, Estéreo Auriculares Impermeable con Micrófono Incorporado, Reducción de Ruido,Táctil y Portatil Compatible para iPhone airpods, Samsung Buds,earpods, 3
Electronics, Xbox Live Gold - 3 Meses Microsoft - Xbox One - 3 meses Edition, 19
Electronics, Redlemon Audífonos Gamer Pro de Diadema, Sonido Estéreo High Definition 360°, Luz LED RGB, Aislante de Ruido Exterior, Control de Volumen, Micrófono Flexible, Conexión Aux 3.5mm y Adaptador, Mod. G5000, 26
Electronics, JETech Protector de Pantalla Compatible con Apple iPad 7 (10,2 Pulgadas, 2019 Modelo, 7ª Generación), Vidrio Templado, 92
Electronics, Redlemon Audífonos Gamer de Diadema Sonido Estéreo High Definition 360°, Luz LED RGB, Aislante de Ruido Exterior, Almohadillas Cómodas y Resistentes, Micrófono Flexible, Conexión Aux 3.5mm, Mod. G8000, 9
Electronics, Tarjeta Xbox Live $600 MXN - Xbox One Standard Edition, 5
Electronics, TP-Link Deco WiFi Mesh Sistema WiFi de Malla Para todo el Hogar: Itinerancia sin Interrupciones, Enrutamiento Automático, hasta 5, 500 Pies Cuadrados ft. Cobertura, Funciona con Alexa (Deco M4 3 Pack), 15
Electronics, HyperX CloudX Stinger Core - Audífonos para gaming con licencia oficial de Xbox ( Xbox One, PS4, PUBG, Fortnite, Crackdown) HX-HSCSCX-BK, 48
Electronics, XIAOMI REDMI 9A 2GB 32GB AZUL DESBLOQUEADO, 137
Electronics, Forone Audífonos Inalámbricos, TWS Audifonos Bluetooth 5.0 Deportivos para Correr , Mini In-Ear Auriculares Inalambricos de Control Táctil con Micrófono HD para IOS/Android/Windows, Manos Libre Auricular Wireless Impermeable con Cancelación de Ruido para Hombres/Mujeres, 14
Electronics, Logitech G - G29 Driving Force - Volante para Simulador de Carreras para PS4 y PC - Negro, 5
Electronics, TP-Link Archer C20 Router WiFi de Banda Dual Inalámbrico AC750 con Multimodo: Router WiFi/Repetidor/Punto de Acceso, 300Mbps en 2.4GHz y 433Mbps en 5GHz, 42
Electronics, AmazonBasics Baterías recargables AAA Prerecargadas, 199
Electronics, Sony MDRZX310AP/B On-ear Negro, 16
Electronics, 1080P HD Cámara Web, MTQ Webcam de Conferencia USB Ajustable con Micrófono Incoprado para Videollamadas Computadora Portátil Cámara para OBS Xbox XSplit Skype Facebook Compatible con Mac OS Windows 10/8/7, 106
Electronics, VicTsing 1080P Convertidor Adaptador HDMI a VGA Portátil para DVD HDTV PC Laptop Raspberry Pi, Power-Negro, 13
Electronics, HyperX Alloy Core RGB – Teclado gamer español de membrana – Teclas silenciosas y rápidas con iluminación dinámica RGB, Resistente a derrames, Compatible con Windows 10/8.1/8/7 – Teclas Español Latam, 2
Electronics, Logitech - M170 - Mouse Inalámbrico - Negro, 367
Electronics, Logitech - M185 - Mouse Inalámbrico Ambidiestro - Negro, 1
Electronics, "TECHVIDA Enfriador para Laptop de Juegos, Ventilador de posiciones base enfriadora, Seis Ventiladores Silenciosos y Pantalla LCD, 2500rpm, Luz Led Azul, Viento de Gran Velocidad, Diseñado para Gamers y Uso en Oficina, Conveniente para 12-15.6""", 33
Electronics, Toshiba HDTB420XK3AA Optical Drives, USB 3.0, color Negro, 9
Electronics, Clip Plus 2, 97
Electronics, Xiaomi Redmi Note 9S 6Gb 128Gb Azul, 369
Electronics, "Xiaomi Redmi 9 64GB, 4GB RAM, 6.6"" Full HD + AI Quad Camera Smartphone LTE Desbloqueado de fábrica - Versión Internacional (Gris Carbono)", 14
Electronics, LONK Trípode para Celular Cámara 106cm/42'', Trípode Celular Fotográfica Soporte de Video Selfie Vlog con Remoto Bluetooth, Trípode Gopro para iPhone Huawei Samsung Cámara DSLR Canon Sony Nikon, 7
Electronics, TXG Auriculares para Juegos, Auriculares con Cable, Auriculares para Jugadores，Auriculares para Juegos con Micrófono para PS4 Xbox One PC SwitchComputadora Portátil, Tableta, Celulares, 18
Electronics, Xiaomi Audifonos Earbuds Airdots Basic S Nueva Generación, 452
Electronics, Soporte de Tablet Multiángulo, Lamicall Soporte Base Holder para iPad - Ajustable de 4'' a 13'' para Tablets Celular como iPad mini air 1 2 3 4 Pro 9.7 10.5 12.9, Huawei, Surface, Kindle, Galaxy Tab, E-readers y Teléfonos Accesorios para mesa oficina - Plata, 55
Electronics, Cámara web de alta definición 1080p, cámara web de transmisión en vivo digital con micrófono, USB Plug and Play, PC Mac Laptop Desktop cámara web con reducción de ruido para Xbox YouTube Skype Zoom, 22
Electronics, AmazonBasics Nylon Braided Lightning to USB A Cable - MFi Certified iPhone Charger - Dark Grey, 6-Foot, 419
Electronics, NETONBOX Soporte Base Universal Plegable Fold Up Stand Holder Portátil Compacto para iPad Mini iPad Air iPad Pro Samsung Tab Tablet iPad Smartphone iPhone Android Dispositivos de 4 a 10 Pulgadas, 7
Electronics, Broxel Tarjeta Contactless, 4
Electronics, HyperX Fury 8GB 2666MHz DDR4 CL16 DIMM 1Rx8  Black XMP para PC/Gamer/Alto Rendimiento HX426C16FB3/8, 10
Electronics, Logitech - H111 - Diadema 3.5 mm con Micrófono - Gris, 8
Electronics, ACTECK Cámara Web con micrófono WM20, 720p, 1MP, USB. Jack 3.5 Color Negro., 2
Electronics, Logitech G - G920 Driving Force - Volante para Simulador de Carreras para Xbox One y PC - Negro, 17
Electronics, Logitech - C920s - Cámara Web Full HD 1080p con Tapa de Obturador - Negro, 137
Electronics, HyperX Cloud Revolver S - Audífonos para gaming con Sonido Virtual Dolby 7.1 Surround - Estructura de acero - Micrófonos con cancelación de ruido TeamSpeak™ y Discord -Compatible con PC y PS4, Color Gun metal (HX-HSCR-BK/NA), 4
Electronics, TXG Alfombrilla de Ratón Extra Grande XXL de 800 * 300 * 3 mm,Gaming Alfombrilla Tela y diseño texturizado con control de precisión con Base de goma antideslizante, 4
Electronics, Logitech - M280 - Mouse Inalámbrico - Negro, 130
Electronics, SAMSUNG Electronics EVO Select - Tarjeta de Memoria microSDXC UHS-I U3 (256 GB, 100 MB/s, Full HD y 4K UHD con Adaptador), 14
Electronics, GiraVic Palo Selfie Trípode Bluetooth, Tripie para Celular, Mini Stick Movil Deportivo Extensible de Control Remoto para Viaje Autofoto 3 en 1 Monopie con Obturador Rotación de 360 Grados Huawei Xiaomi Android iOS, 14
Electronics, Webcam con micrófono, Salandens cámara web HD 1080p, cámara web para ordenador, enfoque automático Plug and Play, cámara USB para ordenador portátil, PC/Mac, estudio en línea,Videollamadas, Estudios, Conferencias, Grabación, 13
Electronics, RCA RS3697B CD Mini System with Bluetooth (Renewed), 4
Electronics, Kingston Tarjeta de Memoria MicroSD Canvas Select Plus de 128 GB, 160
Electronics, SAMSUNG Electronics EVO Select - Tarjeta de Memoria microSDXC UHS-I U3 (256 GB, 100 MB/s, Full HD y 4K UHD con Adaptador…, 21
Electronics, TP-LINK TL-WA850RE Repetidor de Wifi Extensor de Cobertura Inalámbrico Universal, 300Mbps, Enchufe de Pared, Tipo Plug…, 334
Electronics, Cámara Web 1080P HD con Micrófono USB 2.0 cámara Web de PC, Escritorio o portátil para videoconferencias, enseñanza de…, 167
Electronics, LonEasy Auriculares para Juegos, Auriculares para Juegos con Aislamiento de Ruido con Cable de,Control del Volumen…, 405
Electronics, ZZCP Webcam PC con Microfono, HD 1080P Webcam para Portatil/Ordenador/Mac USB 2.0 Web Camera PC para Videollamadas…, 142
Electronics, VicTsing Mouse Pad Alfombrilla para Ratón 26*21*2cm, Para Mouse Gamer y Mouse Inalámbrico Con Bordes Cosidos, Superficie…, 412
Electronics, Mouse Inalámbrico,Leolee Ratón Recargable Wireless 2.4G Ergonómico óptico Silencioso Click con Receptor USB y Tipo-c…, 473
Electronics, Jasinber 6-Pack Webcam Cover, Spy Guardia Protectora Deslizante de cámara Web para Laptop/Computer/PC/Macbook Pro/iPhone…, 363
Electronics, 1080P HD Cámara Web, MTQ Webcam de Conferencia USB Ajustable con Micrófono Incoprado para Videollamadas Computadora…, 389
Electronics, TP-Link TL-WN725N N150 USB wireless WiFi network Adapter for pc with SoftAP Mode - Nano Size, Compatible with Windows XP…, 120
Electronics, SanDisk Sandisk SDSQXAO-128G-GNCZN Memoria Microsdhc/Sdxc Nintendo Switch 128Gb U3 C10 Máx. 100/90Mb/S Lec/Esc, Rojo…, 38
Electronics, TP-LINK TL-WA855RE Repetidor de Wifi Extensor de Cobertura Inalámbrico Universal, Antenas Externas, Puerto Ethernet, 300…, 110
Electronics, Firstop Auriculares Bluetooth, Audífonos Inalámbricos Impermeables IPX7, Auriculares con Reducción de Ruido y Ajuste…, 410
Electronics, GiraVic Palo Selfie Trípode Bluetooth, Tripie para Celular, Mini Stick Movil Deportivo Extensible de Control Remoto para…, 8
Electronics, TP-LINK RE200 Extensor de Rango de Repetidor WiFi de Banda Dual Universal, 3 Antenas, Puerto Fast Ethernet, AC750, Modo…, 412
Electronics, LENCENT Tarjetas de captura de audio y video, HDMI a USB 2.0, dispositivo de captura HDMI 1080p60, grabación a través de…, 28
Electronics, UGREEN Carcasa de Disco Duro, Caja de Disco Duro USB 3.0 con UASP Integrado, Compatible con 2.5'' HDD SSD SATA I/II/III…, 322
Electronics, Webcam con micrófono, Salandens cámara web HD 1080p, cámara web para ordenador, enfoque automático Plug and Play, cámara…, 83
Electronics, HyperX CloudX Stinger Core - Audífonos para gaming con licencia oficial de Xbox ( Xbox One, PS4, PUBG, Fortnite…, 40
Electronics, HyperX Fury 8GB 2666MHz DDR4 CL16 DIMM 1Rx8 Black XMP para PC/Gamer/Alto Rendimiento HX426C16FB3/8, 31
Electronics, TECHVIDA Enfriador para Laptop de Juegos, Ventilador de posiciones base enfriadora, Seis Ventiladores Silenciosos y…, 250
Electronics, "Luz de anillo para selfie de 10,2"" con trípode, IKAAMA soporte para teléfono y mando a distancia Bluetooth, IKAAMA luz…", 31
Electronics, AmazonBasics, Pilas alcalinas AAA de alto rendimiento, paquete por 100 unidades, 62
Electronics, "AOC C24G1 Monitor Gamer Curvo de 23.6"", Resolución 1920x1080, Full HD Brillo 250CD/M2, Conexión Display Port/HDMI/VGA…", 36
Electronics, "Roku Streaming Stick+ , 80
Electronics, TXG Auriculares para Juegos, Auriculares con Cable, Auriculares para Jugadores，Auriculares para Juegos con Micrófono…, 303
Electronics, JETech Protector de Pantalla Compatible con iPad 7 (10,2 Pulgadas, 2019 Modelo, 7ª Generación), Vidrio Templado, 90
Electronics, Audífonos Bluetooth - Pesoo Auriculares Inalámbricos Deportivos Mini Sonido Estéreo In-Ear Bluetooth 5.0 Impermeable con…, 75
Electronics, HyperX QuadCast – Micrófono USB Condensador para Gaming y Streaming, compatible con PC, PS4 y Mac, Montura…, 10
Electronics, Ciscle Stylus Pen Touch Disc 2 Disk de Tip 1 Fiber Tip Pen 2 en 1 Universal de accisiÃ³n Pantalla tÃ¡ctil capacitiva…, 13
Electronics, TXG Adaptador de Trípode Universal Vertical Rotativo,Soporte para Camara y Teléfono para iPhone, Samsung, Camara y Otro…, 2
Electronics, Lenovo Laptop IP 3-15IIL Intel Core i3, RAM 8GB, HDD 1TB + 128 GB SDD, Windows 10, Plata., 12
Electronics, VicTsing Alfombrilla Para Mouse Gamer XXL Alfombrilla De Ratón PC Alfombrilla Mouse(80* 40* 0.25 cm), Alfombrilla De…, 146
Electronics, Sony MDR-ZX110/BCUC Audífonos de Diadema Plegables y Giratorios, color Negro, 4
Electronics, Volteck RE-AAA2, Pila recargable, 47
Electronics, Video Cámara Web1080P Full HD USB,Webcam de Conferencia USB Ajustable con Micrófono Incoprado Computadora Portátil…, 289
Electronics, Salandens Smartwatch Pulsera Inteligente,reloj deportivo Impermeable IPX7 Pantalla completa táctil monitores de…, 48
Electronics, Volteck ED-2B, Extensión eléctrica doméstica, 16
Electronics, VicTsing Adaptador de HDMI a VGA (1080P), Convertidor de Vídeo para PC, TV, Ordenadores Portátiles, Reproductores de DVD…, 31
Electronics, Epson Multifuncional Ecotank L3110, tanque de tinta a color para Hogar, USB, 21
Electronics, Logitech - M170 - Mouse Inalámbrico - Rojo, 57
Electronics, Xbox Live Gold - Membresía 12 meses - Xbox One 12 meses Edition, 46
Electronics, Redlemon Soporte para Celular Tipo Selfie con Aro de Luz LED Regulable de Tres Colores, Compatible con Smartphones de 6…, 23
Electronics, Jecoo Mini Audífonos Inalámbricos Bluetooth 5.0 Auriculares Bluetooth Deportivos Estéreo Reduce el Ruido a Pruebe de…, 77
Electronics, LG GP55EX70 Unidad de Disco óptico Portátil Lector Grabador Quemador Reproductor de DVD/CD Externo Diseño Ultra Delgado…, 40
Electronics, Audifonos Bluetooth Inalambricos,Mini Auriculares inalámbricos con Bluetooth 5.0 Deportivos IPX7 Impermeable, Reduce el…, 65
Electronics, TXG Alfombrilla de Ratón Extra Grande XXL de 800 * 300 * 3 mm,Gaming Alfombrilla Tela y diseño texturizado con control…, 49
Electronics, TP-Link Archer C20 Router WiFi de Banda Dual Inalámbrico AC750 con Multimodo: Router WiFi/Repetidor/Punto de Acceso…, 13
Electronics, Sebami Cámara Web 1080P, Webcam 1080P con Micrófono para PC Full HD Cámara Web USB para Videoconferencia, Estudios…, 1
Electronics, M MUITECH Audífonos Inalambricos Bluetooth 5.0, Auriculares Inalámbricos Bluetooth IPX7 Impermeable, Auriculares…, 9
Electronics, TECHVIDA Mesa Laptop, Bastidor de Enfriamiento para Computadora Portátil , Soporte de Aluminio Ajustable Portátil, Doble…, 26
Electronics, 【2020 Nuevo】Pulsera Deportiva Bluetooth,Reloj Inteligente,Reloj Deportivo para Android y iOS Móvil, IP67 Impermeable…, 31
Electronics, JETech Protector de Pantalla Compatible Apple iPhone 8 y iPhone 7, Vidrio Templado, 2 Unidades, 4
Electronics, Video Cámara Web 2K Full HD USB,Webcam de Conferencia USB Ajustable con Micrófono Incoprado Computadora Portátil Cámara…, 4
Electronics, PHILIPS 6 Tomas de Corriente, 4 Unidades, 900 Julios, diseño de Ahorro de Espacio, luz LED de protección Negro…, 30
Electronics, VicTsing - Mouse Inalámbrico Ergonómico 2.4G - MM057 - Ratón Profesional Mini con Receptor Nano, 6 Botones, 2400DPI, 5…, 240
Electronics, SEEDARY Cámara Web USB 1080P con micrófono, cámara Web Full HD para Ordenador portátil y de sobremesa, videollamada y…, 69
Electronics, Micrófono de solapa lavalier de grado profesional - Micrófono omnidireccional con clip fácil en el sistema para grabar…, 68
Electronics, WIKIPro USB C Cable,USB Type C to USB A 2.0 Charger Cable 3 Pack(1+3.3+6.6FT),Nylon Braided Fast Charging and Hi-Speed…, 4
Electronics, "Xiaomi Redmi 9 64GB, 4GB RAM, 6.6"" Full HD + AI Quad Camera Smartphone LTE Desbloqueado de fábrica - Versión…", 95
Electronics, PHILIPS 6 Tomas de Corriente, 2 Unidades, 900 Julios, diseño de Ahorro de Espacio, luz LED de protección Negro…, 1
Electronics, 10.or Rave+, Bocina Portátil Bluetooth, resistente al agua, 1
Electronics, DOVE Jabón de tocador go fresh hidratación fresca 4 barras de 100 g c/u, 143
Electronics, TXG Cámara Web,Cámara Web HD con Lente Ajustable,Cámara web1080p cámara de vídeo Full HD USB., 21
Electronics, "ElfAnt - Soporte portátil ajustable para portátil de 10""-15"", color negro", 112
Electronics, AmazonBasics - Alfombrilla para ratón con reposamuñecas de gel, 60
Electronics, AmazonBasics Nylon Braided Lightning to USB A Cable - MFi Certified iPhone Charger - Rose Gold, 6-Foot, 2
Electronics, Logitech C920S Pro HD Webcam with Privacy Shutter - Widescreen Video Calling and Recording, 1080p Camera, Desktop or…, 30
Electronics, UGREEN USB Bluetooth Adaptador, Dongle USB BT V4.0 Nano Receptor con LED y BLE Tecnología PC de Windows, XP, Vista…, 1
Electronics, "Lenovo Bundle L340-15IWL 15.6"", Intel Ci3, RAM 4GB, 1TB HDD Wine Red, Tab TB 7305F", 3
Electronics, UGREEN Hub USB 3.0, USB 3.0 4 Puertos SuperSpeed 5Gbps para Macbook, PC, Portátil, PS4, Xbox, Memoria USB, Ratón…, 45
Electronics, ADATA Carcasa Externa ED600 (Enclosure) , antigolpes, USB 3.1, 39
Electronics, Audifonos Sony YMDRE9LPW In-ear Blanco, 30
Electronics, TEKER 16PCS Correas de Silicona para Xiaomi Mi Band 4 y Mi Band 3, Correas de Repuesto 16 Colores Diseño Antipérdida…, 2
Electronics, Logitech - Mk270 - Combo De Mouse Y Teclado Inalámbricos - Negro, 6
Electronics, TP-Link WiFi Router TL-WR840N con Multimodo, Router/Repetidor/WISP/Punto de Acceso, Botón WPS, Control Parental, 300Mbps…, 11
Electronics, "Cargador Compatible Apple Macbook y Macbook Pro 60w 13"" Magsafe 1 A1184 MS1", 11
Electronics, TXG Tripie para Celular, Selfie Trípode Bluetooth, 360°Rotación Extensible Selfie Stick Inalámbrico Palo Selfie Trípode…, 110
Electronics, TP-LINK Archer C7 AC1750 Router Inalámbrico de Banda Dual Gigabit AC Router WiFi, 1 Puerto USB, 450Mbps a 2.4GHz…, 1
Electronics, TECHVIDA 2.4 GHz WiFi Ratón Inalámbrico Ergonómico Recargable 5 Botones USB Mouse Óptico Forma Vertical Wireless Protege…, 39
Electronics, Jecoo Tarjeta de Captura USB 2.0 Full HD 1080P,Captura Audio y vídeo para grabación de enseñanza,transmisión en Vivo de…, 171
Electronics, Skullcandy Indy True - Auriculares inalámbricos con Bluetooth, Índigo, Una Talla, 8
Electronics, Amazon Basics Cable HDMI CL3 de Alta Velocidad (3 m, estándar Actual, Paquete Individual, Color Negro), 9
Electronics, SKULLCANDY Audifonos Inalámbrico SESH True Wireless IN-Ear IN Ear, 63
Electronics, Skullcandy Indy True - Auriculares inalámbricos con Bluetooth, Negro, Una Talla, 118
Electronics, Kingston HyperX Fury 8GB 3200MHz DDR4 CL16 DIMM 1Rx8 RGB XMP Desktop Memory Single Stick HX432C16FB3A/8, 4
Electronics, SKULLCANDY Audifonos Inalámbrico Indy True Wireless IN-Ear IN Ear, 6
Electronics, Sony MDREX14APB Audífonos intrauditivos de Silicón, color Azul, 57
Electronics, Skullcandy Indy True - Auriculares inalámbricos con Bluetooth, Mint, Tala Única, 17
Electronics, ADATA Disco Duro Externo HDD HD710P, 2 TB,Resistente a golpes,agua y polvo, certificación grado militar, Color Negro, 9
Electronics, Cheelom Switcher HDMI 1080p 3 Entradas 1 Salida, HDMI Switch Selector Oro/Plata Connector HD Hub Switch para HDTV PC…, 12
Electronics, Green Leaf 18-8345, 23
Electronics, TORRAS Soporte de anillo de porcelana para teléfono celular, compatible con iPhone 11 Pro Max XS X XR 8 SE, Samsung…, 1
Electronics, Victrola Bluetooth Suitcase Record Player with 3-Speed Turntable, 24
Electronics, Redlemon Micrófono Condensador Semiprofesional con Tripié, Conector Universal Auxiliar Plug 3.5mm, Aislamiento de Ruido…, 100
Electronics, PANASONIC RP-HF410B Audífono de Diadema Bluetooth, 24hrs de reproducción inalámbrica, control inteligente por voz, manos…, 4
Electronics, "SAMSUNG Monitor Curvo 27"" pulgadas, sin biseles, FHD 1920x1080, Game Mode, FreeSync, Eco Saving Plus, Flicker Free, 1x…", 8
Electronics, AmazonBasics Anti-Theft Roll Top Backpack - Grey, 5
Electronics, Xiaomi Redmi Note 9S 6Gb 128Gb Blanco, 81
Electronics, AmazonBasics Anti-Theft Premium Backpack - Black, 28
Electronics, Kingston Digital 128GB DataTraveler 100 G3 USB 3.0 100MB/s Read, 10MB/s Write (DT100G3/128GB), Negro, 3
Electronics, ARCTIC MX-4 - Disipador de Calor (8 g, 128 mm, 17.3 mm, 26.7 mm, 16.6 g), 20
Electronics, AmazonBasics - Juego de 16 pilas recargables AA Ni-MH (precargadas, 1000 ciclos, 2000 mAh / mínimo 1900 mAh) - La…, 17
Electronics, Redlemon Mouse Pad Gamer Extra Grande para Teclado y Mouse (80x40cm), Impermeable, Base Antideslizante, Resistente…, 17
Electronics, E T EASYTAO Cámara Web 1080P Full HD con Micrófono, Webcam USB Plug and Play para PC Computadoras o Portátil, para…, 7
Electronics, Redlemon Mochila Transporte para Nintendo Switch Carrier Bag, Ideal para viajes, 7
Electronics, Xiaomi Mi Smart Band 4C (Versión Global), 12
Electronics, Nuevo e-reader Kindle, ahora con una luz frontal, color Negro, 10ª generación - 2019, 19
Electronics, Xiaomi Audífonos Manos Libres Mi In-Ear Headphones Basic Plateado, 1
Electronics, "SAMSUNG Monitor Gaming 24"" , sin bordes Serie SR35, FHD 1920x1080, 75Hz, Game Mode, Eco Saving Plus, Eye Saver Mode…", 60
Electronics, Jecoo Audífonos Bluetooth inalámbricos,Audífonos Impermerable con micrófono icorporado,portátil y táctil Mano Libre, 80
Electronics, RedLemon Mochila Antirrobo Impermeable De Lujo con Candado, para Laptop de 15 Pulgadas y Tablet, Puerto USB para Power…, 20
Electronics, "Película inflable proyector al aire última intervensión incluye soplador para día festivo, patio trasero, 3
Electronics, "V-infla Película Inflable Proyector al aire última intervensión Incluye soplador para día festivo , 3
Electronics, "Presentamos el Fire TV Stick Lite con control remoto por voz Alexa , 60
Electronics, TP-LINK Bluetooth 4.0 USB Adaptador Bluetooth Dongle Receptor Compatible con Windows 10/8.1/8/Win 7/XP, para PC, portÃ…, 6
Electronics, Xiaomi Redmi Note 9S 4Gb 64Gb Blanco, 1
Electronics, Majoxin Inicio Crystal Red Cabezal de cableado de Tres Propósito Herramienta del probador de la Abrazadera del Cable…, 9
Electronics, Majoxin 25-75 * 70 telescopio terrestre en ángulo de la Lente de Zoom a Prueba de Agua con el Adaptador de teléfono del…, 9
Electronics, Xiaomi Audífonos Manos Libres Mi In-ear Headphones Basic N, 11
Electronics, TXG Adaptador HDMI a VGA con 3.5mm Audio Jack y Micro USB Fuente de Alimentación,1080P Convertidor Adaptador Portátil…, 36
Electronics, E T EASYTAO RGB Gaming MousePad de Escritorio, Alfombrilla con Luz Led para Teclado y Ratón, Goma Impermeable con Base…, 8
Electronics, "GP - Pack de 40 Pilas AAA Alcalinas , 4
Electronics, TYC Mouse Inalámbrico, Ratón Inalámbrico Recargable Wireless óptico Silencioso de 2.4 GHz, con Receptor USB y Tipo-c…, 2
Electronics, ADATA Powerbank Batería Portatil Color Negro con Verde 10000 mAh (Modelo PT100), 2
Electronics, Logitech - M100 - Mouse para Computadora - Negro, 3
Electronics, NETONBOX Soporte Base Universal Plegable Fold Up Stand Holder Portátil Compacto para iPad Mini iPad Air iPad Pro Samsung…, 8
Electronics, Amazon Basics Baterias Alcalinas AAA de Alto Rendimiento, 8
Electronics, Xiaomi Redmi Note 9S 4Gb 64Gb Blanco, 1
Electronics, Xiaomi Audífonos Manos Libres Mi In-Ear Headphones Basic Plateado, 1
Electronics, TORRAS Soporte de anillo de porcelana para teléfono celular, compatible con iPhone 11 Pro Max XS X XR 8 SE, Samsung…, 1
Electronics, TP-LINK Archer C7 AC1750 Router Inalámbrico de Banda Dual Gigabit AC Router WiFi, 1 Puerto USB, 450Mbps a 2.4GHz…, 1
Electronics, UGREEN USB Bluetooth Adaptador, Dongle USB BT V4.0 Nano Receptor con LED y BLE Tecnología PC de Windows, XP, Vista…, 1
Electronics, 10.or Rave+, Bocina Portátil Bluetooth, resistente al agua, 1
Electronics, PHILIPS 6 Tomas de Corriente, 2 Unidades, 900 Julios, diseño de Ahorro de Espacio, luz LED de protección Negro…, 1
Electronics, Sebami Cámara Web 1080P, Webcam 1080P con Micrófono para PC Full HD Cámara Web USB para Videoconferencia, Estudios…, 1
Electronics, Logitech - M185 - Mouse Inalámbrico Ambidiestro - Negro, 1
Electronics, Sendowtek Ratón Inalámbrico Recargable, Wireless Mouse 2.4G Ergonómico Wireless Ratón óptico Silencioso Click, con Receptor USB Adaptador para Computadora Portátil, PC, Computadora, Macbook, 1
Electronics, VicTsing 1080P HDMI a VGA de Convertidor de Vídeo para PC, TV, Ordenadores Portátiles, Reproductores de DVD y Otros Dispositivos HDMI-Enchapado en Oro, 1
Electronics, ADATA Powerbank Batería Portatil Color Negro con Verde 10000 mAh (Modelo PT100), 2
Electronics, TYC Mouse Inalámbrico, Ratón Inalámbrico Recargable Wireless óptico Silencioso de 2.4 GHz, con Receptor USB y Tipo-c…, 2
Electronics, TEKER 16PCS Correas de Silicona para Xiaomi Mi Band 4 y Mi Band 3, Correas de Repuesto 16 Colores Diseño Antipérdida…, 2
Electronics, AmazonBasics Nylon Braided Lightning to USB A Cable - MFi Certified iPhone Charger - Rose Gold, 6-Foot, 2
Electronics, TXG Adaptador de Trípode Universal Vertical Rotativo,Soporte para Camara y Teléfono para iPhone, Samsung, Camara y Otro…, 2
Electronics, ACTECK Cámara Web con micrófono WM20, 720p, 1MP, USB. Jack 3.5 Color Negro., 2
Electronics, HyperX Alloy Core RGB – Teclado gamer español de membrana – Teclas silenciosas y rápidas con iluminación dinámica RGB, Resistente a derrames, Compatible con Windows 10/8.1/8/7 – Teclas Español Latam, 2
Electronics, UGREEN USB Bluetooth Adaptador, Dongle USB BT V4.0 Nano Receptor con LED y BLE Tecnología PC de Windows, XP, Vista, Raspberry Pi, Mando a Distancias, Celualr, Auriculares, Teclados, Torres de Sonido, 2
Electronics, Logitech - M100 - Mouse para Computadora - Negro, 3
Electronics, "V-infla Película Inflable Proyector al aire última intervensión Incluye soplador para día festivo , 3
Electronics, "Película inflable proyector al aire última intervensión incluye soplador para día festivo, patio trasero, 3
Electronics, Kingston Digital 128GB DataTraveler 100 G3 USB 3.0 100MB/s Read, 10MB/s Write (DT100G3/128GB), Negro, 3
Electronics, "Lenovo Bundle L340-15IWL 15.6"", Intel Ci3, RAM 4GB, 1TB HDD Wine Red, Tab TB 7305F", 3
Electronics, auempress Audífonos Inalámbricos Bluetooth 5.0, Estéreo Auriculares Impermeable con Micrófono Incorporado, Reducción de Ruido,Táctil y Portatil Compatible para iPhone airpods, Samsung Buds,earpods, 3
Electronics, Xiaomi Redmi AirDots, 3
Electronics, Kingston Digital 128GB DataTraveler 100 G3 USB 3.0 100MB/s Read, 10MB/s Write (DT100G3/128GB), 3
Electronics, "GP - Pack de 40 Pilas AAA Alcalinas , 4
Electronics, PANASONIC RP-HF410B Audífono de Diadema Bluetooth, 24hrs de reproducción inalámbrica, control inteligente por voz, manos…, 4
Electronics, Kingston HyperX Fury 8GB 3200MHz DDR4 CL16 DIMM 1Rx8 RGB XMP Desktop Memory Single Stick HX432C16FB3A/8, 4
Electronics, WIKIPro USB C Cable,USB Type C to USB A 2.0 Charger Cable 3 Pack(1+3.3+6.6FT),Nylon Braided Fast Charging and Hi-Speed…, 4
Electronics, Video Cámara Web 2K Full HD USB,Webcam de Conferencia USB Ajustable con Micrófono Incoprado Computadora Portátil Cámara…, 4
Electronics, JETech Protector de Pantalla Compatible Apple iPhone 8 y iPhone 7, Vidrio Templado, 2 Unidades, 4
Electronics, Sony MDR-ZX110/BCUC Audífonos de Diadema Plegables y Giratorios, color Negro, 4
Electronics, RCA RS3697B CD Mini System with Bluetooth (Renewed), 4
Electronics, TXG Alfombrilla de Ratón Extra Grande XXL de 800 * 300 * 3 mm,Gaming Alfombrilla Tela y diseño texturizado con control de precisión con Base de goma antideslizante, 4
Electronics, HyperX Cloud Revolver S - Audífonos para gaming con Sonido Virtual Dolby 7.1 Surround - Estructura de acero - Micrófonos con cancelación de ruido TeamSpeak™ y Discord -Compatible con PC y PS4, Color Gun metal (HX-HSCR-BK/NA), 4
Electronics, Broxel Tarjeta Contactless, 4
Electronics, Echo (3ra generación) - Bocina inteligente con Alexa - Azul, 4
Electronics, SanDisk RAM-3077 - Tarjeta microSDXC UHS-I 128GB, 160Mb/S 4K Clase A2 V30 C/Adaptador, 4
Electronics, AmazonBasics Anti-Theft Roll Top Backpack - Grey, 5
Electronics, Logitech G - G29 Driving Force - Volante para Simulador de Carreras para PS4 y PC - Negro, 5
Electronics, Tarjeta Xbox Live $600 MXN - Xbox One Standard Edition, 5
Electronics, Sony  Bocina Bluetooth SRS-XB12 Portátil, resistente al agua y al polvo. Negra, 5
Electronics, Eocean Cámara Web 1080P HD con Micrófono y Cubierta de privacidad, 30fps Cámara Web con Computadora de Transmisión con ángulo de visión amplio de 110 grados, Cámara Web USB 2.0 para PC para videoconferencia Grabación de conferencias, 5
Electronics, TP-LINK Bluetooth 4.0 USB Adaptador Bluetooth Dongle Receptor Compatible con Windows 10/8.1/8/Win 7/XP, para PC, portÃ…, 6
Electronics, SKULLCANDY Audifonos Inalámbrico Indy True Wireless IN-Ear IN Ear, 6
Electronics, Logitech - Mk270 - Combo De Mouse Y Teclado Inalámbricos - Negro, 6
Electronics, Ciscle Stylus Pen Touch Disc 2 Disk de Tip 1 Fiber Tip Pen 2 en 1 Universal de accisiÃ³n Pantalla tÃ¡ctil capacitiva Stylus para Samsung, iPhone, iPad (Negro), 6
Electronics, Apple Wireless Keyboard MC184LL/B, 6
Electronics, Redlemon Mochila Transporte para Nintendo Switch Carrier Bag, Ideal para viajes, 7
Electronics, E T EASYTAO Cámara Web 1080P Full HD con Micrófono, Webcam USB Plug and Play para PC Computadoras o Portátil, para…, 7
Electronics, NETONBOX Soporte Base Universal Plegable Fold Up Stand Holder Portátil Compacto para iPad Mini iPad Air iPad Pro Samsung Tab Tablet iPad Smartphone iPhone Android Dispositivos de 4 a 10 Pulgadas, 7
Electronics, LONK Trípode para Celular Cámara 106cm/42'', Trípode Celular Fotográfica Soporte de Video Selfie Vlog con Remoto Bluetooth, Trípode Gopro para iPhone Huawei Samsung Cámara DSLR Canon Sony Nikon, 7
Electronics, AmazonBasics Everday - Mochila para portátiles de hasta 15 pulgadas, 7
Electronics, Amazon Basics Baterias Alcalinas AAA de Alto Rendimiento, 8
Electronics, NETONBOX Soporte Base Universal Plegable Fold Up Stand Holder Portátil Compacto para iPad Mini iPad Air iPad Pro Samsung…, 8
Electronics, E T EASYTAO RGB Gaming MousePad de Escritorio, Alfombrilla con Luz Led para Teclado y Ratón, Goma Impermeable con Base…, 8
Electronics, "SAMSUNG Monitor Curvo 27"" pulgadas, sin biseles, FHD 1920x1080, Game Mode, FreeSync, Eco Saving Plus, Flicker Free, 1x…", 8
Electronics, Skullcandy Indy True - Auriculares inalámbricos con Bluetooth, Índigo, Una Talla, 8
Electronics, GiraVic Palo Selfie Trípode Bluetooth, Tripie para Celular, Mini Stick Movil Deportivo Extensible de Control Remoto para…, 8
Electronics, Logitech - H111 - Diadema 3.5 mm con Micrófono - Gris, 8
Electronics, Majoxin 25-75 * 70 telescopio terrestre en ángulo de la Lente de Zoom a Prueba de Agua con el Adaptador de teléfono del…, 9
Electronics, Majoxin Inicio Crystal Red Cabezal de cableado de Tres Propósito Herramienta del probador de la Abrazadera del Cable…, 9
Electronics, ADATA Disco Duro Externo HDD HD710P, 2 TB,Resistente a golpes,agua y polvo, certificación grado militar, Color Negro, 9
Electronics, Amazon Basics Cable HDMI CL3 de Alta Velocidad (3 m, estándar Actual, Paquete Individual, Color Negro), 9
Electronics, M MUITECH Audífonos Inalambricos Bluetooth 5.0, Auriculares Inalámbricos Bluetooth IPX7 Impermeable, Auriculares…, 9
Electronics, Toshiba HDTB420XK3AA Optical Drives, USB 3.0, color Negro, 9
Electronics, Redlemon Audífonos Gamer de Diadema Sonido Estéreo High Definition 360°, Luz LED RGB, Aislante de Ruido Exterior, Almohadillas Cómodas y Resistentes, Micrófono Flexible, Conexión Aux 3.5mm, Mod. G8000, 9
Electronics, HyperX QuadCast – Micrófono USB Condensador para Gaming y Streaming, compatible con PC, PS4 y Mac, Montura…, 10
Electronics, HyperX Fury 8GB 2666MHz DDR4 CL16 DIMM 1Rx8  Black XMP para PC/Gamer/Alto Rendimiento HX426C16FB3/8, 10
Electronics, Xiaomi Audífonos Manos Libres Mi In-ear Headphones Basic N, 11
Electronics, "Cargador Compatible Apple Macbook y Macbook Pro 60w 13"" Magsafe 1 A1184 MS1", 11
Electronics, TP-Link WiFi Router TL-WR840N con Multimodo, Router/Repetidor/WISP/Punto de Acceso, Botón WPS, Control Parental, 300Mbps…, 11
Electronics, Xiaomi Mi Smart Band 4C (Versión Global), 12
Electronics, Cheelom Switcher HDMI 1080p 3 Entradas 1 Salida, HDMI Switch Selector Oro/Plata Connector HD Hub Switch para HDTV PC…, 12
Electronics, Lenovo Laptop IP 3-15IIL Intel Core i3, RAM 8GB, HDD 1TB + 128 GB SDD, Windows 10, Plata., 12
Electronics, TP-Link Archer C20 Router WiFi de Banda Dual Inalámbrico AC750 con Multimodo: Router WiFi/Repetidor/Punto de Acceso…, 13
Electronics, Ciscle Stylus Pen Touch Disc 2 Disk de Tip 1 Fiber Tip Pen 2 en 1 Universal de accisiÃ³n Pantalla tÃ¡ctil capacitiva…, 13
Electronics, Webcam con micrófono, Salandens cámara web HD 1080p, cámara web para ordenador, enfoque automático Plug and Play, cámara USB para ordenador portátil, PC/Mac, estudio en línea,Videollamadas, Estudios, Conferencias, Grabación, 13
Electronics, VicTsing 1080P Convertidor Adaptador HDMI a VGA Portátil para DVD HDTV PC Laptop Raspberry Pi, Power-Negro, 13
Electronics, GiraVic Palo Selfie Trípode Bluetooth, Tripie para Celular, Mini Stick Movil Deportivo Extensible de Control Remoto para Viaje Autofoto 3 en 1 Monopie con Obturador Rotación de 360 Grados Huawei Xiaomi Android iOS, 14
Electronics, SAMSUNG Electronics EVO Select - Tarjeta de Memoria microSDXC UHS-I U3 (256 GB, 100 MB/s, Full HD y 4K UHD con Adaptador), 14
Electronics, "Xiaomi Redmi 9 64GB, 4GB RAM, 6.6"" Full HD + AI Quad Camera Smartphone LTE Desbloqueado de fábrica - Versión Internacional (Gris Carbono)", 14
Electronics, Forone Audífonos Inalámbricos, TWS Audifonos Bluetooth 5.0 Deportivos para Correr , Mini In-Ear Auriculares Inalambricos de Control Táctil con Micrófono HD para IOS/Android/Windows, Manos Libre Auricular Wireless Impermeable con Cancelación de Ruido para Hombres/Mujeres, 14
Electronics, TP-Link Deco WiFi Mesh Sistema WiFi de Malla Para todo el Hogar: Itinerancia sin Interrupciones, Enrutamiento Automático, hasta 5, 500 Pies Cuadrados ft. Cobertura, Funciona con Alexa (Deco M4 3 Pack), 15
Electronics, "Power & Co. Soporte de TV con Movilidad 1 Brazo para Pantallas de 26"" a 70""", 15
Electronics, Cámara web 1080P HD, video digital en vivo, cámara web de transmisión en vivo, micrófono dual integrado, cámara de computadora USB, PC Mac portátil, cámara web de computadora, reducción de ruido para Xbox YouTube Skype, 15
Electronics, Energizer Recharge Universal, AA, 4 Rechargeable Battery - Pilas (AA, 4, Rechargeable Battery, 4 Pieza(s), Verde, Plata, Ampolla, AA), 15
Electronics, MavisLink - Tarjetas de captura de audio y vídeo HDMI a USB 1080p USB 2.0 para grabación a través de videocámara réflex digital para adquisición de alta definición, transmisión en vivo, 15
Electronics, Volteck ED-2B, Extensión eléctrica doméstica, 16
Electronics, Sony MDRZX310AP/B On-ear Negro, 16
Electronics, Redlemon Mouse Pad Gamer Extra Grande para Teclado y Mouse (80x40cm), Impermeable, Base Antideslizante, Resistente…, 17
Electronics, AmazonBasics - Juego de 16 pilas recargables AA Ni-MH (precargadas, 1000 ciclos, 2000 mAh / mínimo 1900 mAh) - La…, 17
Electronics, Skullcandy Indy True - Auriculares inalámbricos con Bluetooth, Mint, Tala Única, 17
Electronics, Logitech G - G920 Driving Force - Volante para Simulador de Carreras para Xbox One y PC - Negro, 17
Electronics, TXG Auriculares para Juegos, Auriculares con Cable, Auriculares para Jugadores，Auriculares para Juegos con Micrófono para PS4 Xbox One PC SwitchComputadora Portátil, Tableta, Celulares, 18
Electronics, Nuevo e-reader Kindle, ahora con una luz frontal, color Negro, 10ª generación - 2019, 19
Electronics, Xbox Live Gold - 3 Meses Microsoft - Xbox One - 3 meses Edition, 19
Electronics, AmazonBasics Nylon Braided Lightning to USB A Cable - MFi Certified iPhone Charger - Silver, 3-Foot, 19
Electronics, Skullcandy Jib+ - Auriculares inalámbricos, Negro, 19
Electronics, RedLemon Mochila Antirrobo Impermeable De Lujo con Candado, para Laptop de 15 Pulgadas y Tablet, Puerto USB para Power…, 20
Electronics, ARCTIC MX-4 - Disipador de Calor (8 g, 128 mm, 17.3 mm, 26.7 mm, 16.6 g), 20
Electronics, Dell KITDLL110 Kit Teclado y Mouse Km117, Estándar, Negro, 20
Electronics, TECHVIDA Mesa Laptop, Bastidor de Enfriamiento para Computadora Portátil , Soporte de Aluminio Ajustable Portátil, Doble Ventilador y Tablero para Mouse, Portátil Universal, Adecuado para Sofás, Camas, etc, Diseño Ergonómico (Negro), 20
Electronics, TXG Cámara Web,Cámara Web HD con Lente Ajustable,Cámara web1080p cámara de vídeo Full HD USB., 21
Electronics, Epson Multifuncional Ecotank L3110, tanque de tinta a color para Hogar, USB, 21
Electronics, SAMSUNG Electronics EVO Select - Tarjeta de Memoria microSDXC UHS-I U3 (256 GB, 100 MB/s, Full HD y 4K UHD con Adaptador…, 21
Electronics, Cámara web de alta definición 1080p, cámara web de transmisión en vivo digital con micrófono, USB Plug and Play, PC Mac Laptop Desktop cámara web con reducción de ruido para Xbox YouTube Skype Zoom, 22
Electronics, Webcam Cover Slide, KIWI design 6-Pack Cubierta Webcam Ultra Fino para Computadora Portátil, Computadora de Escritorio, PC, Macbook Pro, iMac, Mac Mini, Computadora,Teléfono Inteligente y Más Protección de la Privacidad y Seguridad (6 Negro), 22
Electronics, Duracell - Baterías recargables AA de hasta 400 recargas, 4 unidades, 22
Electronics, Green Leaf 18-8345, 23
Electronics, Redlemon Soporte para Celular Tipo Selfie con Aro de Luz LED Regulable de Tres Colores, Compatible con Smartphones de 6…, 23
Electronics, Victrola Bluetooth Suitcase Record Player with 3-Speed Turntable, 24
Electronics, LENCENT Tarjetas de captura de audio y video, HDMI a USB 2.0, dispositivo de captura HDMI 1080p60, grabación a través de videocámara DSLR para adquisición de alta definición, transmisión en vivo y más, tarjeta de captura de juegos (1 PACK), 24
Electronics, Audífonos Gamer con Micrófono para PS4 Xbox One PC, Diadema Auriculares Alámbrico Estéreo para Juegos Cancelación de Ruido y Luz LED Control de Volumen Headset para Computadora Portátil, Tableta, Celulares - Azul, 25
Electronics, TP-LINK Archer C7 AC1750 Router Inalámbrico de Banda Dual Gigabit AC Router WiFi, 1 Puerto USB, 450Mbps a 2.4GHz, 1300Mbps a 5Ghz, IPv6, Red de Invitados, 25
Electronics, AmazonBasics Estuche para Disco Duro Externo, 25
Electronics, TECHVIDA Mesa Laptop, Bastidor de Enfriamiento para Computadora Portátil , Soporte de Aluminio Ajustable Portátil, Doble…, 26
Electronics, Redlemon Audífonos Gamer Pro de Diadema, Sonido Estéreo High Definition 360°, Luz LED RGB, Aislante de Ruido Exterior, Control de Volumen, Micrófono Flexible, Conexión Aux 3.5mm y Adaptador, Mod. G5000, 26
Electronics, AmazonBasics Anti-Theft Premium Backpack - Black, 28
Electronics, LENCENT Tarjetas de captura de audio y video, HDMI a USB 2.0, dispositivo de captura HDMI 1080p60, grabación a través de…, 28
Electronics, Audifonos Sony YMDRE9LPW In-ear Blanco, 30
Electronics, Logitech C920S Pro HD Webcam with Privacy Shutter - Widescreen Video Calling and Recording, 1080p Camera, Desktop or…, 30
Electronics, PHILIPS 6 Tomas de Corriente, 4 Unidades, 900 Julios, diseño de Ahorro de Espacio, luz LED de protección Negro…, 30
Electronics, Echo (3ra generación) - Bocina inteligente con Alexa - Negro, 30
Electronics, Tarjeta de memoria, SanDisk Ultra, Tarjeta de Memoria SD 200 GB, SDSQUAR-GN6MA, 30
Electronics, 【2020 Nuevo】Pulsera Deportiva Bluetooth,Reloj Inteligente,Reloj Deportivo para Android y iOS Móvil, IP67 Impermeable…, 31
Electronics, VicTsing Adaptador de HDMI a VGA (1080P), Convertidor de Vídeo para PC, TV, Ordenadores Portátiles, Reproductores de DVD…, 31
Electronics, "Luz de anillo para selfie de 10,2"" con trípode, IKAAMA soporte para teléfono y mando a distancia Bluetooth, IKAAMA luz…", 31
Electronics, HyperX Fury 8GB 2666MHz DDR4 CL16 DIMM 1Rx8 Black XMP para PC/Gamer/Alto Rendimiento HX426C16FB3/8, 31
Electronics, PHILIPS Outlet Surge Protector - Llave de Pared, 6 tomacorrientes, Paquete de 2, 31
Electronics, HyperX QuadCast – Micrófono USB Condensador para Gaming y Streaming, compatible con PC, PS4 y Mac, Montura Antivibraciones, Pop Filter, Cuatro patrones polares, Podcasts, YouTube, 31
Electronics, "TECHVIDA Enfriador para Laptop de Juegos, Ventilador de posiciones base enfriadora, Seis Ventiladores Silenciosos y Pantalla LCD, 2500rpm, Luz Led Azul, Viento de Gran Velocidad, Diseñado para Gamers y Uso en Oficina, Conveniente para 12-15.6""", 33
Electronics, IFORU Tripode para Celular Cámara 106cm/42'' de Aluminio, 4 en 1 Trípode Réflex con Obturador Remoto Bluetooth, Soporte de Teléfono para DSLR Canon Sony Nikon Gopro iPhone Samsung y Otros Smartphones, 33
Electronics, UGREEN Hub USB 3.0, USB 3.0 4 Puertos SuperSpeed 5Gbps para Macbook, PC, Portátil, PS4, Xbox, Memoria USB, Ratón, Teclado, 33
Electronics, Kingston Digital DataTraveler SE9 32GB USB 2.0 Flash Drive (DTSE9H/32GBZ), 34
Electronics, Xiaomi Mi Box S MDZ-22-AB Dispositivo en Tiempo Real, 35
Electronics, TXG Adaptador HDMI a VGA con 3.5mm Audio Jack y Micro USB Fuente de Alimentación,1080P Convertidor Adaptador Portátil…, 36
Electronics, "AOC C24G1 Monitor Gamer Curvo de 23.6"", Resolución 1920x1080, Full HD Brillo 250CD/M2, Conexión Display Port/HDMI/VGA…", 36
Electronics, SanDisk Sandisk SDSQXAO-128G-GNCZN Memoria Microsdhc/Sdxc Nintendo Switch 128Gb U3 C10 Máx. 100/90Mb/S Lec/Esc, Rojo/Blanco, 37
Electronics, SanDisk Sandisk SDSQXAO-128G-GNCZN Memoria Microsdhc/Sdxc Nintendo Switch 128Gb U3 C10 Máx. 100/90Mb/S Lec/Esc, Rojo…, 38
Electronics, TECHVIDA 2.4 GHz WiFi Ratón Inalámbrico Ergonómico Recargable 5 Botones USB Mouse Óptico Forma Vertical Wireless Protege…, 39
Electronics, ADATA Carcasa Externa ED600 (Enclosure) , antigolpes, USB 3.1, 39
Electronics, Echo Spot - Reloj inteligente con Alexa - Negro, 39
Electronics, LG GP55EX70 Unidad de Disco óptico Portátil Lector Grabador Quemador Reproductor de DVD/CD Externo Diseño Ultra Delgado…, 40
Electronics, HyperX CloudX Stinger Core - Audífonos para gaming con licencia oficial de Xbox ( Xbox One, PS4, PUBG, Fortnite…, 40
Electronics, TP-Link Archer C20 Router WiFi de Banda Dual Inalámbrico AC750 con Multimodo: Router WiFi/Repetidor/Punto de Acceso, 300Mbps en 2.4GHz y 433Mbps en 5GHz, 42
Electronics, "SAMSUNG Monitor Gaming 24"" , sin bordes Serie SR35,  FHD 1920x1080, 75Hz, Game Mode, Eco Saving Plus, Eye Saver Mode,  Flicker Free, 1x HDMI1.4, 1x D-sub, Dark Blue Gray (LS24R350FHLXZX)", 44
Electronics, UGREEN Hub USB 3.0, USB 3.0 4 Puertos SuperSpeed 5Gbps para Macbook, PC, Portátil, PS4, Xbox, Memoria USB, Ratón…, 45
Electronics, VTech DECT 6.0 teléfono inalámbrico, Sin Sistema de Respuesta, Blanco, 3.50 x 3.50 x 7.00 Inches, 45
Electronics, VicTsing Alfombrilla Para Mouse Gamer XXL Alfombrilla De Ratón PC Alfombrilla Mouse(80* 40* 0.25 cm), Alfombrilla De Teclado Impermeable, Base Antideslizante, Para Trabajo Juegos Oficina Hogar, Nergo, 45
Electronics, Xbox Live Gold - Membresía 12 meses - Xbox One 12 meses Edition, 46
Electronics, Volteck RE-AAA2, Pila recargable, 47
Electronics, Salandens Smartwatch Pulsera Inteligente,reloj deportivo Impermeable IPX7 Pantalla completa táctil monitores de…, 48
Electronics, HyperX CloudX Stinger Core - Audífonos para gaming con licencia oficial de Xbox ( Xbox One, PS4, PUBG, Fortnite, Crackdown) HX-HSCSCX-BK, 48
Electronics, Logitech G - G502 HERO - Mouse de Hasta 16,000 DPI, Botones Programables, Peso Ajustable, con Iluminación RGB para Gaming - Negro, 48
Electronics, TXG Alfombrilla de Ratón Extra Grande XXL de 800 * 300 * 3 mm,Gaming Alfombrilla Tela y diseño texturizado con control…, 49
Electronics, Audifonos Bluetooth Inalambricos,Mini Auriculares inalámbricos con Bluetooth 5.0 Deportivos IPX7 Impermeable, Reduce el Ruido CVC8.0, Micrófonos dual incorporado, para iPhone Samsung iPad y la mayoría de los teléfonos Android, 50
Electronics, Soporte de Tablet Multiángulo, Lamicall Soporte Base Holder para iPad - Ajustable de 4'' a 13'' para Tablets Celular como iPad mini air 1 2 3 4 Pro 9.7 10.5 12.9, Huawei, Surface, Kindle, Galaxy Tab, E-readers y Teléfonos Accesorios para mesa oficina - Plata, 55
Electronics, Sony MDREX14APB Audífonos intrauditivos de Silicón, color Azul, 57
Electronics, Logitech - M170 - Mouse Inalámbrico - Rojo, 57
Electronics, JBL JBLGO2BLK Bocina Inalámbrica, Color Negro, 57
Electronics, TP-Link Archer C6 Banda Dual MU-MIMO Gigabit WiFi Router Router Inalámbrico AC1200 ,2.4GHz a 300Mbps y 5GHz a 867Mbps, 58
Electronics, "Presentamos el Fire TV Stick Lite con control remoto por voz Alexa , 60
Electronics, "SAMSUNG Monitor Gaming 24"" , sin bordes Serie SR35, FHD 1920x1080, 75Hz, Game Mode, Eco Saving Plus, Eye Saver Mode…", 60
Electronics, AmazonBasics - Alfombrilla para ratón con reposamuñecas de gel, 60
Electronics, AmazonBasics, Pilas alcalinas AAA de alto rendimiento, paquete por 100 unidades, 62
Electronics, SKULLCANDY Audifonos Inalámbrico SESH True Wireless IN-Ear IN Ear, 63
Electronics, Audifonos Bluetooth Inalambricos,Mini Auriculares inalámbricos con Bluetooth 5.0 Deportivos IPX7 Impermeable, Reduce el…, 65
Electronics, "Presentamos Echo Show 8 - Pantalla inteligente HD de 8"" con Alexa - Negro", 67
Electronics, AmazonBasics, Pilas alcalinas AAA de alto rendimiento, paquete por 100 unidades, 67
Electronics, "Luz de anillo para selfie de 10,2"" con trípode, IKAAMA soporte para teléfono y mando a distancia Bluetooth, IKAAMA luz circular ajustable LED para maquillaje/YouTube Video/Fotografía/Cámara/Vlogging compatible con iPhone Android", 67
Electronics, Micrófono de solapa lavalier de grado profesional - Micrófono omnidireccional con clip fácil en el sistema para grabar…, 68
Electronics, SEEDARY Cámara Web USB 1080P con micrófono, cámara Web Full HD para Ordenador portátil y de sobremesa, videollamada y…, 69
Electronics, XIAOMI REDMI 9A 2GB 32GB GRIS DESBLOQUEADO, 69
Electronics, Audífonos Bluetooth - Pesoo Auriculares Inalámbricos Deportivos Mini Sonido Estéreo In-Ear Bluetooth 5.0 Impermeable con…, 75
Electronics, Jecoo Mini Audífonos Inalámbricos Bluetooth 5.0 Auriculares Bluetooth Deportivos Estéreo Reduce el Ruido a Pruebe de…, 77
Electronics, Jecoo Audífonos Bluetooth inalámbricos,Audífonos Impermerable con micrófono icorporado,portátil y táctil Mano Libre, 80
Electronics, "Roku Streaming Stick+ , 80
Electronics, Xiaomi Redmi Note 9S 6Gb 128Gb Blanco, 81
Electronics, Webcam con micrófono, Salandens cámara web HD 1080p, cámara web para ordenador, enfoque automático Plug and Play, cámara…, 83
Electronics, Logitech G - G213 PRODIGY - Teclado con Iluminación RGB para Gaming - Negro, 85
Electronics, JETech Protector de Pantalla Compatible con iPad 7 (10,2 Pulgadas, 2019 Modelo, 7ª Generación), Vidrio Templado, 90
Electronics, JETech Protector de Pantalla Compatible con Apple iPad 7 (10,2 Pulgadas, 2019 Modelo, 7ª Generación), Vidrio Templado, 92
Electronics, "Xiaomi Redmi 9 64GB, 4GB RAM, 6.6"" Full HD + AI Quad Camera Smartphone LTE Desbloqueado de fábrica - Versión…", 95
Electronics, Clip Plus 2, 97
Electronics, VicTsing - Mouse Inalámbrico Ergonómico 2.4G - MM057 - Ratón Profesional Mini con Receptor Nano, 6 Botones, 2400DPI, 5 Nivel Ajustable, para Windows, Mac y Linux - Negro, 98
Electronics, Quntis Cable iPhone, Apple MFi Certificado 3 Pies 2m Cable Lightning, Compatible con iPhone 11 XS MAX XR X 8 7 6s Plus, iPad Mini/Air, iPod, Airpods- White, 98
Electronics, Redlemon Micrófono Condensador Semiprofesional con Tripié, Conector Universal Auxiliar Plug 3.5mm, Aislamiento de Ruido…, 100
Electronics, "Xiaomi Redmi Note 9 4 GB RAM + 128 GB, 48 MP Quad cámara Hotshot 5020 mAh batería 6.53""FHD +, LTE Smartphone Desbloqueado de fábrica - Versión Internacional (Blanco Polar)", 103
Electronics, 1080P HD Cámara Web, MTQ Webcam de Conferencia USB Ajustable con Micrófono Incoprado para Videollamadas Computadora Portátil Cámara para OBS Xbox XSplit Skype Facebook Compatible con Mac OS Windows 10/8/7, 106
Electronics, TXG Tripie para Celular, Selfie Trípode Bluetooth, 360°Rotación Extensible Selfie Stick Inalámbrico Palo Selfie Trípode…, 110
Electronics, TP-LINK TL-WA855RE Repetidor de Wifi Extensor de Cobertura Inalámbrico Universal, Antenas Externas, Puerto Ethernet, 300…, 110
Electronics, PANASONIC RP-HF410B Audífono de Diadema Bluetooth, 24hrs de reproducción inalámbrica, control inteligente por voz, manos libres, sistema de bajos extra (XBS), plegables, muy ligeros (130g) Color NEGRO, 111
Electronics, KoblenzRS-1400-I - Regulador  de hogar y oficina, 1400 VA, 600 W, Negro, 1 Unidad, 111
Electronics, "ElfAnt - Soporte portátil ajustable para portátil de 10""-15"", color negro", 112
Electronics, SKULLCANDY Sesh True Wireless Black (BN), 114
Electronics, Xiaomi Mi Band 5 (Negro), 114
Electronics, TP-Link WiFi Router TL-WR840N con Multimodo, Router/Repetidor/WISP/Punto de Acceso, Botón WPS, Control Parental, 300Mbps N en 2.4 GHz, 2 Antenas Externas, 117
Electronics, Skullcandy Indy True - Auriculares inalámbricos con Bluetooth, Negro, Una Talla, 118
Electronics, TP-Link TL-WN725N N150 USB wireless WiFi network Adapter for pc with SoftAP Mode - Nano Size, Compatible with Windows XP…, 120
Electronics, Logitech - M280 - Mouse Inalámbrico - Negro, 130
Electronics, "Aro de Luz Led Para Selfies , 132
Electronics, Logitech - C920s - Cámara Web Full HD 1080p con Tapa de Obturador - Negro, 137
Electronics, XIAOMI REDMI 9A 2GB 32GB AZUL DESBLOQUEADO, 137
Electronics, ZZCP Webcam PC con Microfono, HD 1080P Webcam para Portatil/Ordenador/Mac USB 2.0 Web Camera PC para Videollamadas…, 142
Electronics, DOVE Jabón de tocador go fresh hidratación fresca 4 barras de 100 g c/u, 143
Electronics, VicTsing Alfombrilla Para Mouse Gamer XXL Alfombrilla De Ratón PC Alfombrilla Mouse(80* 40* 0.25 cm), Alfombrilla De…, 146
Electronics, LonEasy Auriculares para Juegos, Auriculares para Juegos con Aislamiento de Ruido con Cable de,Control del Volumen audifonos Gaming., 149
Electronics, TP-LINK TL-WA855RE Repetidor de Wifi Extensor de Cobertura Inalámbrico Universal,  Antenas Externas, Puerto Ethernet, 300 Mbps, Modo AP Compatible, 157
Electronics, UGREEN Carcasa de Disco Duro, Caja de Disco Duro USB 3.0 con UASP Integrado, Compatible con 2.5'' HDD SSD SATA I/II/III de 7mm 9.5mm, 6TB MAX con 30CM Cable Extraíble, 158
Electronics, "Presentamos Echo Show 8 - Pantalla inteligente HD de 8"" con Alexa - Blanco", 159
Electronics, Kingston Tarjeta de Memoria MicroSD Canvas Select Plus de 128 GB, 160
Electronics, Cámara Web 1080P HD con Micrófono USB 2.0 cámara Web de PC, Escritorio o portátil para videoconferencias, enseñanza de…, 167
Electronics, BenQ GW2480 Monitor LED, Eye-Care Tech, FHD 1080p, HDMI, Negro, 24 pulgadas, 167
Electronics, Jecoo Tarjeta de Captura USB 2.0 Full HD 1080P,Captura Audio y vídeo para grabación de enseñanza,transmisión en Vivo de…, 171
Electronics, Fujifilm INSTAX Mini Instant - Película para todas las Mini cámaras Instax, Blanco, 175
Electronics, Logitech - C920 - Cámara Web Full HD 1080p - Negro, 184
Electronics, Wacom CTL472 Tableta One by Chica, Color, Pack of/Paquete de 1, 185
Electronics, Cámara Web 1080P HD con Micrófono USB 2.0 cámara Web de PC, Escritorio o portátil para videoconferencias, enseñanza de línea, transmisión, Plug y Play, 198
Electronics, AmazonBasics Baterías recargables AAA Prerecargadas, 199
Electronics, Xiaomi REDMI Note 9 Dual 128GB (Version Global) Interstellar Grey, 199
Electronics, Jasinber 6-Pack Webcam Cover, Spy Guardia Protectora Deslizante de cámara Web para Laptop/Computer/PC/Macbook Pro/iPhone/Smartphone (6-Pack), 200
Electronics, "Xiaomi Redmi Note 8 (4gb 64gb) 6.3"" Neptune Blue", 203
Electronics, "Xiaomi Redmi Note 8 (4gb 64gb) 6.3"" Negro meteoro", 217
Electronics, TP-Link TL-WN725N N150 USB wireless WiFi network Adapter for pc with SoftAP Mode - Nano Size, Compatible with Windows XP/7/8/8.1/10 - Mac OS 10.6~10.11 - Linux Kernal 2.6~3.16, 220
Electronics, VicTsing - Mouse Inalámbrico Ergonómico 2.4G - MM057 - Ratón Profesional Mini con Receptor Nano, 6 Botones, 2400DPI, 5…, 240
Electronics, TECHVIDA Enfriador para Laptop de Juegos, Ventilador de posiciones base enfriadora, Seis Ventiladores Silenciosos y…, 250
Electronics, Logitech G203 LIGHTSYNC, 250
Electronics, ZZCP Webcam PC con Microfono, HD 1080P Webcam para Portatil/Ordenador/Mac USB 2.0 Web Camera PC para Videollamadas, Estudios, Conferencias, Grabación, Juegos con Clip Giratorio, 251
Electronics, Amazon Basics Performance Baterías alcalinas de Alto Rendimiento, 253
Electronics, "JETech Protector de Pantalla Compatible iPhone 11 y iPhone XR 6,1"", Vidrio Templado, 2 Unidades", 257
Electronics, Logitech - M170 - Mouse Inalámbrico - Plata, 259
Electronics, "Power & Co. Soporte de TV con Movilidad 3 Brazos para Pantallas de 19"" a 43""", 262
Electronics, TP-LINK RE200 Extensor de Rango de Repetidor WiFi de Banda Dual Universal, 3 Antenas, Puerto Fast Ethernet, AC750, Modo AP Compatible, 268
Electronics, Jecoo Mini Audífonos Inalámbricos Bluetooth 5.0 Auriculares Bluetooth Deportivos Estéreo Reduce el Ruido a Pruebe de Sudor Micrófono Incorporado Soporta Manos Libres con Caja de Carga, 284
Electronics, Video Cámara Web1080P Full HD USB,Webcam de Conferencia USB Ajustable con Micrófono Incoprado Computadora Portátil…, 289
Electronics, TXG Auriculares para Juegos, Auriculares con Cable, Auriculares para Jugadores，Auriculares para Juegos con Micrófono…, 303
Electronics, JBL JBLT110BLK In-ear Negro, 304
Electronics, Firstop Auriculares Bluetooth, Audífonos Inalámbricos Impermeables IPX7, Auriculares con Reducción de Ruido y Ajuste Seguro para Deportes y Gimnasia, con Micrófono Incorporado, 309
Electronics, Mouse Inalámbrico,Leolee Ratón Recargable Wireless 2.4G Ergonómico óptico Silencioso Click con Receptor USB y Tipo-c Adaptador 3(1000/1200/1600)Ajustable DPI Ratón Para Computadora,Portátil,PC,Mac (Negro), 309
Electronics, VicTsing Mouse Pad Alfombrilla para Ratón 26*21*2cm, Para Mouse Gamer y Mouse Inalámbrico Con Bordes Cosidos, Superficie Premium-Textured, Base de Goma Antideslizante, Para Laptop Oficina Juegos Nergo, 310
Electronics, TP-LINK TL-WA850RE Repetidor de Wifi Extensor de Cobertura Inalámbrico Universal, 300Mbps, Enchufe de Pared, Tipo Plug and Play, Puerto Ethernet, Luz Indicadora de Señal Inteligente, 310
Electronics, TP-Link Cámara de Seguridad Wi-Fi Inalambrica HD1080P, 317
Electronics, Xiaomi Audífonos Bluetooth Redmi Airdots, 318
Electronics, UGREEN Carcasa de Disco Duro, Caja de Disco Duro USB 3.0 con UASP Integrado, Compatible con 2.5'' HDD SSD SATA I/II/III…, 322
Electronics, Xiaomi Redmi Note 9S 128GB Gris Interestelar Desbloqueado, 323
Electronics, Kingston SA400S37/120G Disco Duro Sólido, 120 GB, Serial ATA III, 500 MB/s, 320 MB/s, 333
Electronics, TP-LINK TL-WA850RE Repetidor de Wifi Extensor de Cobertura Inalámbrico Universal, 300Mbps, Enchufe de Pared, Tipo Plug…, 334
Electronics, ADATA Powerbank Batería Portatil Color Negro 20000 mAh con Pantalla Digital (Modelo P20000D), 337
Electronics, Xiaomi REDMI Note 9 Dual 128GB (Version Global) Forest Green, 340
Electronics, , 347
Electronics, E-reader Kindle Paperwhite, resistente al agua, color Negro, 32 GB Wi-Fi, 10ª generación, 356
Electronics, Jasinber 6-Pack Webcam Cover, Spy Guardia Protectora Deslizante de cámara Web para Laptop/Computer/PC/Macbook Pro/iPhone…, 363
Electronics, Logitech - M170 - Mouse Inalámbrico - Negro, 367
Electronics, Xiaomi Redmi Note 9S 6Gb 128Gb Azul, 369
Electronics, "Echo Show 5 - Pantalla compacta de 5.5"" con Alexa - Blanco", 380
Electronics, Samsung LC24F390FHLXZX - Monitor Curvo, Negro (Black High Glossy), 23.5”, 386
Electronics, 1080P HD Cámara Web, MTQ Webcam de Conferencia USB Ajustable con Micrófono Incoprado para Videollamadas Computadora…, 389
Electronics, LonEasy Auriculares para Juegos, Auriculares para Juegos con Aislamiento de Ruido con Cable de,Control del Volumen…, 405
Electronics, Firstop Auriculares Bluetooth, Audífonos Inalámbricos Impermeables IPX7, Auriculares con Reducción de Ruido y Ajuste…, 410
Electronics, Duracell Cargador para Pilas Recargables Pre-cargadas AA y AAA, Incluye 1 Cargador y 4 Pilas AA, 411
Electronics, TP-LINK RE200 Extensor de Rango de Repetidor WiFi de Banda Dual Universal, 3 Antenas, Puerto Fast Ethernet, AC750, Modo…, 412
Electronics, VicTsing Mouse Pad Alfombrilla para Ratón 26*21*2cm, Para Mouse Gamer y Mouse Inalámbrico Con Bordes Cosidos, Superficie…, 412
Electronics, AmazonBasics Nylon Braided Lightning to USB A Cable - MFi Certified iPhone Charger - Dark Grey, 6-Foot, 419
Electronics, Logitech - M170 - Mouse Inalámbrico - Azul, 422
Electronics, Sony MDREX14APB Audífonos intrauditivos de Silicón, color Negro, 425
Electronics, Xiaomi Audifonos Earbuds Airdots Basic S Nueva Generación, 452
Electronics, Epson Multifuncional Ecotank L3150, tanque de tinta a color para Hogar, Wi-Fi Direct, 467
Electronics, Mouse Inalámbrico,Leolee Ratón Recargable Wireless 2.4G Ergonómico óptico Silencioso Click con Receptor USB y Tipo-c…, 473
Electronics, ADATA 32 GB Tarjeta de Memoria Micro SDHC con Adaptador Color Negro con Morado (Clase 10), 476
Electronics, Duracell Copper negro Pila Alcalina AAA con 4 Piezas 2 pilas gratis, 1.0 count, 501
Electronics, Xiaomi Audífonos Redmi Airdots, 514
Electronics, ADATA 64 GB Tarjeta de Memoria Micro SDXC con Adaptador Color Negro con Morado (Clase 10), 554
Electronics, AmazonBasics Performance Baterías alcalinas de alto rendimiento, 48 baterias, 561
Electronics, KoblenzRS-1400-I - Regulador de hogar y oficina, 1400 VA, 600 W, Negro, 1 Unidad, 610
Electronics, Amazon Smart Plug compatible con Alexa, 634
Electronics, Roku 3930 Express Streaming TV, 638
Electronics, Nuevo e-reader Kindle, ahora con una luz frontal, color Blanco, 10ª generación - 2019, 649
Electronics, Logitech - Mk220 - Combo De Mouse Y Teclado Inalámbricos - Negro, 692
Electronics, Xiaomi Mi Smart Band 5 (Versión Global), 702
Electronics, Google GA00439-MX Chromecast 3ra generación, Negro, 721
Electronics, "Kingston 480GB A400 SATA 3 2.5"" SSD Interno SA400S37/480G - sustituto de disco duro para mayor rendimiento", 721
Electronics, "Kingston 240GB A400 SATA 3 2.5"" SSD Interno SA400S37/240G - Sustituto de disco duro para mayor rendimiento", 722
Electronics, ADATA 128 GB Tarjeta de Memoria Micro SDXC con Adaptador Color Negro con Azul A1 (Clase 10), 722
Electronics, Fire TV Stick - Reproductor de media con control remoto sin Alexa, 722
Electronics, Echo Dot (3ra generación) - Bocina inteligente con Alexa - Granate, 722
