Office-product, HP Cartucho Original de Tinta Negra 664 Advantage (F6V29AL), 718
Office-product, "minimalismo Art , 295
Office-product, Rocketbook - Cuaderno de espiral reutilizable borrable, Rojo atómico, Ejecutivo, 717
Office-product, Epson Botella De Tinta Ecotank Color Amarillo, T664420, 709
Office-product, Sakura 37379 - Juego de bolígrafos de tinta de gel (5 unidades, punta fina, varios colores), Bolígrafo de Gel Metálico, paquete de 10, Multicolor, 0.4 mm, 307
Office-product, Plumones Marcadores Crayola Super tips 100 colores, 436
Office-product, "Canson XL Mix Media Pad, 7""X10"" Side Wire", 481
Office-product, Stabilo Boss Original - Subrayador Pastel colores surtidos, Set de 6, 301
Office-product, AmazonBasics, Planificador y Diario, Cubierta Dura, 5 x 8.25 pulgadas, 323
Office-product, AZOR 301.8398 Magistral Grip, Marcador para pizarrón blanco, 8 piezas, Colores surtidos, 699
Office-product, AmazonBasics Papel multipropósito para copiadora, 1 paquete de 500 hojas (500 hojas en total), 566
Office-product, Pilot Frixion Clicker, Bolígrafo Retráctil, Tinta Borrable Azul, Usa Repuesto, Doce Piezas (31451), 169
Office-product, Prismacolor Junior Lápices De Colores 48 piezas, 669
Office-product, Sillón Ejecutivo para Oficina - Modelo Economalla, 299
Office-product, Reposamuñecas para Teclado y Ratón Alfombrilla Cojín de Muñeca, Wrist Rest Pad, Alivia el Cansancio de Muñeca, Suave Base de Goma Antideslizante Cojín de Muñeca, Negro, 164
Office-product, Cartucho de tinta HP 664 combinado (negro TRI-COLOR) Cartucho de tinta original Deskjet - Paquete de 2, 718
Office-product, Crayola 542102M002 Pinturas Témpera Lavable, 25 ml, 10 Piezas, 472
Office-product, "Rocketbook Wave - Cuaderno Inteligente, Negro, Executive (6""x8.8"")", 275
Office-product, Prismacolor Premier Paquete de 24 lápices, multicolor, 717
Office-product, Quartet P4695 Planeador Magnético Combinado, Pizarrón/Corcho, varios colores, 702
Office-product, Ofidosel Libreta Clásica con Cubierta y Pasta Dura de Cuero Sintético/Piel Vegana con Banda Elástica y Porta Documentos. Excelente para Universidad, Oficina y Hogar. 14.2 X 21.2 X 1.6 cms (Azul), 103
Office-product, Canson XL Series Bloc para acuarela, 22.86 cm x 30.48 cm, cubierta plegable, 30 hojas (100510941), Paquete de 2, 2, 345
Office-product, Prismacolor, Sacapuntas, Negro, 1 caja, 76
Office-product, Quartet MX05330GE - Tablero de Corcho, Marco de Plástico, 43 X 58 cm, 443
Office-product, Epson CAREPS5850 Cartucho Dye, Amarillo, 458
Office-product, AmazonBasics Carpeta de archivo desplegable tamaño carta, negro, 167
Office-product, Five Star cuaderno de espiral, 5 materias, con renglones, 200 hojas de papel, 27.9 cm x 21.59 cm, Rojo, 1 paquete, 163
Office-product, Zebra Pen Mildliner - Pincel de punta fina y pincel, Colores Variados, 15 Pack, 10
Office-product, Post-it Super Sticky Notes, 2x Sticking Power, Negro, 5 Pads/Pack (654-5SSSC), 15
Office-product, Prismacolor 3598T Premier Colored Pencils, Soft Core, 48 Pack, 92
Office-product, Tinta Hp 664 xl negro / tricolor, 615
Office-product, MICRON XSDK-6A Set Pigma C/6-Negros, 358
Office-product, HP Impresora multifuncional, Ink Tank 315 (Z4B04A), 121
Office-product, Pilot - Precise V5 - Bolígrafos de punta rodante, 5 Piezas, Rojo (26012), 38
Office-product, Stabilo Point 88 - Pluma estilográficas (Multi, Multicolor, Naranja), 498
Office-product, Sanford Design Art Erasers 3/Pkg-, 73
Office-product, CRAYOLA cray24ct Sidewalk Chalk, 322
Office-product, Zebra Marcador Sarasa Porous, punto fino 0,8 mm, estuche 10 piezas, colores Ngo, Azl, Rjo, Vde, Ama, Rsa, Mdo, Nja, Gris y Café, 85
Office-product, Pilot IC100, Repuesto, Tinta Líquida Negra, Cartucho, Caja 1 Caja c/u 12 Cartuchos (69100), 37
Office-product, Aires Comprimido Tekclean 480 ml 3 Unidades, 425
Office-product, rabbitgoo Pizarra Blanca Adhesiva Rollo de Pizarron de Pared Blanca Tablero Blanco Papel Pizarra Flexible Pegatina para Hogar Oficina Escuela con 1 Rotulador Borrable Gratuito 44.5 * 200cm, 155
Office-product, Ofidosel Kit Porta Notas Adhesivas Estuche de Notas de Curpiel. Organizador de Escritorio para Oficina, Escuela o Trabajo. Incluye Notas Adheribles de Varios Colores y Separadores. Organizer., 74
Office-product, Pilot G2 Bolígrafos retráctiles, con tinta de gel y punta ultrafina, Recargable, Negro, Paquete de 4, 62
Office-product, AmazonBasics - Organizador de escritorio, de malla, negro, 58
Office-product, "Canson Artist Series Watercolor Pad, 5.5""X8.5"" Side Wire", 168
Office-product, HP Cartucho Original de Tinta Negra 662 Advantage (CZ103AL), 404
Office-product, Expo Low-Odor Dry Erase Markers, Ultra-Fine Tip, 2-Pack, Black, 7
Office-product, Pilot Metropolitan Collection Pluma estilográfica, diseño clásico, tinta negra, Bolígrafo de gel, Negro, Pen, 41
Office-product, Super Combo HP 664 (2PZAS F6V28AL+2 PZAS F6V29AL) COMPULIDER, 333
Office-product, Pentel CB8-36- Lapices de colores 36 piezas, 105
Office-product, Epson Botella De Tinta Ecofit Color Amarillo, T504420, 341
Office-product, Uni-Ball AIR Micro – Rollerball fino de 0,5 mm – Pack de 6 – negro – UBA-188-M, Negro, 6 unidades, 15
Office-product, Rotuladores de punta de fieltro, Paquete de 12, 15
Office-product, Tombow Marcador para caligrafía Principiante, 44
Office-product, Classic Notebook Pkt Squared Black, 23
Office-product, IFORU Plumones Punta de Pincel 36 Colores, Rotuladores de Dibujo con Doble Punta(0.4mm/1-2mm), Rotuladores Acuarelables No Toxica Regalo para Colorear Libro, Caligrafia, Lettering, Comic, etc., 129
Office-product, PILOT FriXion - Palillos de colores borrables, Negro, Paquete de 5, 445
Office-product, Parker QUINK Ink Bottle, Black, 57 ml, 17
Office-product, Pilot FriXion Light Pastel Collection - Rotuladores borrables con punta de cincel, Multicolor, Tub 0f 36, 103
Office-product, Pilot FriXion - Recambio para bolígrafo de tinta de gel, 3 unidades, Azul, Caja con docena, 114
Office-product, Amazon Basics Máquina de enmicado térmico, 231
Office-product, "Dymo Etiquetas para grabado en relieve con 3 cintas Dymo , 208
Office-product, , 320
Office-product, Pentel CB8-24U Artes Lápices de Varios Color, Paquete con 24, 168
Office-product, Epson Kit de 4 Tinta T504 para L4150 L4160 L6161 L6171 Kit Especial DECME, 368
Office-product, Lapicera rígida, 72 compartimentos, práctica bolsa con zíper de capas múltiples, grande, para lápices de color Prismacolor, bolígrafo de gel, bolígrafo de color, bolígrafos de acuarela, brocha cosmética y más, Azul, 97
Office-product, Zipit Colorz estuche para anteojos, Azul, Caja de almacenaje para lápices, Azul triángulos, 6
Office-product, VTech Telefono Alambrico, Montaje de Pared Flash Teléfonos de Línea Fija, (TELCLIO10B), 98
Office-product, Tombow Dual Brush Pen Art Markers, Bright, 10-Pack, 308
Office-product, AmazonBasics Láminas térmicas para plastificar (22,6 x 28,9 cm, 100 unidades), 126
Office-product, AmazonBasics Rotuladores de punta de fieltro, Paquete de 24, 13
Office-product, Toner Generico Samsung 111 Mlt-d111s Compatibl 111s M2020 M2022 Compatible Nuevo, CALIDAD ISO 9001, 1 PIEZA, 620
Office-product, Casio FX-991EX ingeniería/calculadora científica, negro, 576
Office-product, Expo Low-Odor Dry Erase Markers, Ultra-Fine Tip, 8-Pack, Assorted Colors, 65
Office-product, Quartet 75223B Pizarrón de borrado seco, medio, 60 cm x 90 cm, 105
Office-product, Five Star 1-1/2 Inch Zipper Binder, 3 Ring Binder, 3-Pocket Expanding File, Durable, Blue (72202), 26
Office-product, Pilot Precise V5 Bolígrafos de punta extra fina, Azul, Paquete-de-5, 10
Office-product, U Brands - Vaso para lápices, alambre de metal, Bandeja para cartas, Copper/Rose Gold, 6
Office-product, 81 Colores Marker Pen Set Dibujo Rotulador Animación Boceto Marcadores Set con Estuche de Transporte para Dibujar Colorear Resaltar y Subrayar (81 Colors), 26
Office-product, Resaltadores - Marcatextos Sabonis originales (PASTEL) 6 Piezas/PSA COMPUTO Y PAPELERIA, 30
Office-product, Libreta Skin Metallics. Cuaderno 80 hojas rayadas de papel óptico silky. Color azul obscuro, 5
Office-product, HOMZ Almacenamiento de plástico, 112 Cuartos - 2 Pack, Multi, (L x W x H) 28.75 x 16.00 x 18.25 Inches, 1, 2, 5
Office-product, AmazonBasics Wide Ruled Composition Notebook, 100-Sheet, Marble Black, 4-Pack, 5
Office-product, Pendaflex P200E Organizador Expandible Portafile Tamaño Oficio 19 Bolsas, Cejas Pre-Impresas, Colores Surtidos, 19
Office-product, Con-Tact Recubrimiento adhesivo multipropósito para crear una superficie de pizarra, 45.72 cm por 1.8 m, 5
Office-product, Pretul TABU-1, Taburete plegable, 589
Office-product, Five Stars híbrido Flex NoteBinder Encuadernador de apuntes, 2.5 cm, Variados, 1 paquete, 12
Office-product, Pilot FriXion Point Erasable Gel Pens, Extra Fine Point, 3-Pack, Black Ink (31578), 29
Office-product, Quartet P4691 Pizarrón Magnético Borrado, 21.6 x 28 cm, 153
Office-product, Tombow 62038 Fudenosuke Bolígrafo de pincel, paquete de 2 Punta suave y dura, Negro, Paquete-de-2, 128
Office-product, Mead Square -  Notebook, 100 hojas,Wide Ruled, Black, 1 Pack, 127
Office-product, Avery - Etiquetas para ropa sin planchar, color blanco, Blanco, 1-pack., 3
Office-product, Pilot Frixion Ball, Bolígrafo, Tinta Borrable Colores Surtidos, Usa Repuesto, Blíster 3 Piezas (31557), 50
Office-product, Avery 40700 Etiquetas para ropa de niños, no necesita planchado, aptas para lavadora y secadora, varias formas y tamaños, paquete de 2, 90 etiquetas, 3
Office-product, U Brands Contempo - Pizarrón magnético de borrado en seco, pulgadas, armazón blanco, 252U00-04, Sencillo, Blanco, 11 X 14, 106
Office-product, HP 662 Ink Combo, 665
Office-product, Libreta Skin Madera. Cuaderno pasta dura texturizado 80 hojas rayadas papel óptico. Color madera claro, 4
Office-product, "Xiaomi Redmi 9 64GB, 4GB RAM, 6.6"" Full HD + AI Quad Camera Smartphone LTE Desbloqueado de fábrica - Versión Internacional (Gris Carbono)", 85
Office-product, Pilot Frixion Ball, Bolígrafo, Tinta Borrable Negra, Usa Repuesto, Doce Piezas (31550), 9
Office-product, 3M Post-it Notas Adhesivas Super Sticky, Color Bali, 3x3in, 5 blocks, 90 hojas c/u (Modelo 654), 2
Office-product, Brighter Child 076963818X Three Little Pigs, 33
Office-product, BIC vidrio Xtra Bold - Bolígrafo, Variados, 24 unidades, 9
Office-product, Learning Resources Centro de Almacenamiento Create-a-Space Colores Brillantes, 442
Office-product, HP Cartucho Original de Tinta Amarilla 951 (CN052AL), 271
Office-product, EPSON- 4 Tintas para L120 L220 L310 L395 L575 L565 Kit Especial DECME, 21
Office-product, Pilot Frixion Clicker, Bolígrafo Retráctil, Tinta Borrable Negra, Usa Repuesto, Blíster 2 Piezas (31460), 423
Office-product, Pentel GraphGear 500 - Lápiz de dibujo automático, 1 Lápiz, Plomo y Borrador, Negro, 0.5Mm, 2
Office-product, Five Star - Papel de hojas sueltas, 3 agujeros, papel de relleno reforzado, rayas gráficas, 28 x 21 cm, 100 hojas/paquete, Paquete de 1, 36
Office-product, "Five Star Flex Hybrid NoteBinder- Cuaderno y carpeta todo en uno, Negro, 11 1/2"" x 10 3/4""", 46
Office-product, "Redi-Tag 29500 Notas adhesivas divisoras, 60 notas rayadas, 10.2 cm por 15.2 cm (4"" x 6""), colores neón variados", 140
Office-product, Papel Adhesivo. Etiquetas Tamaño Carta blanco, 50 Hojas, para Impresoras Laser, Inkjet, Fotocopiadoras o Trabajos Artesanales. Contiene Material Reciclado, 159
Office-product, Salandens Reposamuñecas para Teclado y Ratón Alfombrilla Cojín de Muñeca,Alivia el Cansancio de Muñeca, Suave Base de Goma Antideslizante Cojín de Muñeca,Soporte ergonómico - Espuma de calidad premium - Durable y cómodo y liviano para escribir fácilmente y aliviar el dolor(Cielo estrellado), 4
Office-product, Lápiz BIC Xtra Sparkle, 10 unidades, Negro, 0.7 mm, 19
Office-product, AmazonBasics, Cuaderno Clásico, Hojas Cuadriculadas, 127
Office-product, 14 Pcs Lapices de Dibujo Profesional Kit de Dibujo Lápices de Dibujo Juego Para Dibujar y Dibujar Con Borradores Carbón Palo Sacapuntas Art Para Artistas Adultos Recargas de Color y Negro Para Proyectos de Dibujo Escritura Artesanía Dibujo de Arte Carpintero., 25
Office-product, Blue Sky 2020-2021 Planificador semanal y mensual, cubierta flexible, encuadernación de doble alambre, 5 x 8 pulgadas, Enterprise, 50
Office-product, Papel Bond Reciclado Ecologico 500 hojas tamaño carta 1 paquete de 500, Excelente Blancura Papeleria Ecologica, 276
Office-product, PuTwo 601420327137 Marcador, Marker Pen, 1, 1, 7
Office-product, Scotch Laminadora Térmica de 2 Rodillos (TL901), 336
Office-product, AmazonBasics, Cuaderno Clásico, Hojas en Blanco, 5
Office-product, Nature's Heart Ciruela, Ciruela, 210 gramos, 59
Office-product, Escritorio PLAYCON Organizador 105X100X48 cm Color Tzalam, aprovecha su organizador superior, 96
Office-product, LIQUITEX de Tinta acrílica Profesional! 28,35 G Tarro, Titanio Blanco, 15
Office-product, INK Depot Juego de 4 Tintas Marca Compatible con EPSON para Recarga de impresoras, multifuncionales, Tanques de Tinta EcoTank, Sistemas de Tinta Continua, Cartuchos Originales y compatibles, 44
Office-product, BAOSHARE Escáner de código de Barras, Lector de código de Barras láser con Cable USB de Mano 1D con Soporte Flexible de Soporte para Inventario de Supermercado de almacén, 12
Office-product, Redlemon Cuaderno Inteligente Reutilizable de 50 Hojas, Borrable con Agua y con Calor, Sube Archivos y Anotaciones a la Nube. Ecológico, Incluye 3 Plumas de Tinta Borrable. Tamaño Mediano (A5), 145
Office-product, Epson Cartucho de Tinta color Amarillo para Expression (XP), T296420, 37
Office-product, Stabilo Boss Marcador original, juego de 15 colores (edición limitada), Versión original., 15er Tischset, 16
Office-product, JSBelle Bolsa de transporte de lápiz, Estuche de lápices para oficina de secundaria (Azul claro), 70
Office-product, BIC Colores Evolution 26 piezas., 7
Office-product, Winsor & Newton Galeria Pincel, Redondo - Asa Corta, 0, 1, 1
Office-product, ZEBRA Sarasa Clip bolígrafo de tinta de gel 0,5 mm, agarre de goma, colores clásico, juego de 5 colores (JJ15-5C-VI), 8
Office-product, Barrilito 7020 Forro Adherible Rollo, 45 cm x 20 m, pack of/paquete de 1, 244
Office-product, Brybelly Triángulo Shaped Manos Libres Playing Titular de la Tarjeta, 8
Office-product, VicTsing Mouse Pad con Reposa Muñecas, Alfombrilla de Ratón Memory Foam Set Teclado Wrist Rest Pad para Wrist Pain Relief, Durable Comfortable Antideslizante Wrist Cushion para Oficina Juegos Laptop, 33
Office-product, Reposamuñecas para teclado + tapete para mouse + reposamuñecas para mouse, espuma de memoria, alivio de dolor, juego de 3 almohadillas para teclado para computadora, laptop, hogar y oficina, 4
Office-product, Epson Multifuncional Ecotank L3110, tanque de tinta a color para Hogar, USB, 151
Office-product, Caja de máscara y estuche de máscara, 4
Office-product, Aurora AU1230XA Triturador de Papel y Tarjetas de crédito, de Corte Transversal, para 12 Hojas, antiatascos y Papelera de 5.2 galones, AS890C- 8 Sheet Crosscut, AS890C- 8 Sheet Crosscut, 4
Office-product, HP Cartucho Original de Tinta Negra 60 (CC640WL), 195
Office-product, Canson XL Series Dibujo, 13.97 cm x 21.59 cm Alambre Lateral, 13.97 cm x 21.59 cm, 1, 28
Office-product, Texas Instruments TI-Nspire CX II Calculadora gráfica a Color con Software para Estudiantes (PC/Mac), 6
Office-product, GloblaUP Libreta de Notas con Pasta Dura. Libreta A5 de Piel Sintetica con 90 Hojas de Raya, Cordon Separador y Banda Elastica. Cuaderno Clasico con 180 paginas ideal para Escuela, Hogar u Oficina. (Amarilla), 7
Office-product, Spiral Bound Notebook, Mead Perforated, College Rule, 8 x 10 1/2, White, 70 Sheets (Pack of 2, Randon Colors), 9
Office-product, Learning Resources Spike The Fine Motor Hedgehog - Juegos de Motricidad Fina, 165
Office-product, Preescolar 3 Campos Formativos, 3
Office-product, Volteck DBF-6, Detector de billetes falsos, 3
Office-product, Mead Cuaderno en espiral, renglones estilo universitario, 1 materia, 70 páginas, 20.32 cm x 26.67 cm, colores variados, 1
Office-product, Sharpie 1805612 Marcador Permanente Punto Fino, 24 Colores Surtidos, 22
Office-product, Hojas sueltas Five Star, perforadas con 3 agujeros, papel de relleno reforzado, rayado ancho, Wide Ruled, 1 paquete, 11
Office-product, Resaltadores - Marcatextos Sabonis originales (Kit mini de 2 set de 6 piezas cada uno) Colores Flúo y Pastel/PSA COMPUTO Y PAPELERIA, 165
Office-product, 20 pósteres educativos 24x17 pulgadas, Multi color, Large (16.5x12), 102
Office-product, Silimex AEROJET360 Aire Comprimido con Válvula de 360°, 295
Office-product, CoWalkers Cinta métrica Cinta de medición retráctil para el cuerpo de tela Cinta de medición y la cinta de doble cara para coser Cinta de medición de tela a medida,150 cm, 3
Office-product, Canson Artist Series - Almohadilla para acuarelas, 2 unidades, con alambre lateral, 167
Office-product, Sharpie 1812776 Marcador Permanente Punto Fino, 8 Colores Surtidos, 17
Office-product, Blue Sky - Planificador semanal y mensual para año académico, cubierta flexible, encuadernación de doble alambre, Versión nueva, 21.59 cm x 27.94 cm, 2
Office-product, rabbitgoo Pizarra Blanca Adhesiva Rollo de Pizarron de Pared Blanca Tablero Blanco Papel Pizarra Flexible Pegatina para Hogar Oficina Escuela con 1 Rotulador Borrable Gratuito 44.5 * 400cm, 14
Office-product, HP DeskJet Ink Advantage 2135 All-in-One Printer, 113
Office-product, Quartet MX05342AST Pizarrón Magnético Borrado en Seco con Marco Plástico, 21 x 58 cm, 2
Office-product, Just Home Bascula Digital 40 Kg Comercial Negocio Recargable Multifuncion Calcula Peso Precio Doble Pantalla LCD, 89
Office-product, Estuche Escolar AVEDISATANTE Estuche para Lápices Porta Lápices Gran Capacidad para Pencil Case Artículo de papelería para Estudiantes (Rosa), 12
Office-product, TEKER Plumones Punta de Pincel 48 Colores, Rotuladores de Dibujo con Dual Brush(0.4mm/1-2mm), Rotuladores Acuarelables Regalo para Artistas, Niños, Dibujar, Cómic, Caligrafía, Lettering, etc., 63
Office-product, Canon CARCNN4730 Tanque de Tinta, Amarillo, 3
Office-product, Marcadores Pluma de Acuarela, Vagalbox Set 48 Colores de Rotuladores Acuarelables Profesionales Vagalbox, Acuarelas para: Dibujar, Cómic, Caligrafía y Diseño de Letras, Pluma de Agua para Niños y Adultos, 80
Office-product, Casio Inc. FX-300ES Plus - Calculadora científica, fx-300ES PLUS, Azul, 36
Office-product, Blue Sky, Versión nueva, 21.59 cm x 27.94 cm, 21
Office-product, Kipling - Estuche para 100 bolígrafos, 9
Office-product, Casio fx-300ES Plus Scientific Calculator, Black, 37
Office-product, Cheelom Plumas de colores Fineliner Juego de Planificador Bolígrafos de 24 colores punta de fieltro de color súper fino de 0,4 mm marca de punto de onda, 21
Office-product, AmazonBasics, Bolígrafo de Punta Retráctil, Variado, 1
Office-product, BIC Kids Evolution ECOlutions, Blíster de 12 lápices de colores, 6
Office-product, "Blue Sky, Versión nueva, 5"" x 8""", 44
Office-product, 41 Colores Marker Pen Set Dibujo Rotulador Animación Boceto Marcadores Set con Estuche de Transporte para Dibujar Colorear Resaltar y Subrayar (41 Colors), 5
Office-product, Casio FX-82LAPLUS-BKSCMH Calculadora, 9
Office-product, Pizarrón Blanco 60x40cm para marcador., 40
Office-product, Escritorio Organizador con Cajón PLAYCON 89.4X120.4X60.4 cm Color Tzalam, aprovecha su organizador superior y su cajón con correderas de apertura total, 113
Office-product, Paper Mate InkJoy Bolígrafos de bola, punta fina, Multicolor, Paquete de 10, 11
Office-product, Rocketbook Everlast Fusion Cuaderno para Notas Tamaño carta, 7
Office-product, Pilot FriXion - Recambio para bolígrafo de tinta de gel, 3 unidades, Azul, Ink Refills (2-Pack), 48
Office-product, Lorell Borrador de borrado en seco, 2-3/16 por 5-3/16 por 1-5/16 pulgadas, negro, 4
Office-product, Spectrum Diversified Elements - Sujetalibros, Cromado, Large, 1, 4
Office-product, Sharpie 1812781 Twin Tip Marcador Permanente 2 en 1, Estuche de 12 Colores Surtidos, 42
Office-product, Quartet P4694 Planeador Magnético con Marco de Colores, 28 x 35.5 cm, el color puede variar, 36
Office-product, TIGRE Cartucho Toner GENERICO Compatible CF217A 17A con Chip Marca PSA COMPUTO. Compatible HP Laserjet Pro M102A M102W M130FN M130FW M130NW M130A, 3
Office-product, Toner GENERICO PARA Brother Tn1060, Compatible Nuevo, CALIDAD ISO 9001, 1 PIEZA (EL empaque puede variar), 246
Office-product, Lapices de Colores Prismacolor Caja con 24, 89
Office-product, Paper Mate Candy Pop Colores doble punta, 15 lápices de 2 colores (30 colores), 36
Office-product, Carrito de metal con ruedas de 3 niveles, carrito de almacenamiento, organizador con asas, cesta de malla de almacenamiento y ruedas de freno. Fácil de montar, para cocina, oficina, baño, recámara, cuarto de lavandería, 7
Office-product, BIC Bol Cristal Precisión y Suavidad, 10 Piezas, 20
Office-product, Crayola 5219180002 18 Crayones Extra Jumbo, 10
Office-product, HP_COMBO Combo 662XL (CZ105AL + CZ106AL), 22
Office-product, Preescolar 1 Campos Formativos, 18
Office-product, Paquete de hojas de colores 100 Piezas 10 Colores Diferentes Tamaño Carta, 243
Office-product, Namiki Iroshizuku - Pluma estilográfica embotellada, tinta Chiku-rin, Amarillo Verde, 8.6 cm, 11
Office-product, Set Escolar de Dibujo y Escritura Lapicera, 4
Office-product, Mica térmica MAX Seal Carta 3 mil 100 pz 22.9 x 29.2 cm, 118
Office-product, Preescolar 2 Campos Formativos, 5
Office-product, Epson Cartucho De Tinta Color Amarillo Para Xp-2101, T206420, 20
Office-product, Creative Teaching Press Bold & Bright - Tablón de anuncios (exhibiciones de habitación y decoración para aulas, espacios de aprendizaje y más), 47
Office-product, ACCO P4598 Set de Clips y Accesorios de Colores, color Fresa, 9
Office-product, HP CZ105AL Advantage Cartucho de tinta original de alto rendimiento, Negro, 662XL, 245
Office-product, Redlemon Letrero Luminoso LED tipo Cartelera Vintage de Cine con Doble Paquete de Letras, Números y Símbolos (90 piezas), Tamaño A6, Portátil, Cinema Light Box, Tamaño Chico, 7
Office-product, HP Numero 664XL Cartucho de Tinta, Tricolor, 347
Office-product, Redlemon Letrero Luminoso LED Cubo 3D con Letras, Números y Emojis (210 Piezas). Conexión USB o Baterías AAA (no incluidas). Cinema Light Box Portátil Grande (14.8 cm x 15.6 cm x 15.6 cm), 1
Office-product, Epson. 4 Pack Botella Tinta T544 L1110 L3110 L3150 Negro, Amarillo, Magenta, Cian 260mL Numero de Parte T544420-AL T544220-AL T544320-AL T504220-AL Compatible con Equipos L3110, L3150 Linea Ecotank, 6
Office-product, Crayola Pearlescent Cream Sticks & Case, Oil Pastel Alternative, Gift Set, 10Count, 125
Office-product, BIC Marking para Pizarrón Blanco, color Azul, 101
Office-product, Redlemon Cuaderno Inteligente Reutilizable de 20 Hojas Profesional, Borrado con Agua y Calor, Sube Archivos y Anotaciones a la Nube. Ecológico, Incluye 3 Plumas de Tinta Borrable. Tamaño Grande (A4), 1
Office-product, Amazon Basics Plastic Organizer - Accessory Tray, White, 10
Office-product, Marcadores Pluma de Acuarela, Vagalbox Set 48 Colores de Rotuladores Acuarelables Profesionales Vagalbox, Acuarelas para…, 213
Office-product, Sakura 37379 - Juego de bolígrafos de tinta de gel (5 unidades, punta fina, varios colores), Bolígrafo de Gel Metálico…, 402
Office-product, Zebra Marcador Sarasa Porous, punto fino 0,8 mm, estuche 10 piezas, colores Ngo, Azl, Rjo, Vde, Ama, Rsa, Mdo, Nja, Gris…, 54
Office-product, Resaltadores - Marcatextos Sabonis originales (Kit mini de 2 set de 6 piezas cada uno) Colores Flúo y Pastel/PSA COMPUTO…, 276
Office-product, INK Depot Juego de 4 Tintas Marca Compatible con EPSON para Recarga de impresoras, multifuncionales, Tanques de Tinta…, 201
Office-product, AmazonBasics Láminas térmicas para plastificar (22,6 x 28,9 cm, 100 unidades), 206
Office-product, Redlemon Cuaderno Inteligente Reutilizable de 50 Hojas, Borrable con Agua y con Calor, Sube Archivos y Anotaciones a la…, 128
Office-product, Stabilo Boss Original - Subrayador Pastel colores surtidos, Set de 6, 411
Office-product, Papel Adhesivo. Etiquetas Tamaño Carta blanco, 50 Hojas, para Impresoras Laser, Inkjet, Fotocopiadoras o Trabajos…, 227
Office-product, VicTsing Mouse Pad con Reposa Muñecas, Alfombrilla de Ratón Memory Foam Set Teclado Wrist Rest Pad para Wrist Pain…, 262
Office-product, rabbitgoo Pizarra Blanca Adhesiva Rollo de Pizarron de Pared Blanca Tablero Blanco Papel Pizarra Flexible Pegatina para…, 130
Office-product, Mead Square - Notebook, 100 hojas,Wide Ruled, Black, 1 Pack, 14
Office-product, Querida Agenda 2020, 72
Office-product, Redlemon Cuaderno Inteligente Reutilizable de 20 Hojas Profesional, Borrado con Agua y Calor, Sube Archivos y…, 10
Office-product, Five Star cuaderno de espiral, 5 materias, con renglones, 200 hojas de papel, 27.9 cm x 21.59 cm, Rojo, 1 paquete, 74
Office-product, Pilot FriXion - Recambio para bolígrafo de tinta de gel, 3 unidades, Casual, Colores Variados, Empaque de 6 unidades, 37
Office-product, BIC Bol. Cristal Precisión 12 piezas+ Precisión y Suavidad Azul 1 pieza., 1
Office-product, Cheelom Plumas de colores Fineliner Juego de Planificador Bolígrafos de 24 colores punta de fieltro de color súper fino…, 142
Office-product, Organizador de computadora acrílico para suministros de oficina y accesorios de computadora, soporte para bolígrafos…, 11
Office-product, TEKER Plumones Punta de Pincel 48 Colores, Rotuladores de Dibujo con Dual Brush(0.4mm/1-2mm), Rotuladores Acuarelables…, 366
Office-product, U Brands Contempo - Pizarrón magnético de borrado en seco, pulgadas, armazón blanco, 252U00-04, Sencillo, Blanco, 11 X…, 3
Office-product, AmazonBasics, Cuaderno Clásico, Hojas Cuadriculadas, 79
Office-product, Creative Teaching Press Bold & Bright - Tablón de anuncios (exhibiciones de habitación y decoración para aulas, espacios…, 3
Office-product, Libreta A4, cubierta suave, rayas, Rosado, Large B5, Plain, 19
Office-product, Ofidosel Kit Porta Notas Adhesivas Estuche de Notas de Curpiel. Organizador de Escritorio para Oficina, Escuela o…, 68
Office-product, Expo 1929205 Tinta Borrable PTA Cincel CJ con 18 Colores Intensos y Brillantes, 80
Office-product, Hanqix Marker Pen Set Dibujo rotulador Animación Boceto Marcadores Set de Doble Marcador de Punta para el Artista…, 41
Office-product, Descansa Muñeca Kensington para teclados delgados y angostos de color negro y gel frio, 14
Office-product, Fansteey Agarres para Lápices, Agarre de Lápiz para Niños para Escritura de Dedo índice de Escritura de Mano Soporte de…, 138
Office-product, Redlemon Letrero Luminoso LED tipo Cartelera Vintage de Cine con Doble Paquete de Letras, Números y Símbolos (90 piezas…, 10
Office-product, Minimalism Art, Soft Cover Notebook Journal, A5 Size 5.8 X 8.3 inches, Pink, Dotted Grid Page, 176 Pages, Fine PU…, 180
Office-product, Texas Instruments TI-Nspire CX II CAS calculadora grÃ¡fica a Color, 25
Office-product, Epson. 4 Pack Botella Tinta T544 L1110 L3110 L3150 Negro, Amarillo, Magenta, Cian 260mL Numero de Parte T544420-AL…, 85
Office-product, Yamaha YRS-24B Flauta escolar dulce, 225
Office-product, AmazonBasics Carpetas colgantes para archivos, tamaño carta, 30
Office-product, PILOT FriXion - Palillos de colores borrables, Negro/Azul/Rojo, Paquete de 5, 20
Office-product, AZOR 301.6810 Pin Point, Bolígrafo punto fino 0.7 mm, 10 piezas, Colores surtidos, 119
Office-product, "Minimalism Art, Premium Hard Cover Notebook Journal, X-Large, Master A4 8.3"" x 11.4"", Plain Blank Page, White, 186…", 95
Office-product, Crayola 24 Ct Colored Pencils, Assorted Colors, 64
Office-product, Pilot FriXion Bolígrafos retráctiles de gel borrable, Recargable, Paquete de 3, 29
Office-product, Pizarrón Blanco 120x90cm para marcador., 1
Office-product, Uni-posca - marcador de pintura (punta fina, 8 unidades, PC-3M8C), multicolor, 1
Office-product, HP Everyday Copy and Print Poly Wrap, 20lb, 8.5 x 11, 92 Bright, 750 Sheets/1 Ream (200030R), 7
Office-product, Blue Sky 2020-2021 Planificador semanal y mensual para año académico, cubierta flexible, encuadernación de doble alambre…, 4
Office-product, The Pencil Grips,Agarres para Lápices para de Escritura los Niños,Ergonómico,Universal(8pcs)Pencil Grip for Kids,Writing…, 137
Office-product, DESS Marcadores Punta Pincel 24 Colores, Rotuladores de Dibujo con Dual Brush, Plumones Punta Pincel No Tóxicos…, 43
Office-product, Pilot Frixion Clicker, Bolígrafo Retráctil, Tinta Borrable Negra, Usa Repuesto, Doce Piezas (31450), 97
Office-product, BIC 936902 Marking Marcador Permanente, Blister de 2 Piezas, color Negro, 11
Office-product, Kizmos Bag Clips (Set of 7), Assorted, 17
Office-product, 41 Colores Marker Pen Set Dibujo Rotulador Animación Boceto Marcadores Set con Estuche de Transporte para Dibujar…, 110
Office-product, Pilot Frixion Ball, Repuesto, Tinta Borrable Azul, Mediano, Blíster 3 Piezas (77331), 11
Office-product, ETA hand2mind 20-Bead Plastic Rekenrek Counting Frame, 7
Office-product, NDM 1 Litro de Tinta Marca Compatible con EPSON (Amarillo), 3
Office-product, AmazonBasics - Cortadora portátil de papel, Angosto, Gris, Mediano, 91
Office-product, IFORU Plumones Punta de Pincel 36 Colores, Rotuladores de Dibujo con Doble Punta(0.4mm/1-2mm), Rotuladores Acuarelables…, 247
Office-product, "Canson Montval Acuarela, Bloque, 0, 4""X6"", 1", 23
Office-product, Canson XL Series Bloc para acuarela, 22.86 cm x 30.48 cm, cubierta plegable, 30 hojas (100510941), Paquete de 3, 1, 7
Office-product, Epson Multifuncional Ecotank L4160 Duplex, tanque de tinta a color para Negocio, Wi-Fi Direct, 17
Office-product, "Canson XL Watercolor Pad, 9""X12"" Fold Over", 239
Office-product, Redlemon Apuntador Láser y Presentador Ejecutivo de Diapositivas Inalámbrico Portátil, Conexión USB Plug & Play con…, 36
Office-product, Pentel de México PHN-50 Pentel de México PHN-50 Pasteles de aceite, color Multicolor, pack of/paquete de 50, 3
Office-product, Redlemon Apuntador Láser y Presentador Inalámbrico de Diapositivas, Conexión USB Plug & Play con Botones de Control…, 8
Office-product, Sillón Para Oficina Mundo In Ejecutivo JM-2003, 13
Office-product, Ofidosel Libreta Clásica con Cubierta y Pasta Dura de Cuero Sintético/Piel Vegana con Banda Elástica y Porta Documentos…, 74
Office-product, Madesmart Interlocking 8 Bin Pack, White, 12
Office-product, Vorago KB-102 Teclado multimedia alámbrico USB, negro, 6
Office-product, Liquitex Púrpura Dioxazine 2.4 pounds, 47
Office-product, Aurora AS890C Triturador de papel y tarjetas de crédito, de corte transversal, para 12 hojas, antiatascos y papelera de…, 34
Office-product, BAOSHARE Escáner de código de Barras, Lector de código de Barras láser con Cable USB de Mano 1D con Soporte Flexible de…, 35
Office-product, Mind Reader MESHKING-BLK Metal Mesh Monitor Stand Organizer with Storage Papers, Folders, Or Desk Accessories, Black w…, 8
Office-product, Pizarra Blanca Adhesiva, MTQ Pizarra de PVC Pegatinas con 1 Rotulador Borrable Gratuito, Tablero Blanco Papel Pizarra…, 24
Office-product, Tombow Mono Zero - Borrador, Round, Blanco, 2.3 mm, 34
Office-product, Archivador, Organizador de Carpetas, archivos, cartas y revistas de TECHVIDA, con forma vertical, archivero de malla de…, 7
Office-product, Epson Cartucho de Tinta color Negro para Expression (XP), T195120, 1
Office-product, TECHVIDA Reloj Checador de Huella Digital Biometrico por Memoria de 1000 Huellas Digitales con Pantalla a Color DE 2.4…, 40
Office-product, EXPO Bright Sticks Wet-Erase Fluorescent Marker Set, Bullet Tip, Assorted (SAN14075), 4
Office-product, "Active Jungle, 20
Office-product, Bostitch EPS8HD-BLK pencil sharpener - Sacapuntas (Black), 4
Office-product, Cartera para hombre,Cartera de Fibra de Carbono,Crédito Tarjetero,RFID Bloqueo Fibra de Carbono,Aluminio hasta 15…, 7
Office-product, Agarres para Lápices, MTQ 17 PIEZAS Agarre de Lápiz de Escritura con 1 Caja para Organizar, Ergonómico Soporte de Lápiz…, 58
Office-product, EL TIGRE Toner GENERICO para HP 48A / CF248A Compatible Nuevo, Calidad ISO 9001, 1 Pieza, 5
Office-product, TIGRE Cartucho Toner GENERICO Compatible CF217A 17A con Chip Marca PSA COMPUTO. Compatible HP Laserjet Pro M102A M102W…, 3
Office-product, 14 Pcs Lapices de Dibujo Profesional Kit de Dibujo Lápices de Dibujo Juego Para Dibujar y Dibujar Con Borradores Carbón…, 16
Office-product, Whitmor 6789-3067 3 - Organizador de Cajón, Transparente, 30 x 11.4 x 4.1 cm, 31
Office-product, Canon Cartucho de Tinta PIXMA PG-140 XL NEGRO, 22
Office-product, Pentel WFRS 15 tubos de colores 5ml, 5
Office-product, Crayola 58-5050 Marker, 3
Office-product, Lorell LLR84149 Portalápices de Malla de Alambre, Negro, 3
Office-product, AmazonBasics Estante de escritorio de 3 niveles, colección de malla, tamaño carta, negro, 56
Office-product, Crayola 5219180005 18 Crayones Extra Jumbo, 102
Office-product, Casio Calculadora Científica Fx-991laplus 2da Nueva Edición, 6
Office-product, Casio Calculadora científica fx-300ESPLS2 2ª edición con visualización de Libro de Texto Natural., 29
Office-product, HP Office Ultra White, 20lb, 8 1/2 x 11, 92 Bright, 500 Sheets/1 Ream (112101), 20
Office-product, Pentel Repuesto de bolígrafo estándar, 0.5mm, paquete de 12, 3
Office-product, EL TIGRE Toner GENERICO para Brother TN660 (TN630 de Alto Rendimiento) Genérico Nuevo 2600 Pgs, Compatible Nuevo…, 4
Office-product, Ofidosel Libreta con Cubierta Dura de Cuero Sintético/Piel Vegana con Banda Elastica. 96 Hojas de Raya Con Porta…, 1
Office-product, Memory Foam Set Keyboard Protector para Muñeca, Soporte para Easy Typing y Wrist Pain Relief, Durable Comfortable Ligero…, 11
Office-product, Stanley Bostitch - Sacapuntas eléctrico profesional, 3
Office-product, HP CZ116AL Cartucho de Tinta para Advantage No. 670, amarillo, 7
Office-product, Swingline 1701863ECR Laminador térmico, Inspire Plus, 23 cm de ancho máximo, calentamiento rápido, incluye bolsas de…, 16
Office-product, Xerox XER 3M2010 Paquete de 500 Jojas Papel Bond Blanco Ecologico T/Carta, 8.5x11,, 5
Office-product, Canon Kit Combo De 4 Tintas GI-190 Originales Color: Negro Magenta Cian Amarillo - Compatible con Equipos: G1100 G2100…, 3
Office-product, HP Paper, Oficina Ultra Blanco, 20lb, 8.5 x 11, 92 brillante, 1500 hojas/resma) 3 Caso, CIE Blancura155, fabricado en EE…, 14
Office-product, rabbitgoo Pizarra blanca rabbitgoo de 44,5 x 200 cm, rollo de pizarra de pared blanca, pizarra flexible de papel para la…, 21
Office-product, Crayola 5809120010 Plumones Delgados Lavables, 23
Office-product, Estuche Escolar AVEDISATANTE Estuche para Lápices Porta Lápices Gran Capacidad para Pencil Case Artículo de papelería…, 12
Office-product, Redlemon Libretas de Bambú de Pasta Dura con 80 Hojas Blancas de Papel Kraft Reciclado (3 Piezas), Anillo Metálico Doble…, 9
Office-product, Offidea Juego de portaminas técnico de 2 mm - Portaminas 2mm - 12 x HB y 12 x 4B, minas de 2 mm - Afilador de 2 mm y…, 6
Office-product, Carrito de metal de 3 niveles, carrito de almacenamiento, organizador de carrito de manualidades con asas, cesta de…, 11
Office-product, Moleskine The Simpsons Limited Edition - Cuaderno (tapa dura), Negro, Large, 41
Office-product, Estuche para Lápices Bolsa para Bolígrafos Estuches Porta Lápices Gran Capacidad para Secundaria Oficina Universidad…, 10
Office-product, Sakura 57452 Pluma Gelly Roll Classic 05 (Punto Fino), Gelly Roll (Rollo de gelatina), Classic Fine 3-pc White, 05 (Fine…, 13
Office-product, AmazonBasics - Clasificador inclinado de malla, 5 niveles, 23
Office-product, Expo Low-Odor Dry Erase Markers, Ultra-Fine Tip, 4-Pack, Assorted Colors, 16
Office-product, BOSTITCH Personal Electric Pencil Sharpener, Black (EPS4-BLACK), 3
Office-product, Vania Bachur Agenda Malvada 2021 con Tapa Magnetica Suupergirl Planificador con Malvados Consejos, 28
Office-product, GloblaUP Libreta de Notas con Pasta Dura. Libreta A5 de Piel Sintetica con 90 Hojas de Raya, Cordon Separador y Banda…, 8
Office-product, Amiff Kraft Bubble Mailers 10.5 x 15 Sobres acolchados 10 1/2 x 15 Paquete de 10 sobres de papel kraft para cojín. Pelar…, 3
Office-product, Liquitex Professional Acrylic Ink 1-Ounce Jar, Deep Violet, 5
Office-product, Borrador Eléctrico, MTQ Automático Borrador, Portátil Borrador para Artistas con 22 Piezas Reemplazable de Borrador para…, 14
Office-product, LIHITLAB A7552-24 Estuche para lapiceros, 7.6 cm x 23.8 cm, negro, Negro, 3
Office-product, DYMO Letra Tag 100H Plus Maker with 3 Bonus LT Rolls (1955663), 3
Office-product, Almanaque 2019: lo mejor de Pictoline en un libro ilustrado, 8
Office-product, Carrito de metal con ruedas de 3 niveles, carrito de almacenamiento, organizador de carrito con asas, cesta de malla de…, 4
Office-product, Ofidosel Libreta con Cubierta Dura de Cuero Sintético/Piel Vegana con Banda Elastica. 96 Hojas de Raya Con Porta…, 1
Office-product, Epson Cartucho de Tinta color Negro para Expression (XP), T195120, 1
Office-product, Uni-posca - marcador de pintura (punta fina, 8 unidades, PC-3M8C), multicolor, 1
Office-product, Pizarrón Blanco 120x90cm para marcador., 1
Office-product, BIC Bol. Cristal Precisión 12 piezas+ Precisión y Suavidad Azul 1 pieza., 1
Office-product, Redlemon Cuaderno Inteligente Reutilizable de 20 Hojas Profesional, Borrado con Agua y Calor, Sube Archivos y Anotaciones a la Nube. Ecológico, Incluye 3 Plumas de Tinta Borrable. Tamaño Grande (A4), 1
Office-product, Redlemon Letrero Luminoso LED Cubo 3D con Letras, Números y Emojis (210 Piezas). Conexión USB o Baterías AAA (no incluidas). Cinema Light Box Portátil Grande (14.8 cm x 15.6 cm x 15.6 cm), 1
Office-product, AmazonBasics, Bolígrafo de Punta Retráctil, Variado, 1
Office-product, Mead Cuaderno en espiral, renglones estilo universitario, 1 materia, 70 páginas, 20.32 cm x 26.67 cm, colores variados, 1
Office-product, Winsor & Newton Galeria Pincel, Redondo - Asa Corta, 0, 1, 1
Office-product, Quartet MX05342AST Pizarrón Magnético Borrado en Seco con Marco Plástico, 21 x 58 cm, 2
Office-product, Blue Sky - Planificador semanal y mensual para año académico, cubierta flexible, encuadernación de doble alambre, Versión nueva, 21.59 cm x 27.94 cm, 2
Office-product, Pentel GraphGear 500 - Lápiz de dibujo automático, 1 Lápiz, Plomo y Borrador, Negro, 0.5Mm, 2
Office-product, 3M Post-it Notas Adhesivas Super Sticky, Color Bali, 3x3in, 5 blocks, 90 hojas c/u (Modelo 654), 2
Office-product, DYMO Letra Tag 100H Plus Maker with 3 Bonus LT Rolls (1955663), 3
Office-product, LIHITLAB A7552-24 Estuche para lapiceros, 7.6 cm x 23.8 cm, negro, Negro, 3
Office-product, Amiff Kraft Bubble Mailers 10.5 x 15 Sobres acolchados 10 1/2 x 15 Paquete de 10 sobres de papel kraft para cojín. Pelar…, 3
Office-product, BOSTITCH Personal Electric Pencil Sharpener, Black (EPS4-BLACK), 3
Office-product, Canon Kit Combo De 4 Tintas GI-190 Originales Color: Negro Magenta Cian Amarillo - Compatible con Equipos: G1100 G2100…, 3
Office-product, Stanley Bostitch - Sacapuntas eléctrico profesional, 3
Office-product, Pentel Repuesto de bolígrafo estándar, 0.5mm, paquete de 12, 3
Office-product, Lorell LLR84149 Portalápices de Malla de Alambre, Negro, 3
Office-product, Crayola 58-5050 Marker, 3
Office-product, TIGRE Cartucho Toner GENERICO Compatible CF217A 17A con Chip Marca PSA COMPUTO. Compatible HP Laserjet Pro M102A M102W…, 3
Office-product, Pentel de México PHN-50 Pentel de México PHN-50 Pasteles de aceite, color Multicolor, pack of/paquete de 50, 3
Office-product, NDM 1 Litro de Tinta Marca Compatible con EPSON (Amarillo), 3
Office-product, Creative Teaching Press Bold & Bright - Tablón de anuncios (exhibiciones de habitación y decoración para aulas, espacios…, 3
Office-product, U Brands Contempo - Pizarrón magnético de borrado en seco, pulgadas, armazón blanco, 252U00-04, Sencillo, Blanco, 11 X…, 3
Office-product, TIGRE Cartucho Toner GENERICO Compatible CF217A 17A con Chip Marca PSA COMPUTO. Compatible HP Laserjet Pro M102A M102W M130FN M130FW M130NW M130A, 3
Office-product, Canon CARCNN4730 Tanque de Tinta, Amarillo, 3
Office-product, CoWalkers Cinta métrica Cinta de medición retráctil para el cuerpo de tela Cinta de medición y la cinta de doble cara para coser Cinta de medición de tela a medida,150 cm, 3
Office-product, Volteck DBF-6, Detector de billetes falsos, 3
Office-product, Preescolar 3 Campos Formativos, 3
Office-product, Avery 40700 Etiquetas para ropa de niños, no necesita planchado, aptas para lavadora y secadora, varias formas y tamaños, paquete de 2, 90 etiquetas, 3
Office-product, Avery - Etiquetas para ropa sin planchar, color blanco, Blanco, 1-pack., 3
Office-product, Carrito de metal con ruedas de 3 niveles, carrito de almacenamiento, organizador de carrito con asas, cesta de malla de…, 4
Office-product, EL TIGRE Toner GENERICO para Brother TN660 (TN630 de Alto Rendimiento) Genérico Nuevo 2600 Pgs, Compatible Nuevo…, 4
Office-product, Bostitch EPS8HD-BLK pencil sharpener - Sacapuntas (Black), 4
Office-product, EXPO Bright Sticks Wet-Erase Fluorescent Marker Set, Bullet Tip, Assorted (SAN14075), 4
Office-product, Blue Sky 2020-2021 Planificador semanal y mensual para año académico, cubierta flexible, encuadernación de doble alambre…, 4
Office-product, Set Escolar de Dibujo y Escritura Lapicera, 4
Office-product, Spectrum Diversified Elements - Sujetalibros, Cromado, Large, 1, 4
Office-product, Lorell Borrador de borrado en seco, 2-3/16 por 5-3/16 por 1-5/16 pulgadas, negro, 4
Office-product, Aurora AU1230XA Triturador de Papel y Tarjetas de crédito, de Corte Transversal, para 12 Hojas, antiatascos y Papelera de 5.2 galones, AS890C- 8 Sheet Crosscut, AS890C- 8 Sheet Crosscut, 4
Office-product, Caja de máscara y estuche de máscara, 4
Office-product, Reposamuñecas para teclado + tapete para mouse + reposamuñecas para mouse, espuma de memoria, alivio de dolor, juego de 3 almohadillas para teclado para computadora, laptop, hogar y oficina, 4
Office-product, Salandens Reposamuñecas para Teclado y Ratón Alfombrilla Cojín de Muñeca,Alivia el Cansancio de Muñeca, Suave Base de Goma Antideslizante Cojín de Muñeca,Soporte ergonómico - Espuma de calidad premium - Durable y cómodo y liviano para escribir fácilmente y aliviar el dolor(Cielo estrellado), 4
Office-product, Libreta Skin Madera. Cuaderno pasta dura texturizado 80 hojas rayadas papel óptico. Color madera claro, 4
Office-product, Liquitex Professional Acrylic Ink 1-Ounce Jar, Deep Violet, 5
Office-product, Xerox XER 3M2010 Paquete de 500 Jojas Papel Bond Blanco Ecologico T/Carta, 8.5x11,, 5
Office-product, Pentel WFRS 15 tubos de colores 5ml, 5
Office-product, EL TIGRE Toner GENERICO para HP 48A / CF248A Compatible Nuevo, Calidad ISO 9001, 1 Pieza, 5
Office-product, Preescolar 2 Campos Formativos, 5
Office-product, 41 Colores Marker Pen Set Dibujo Rotulador Animación Boceto Marcadores Set con Estuche de Transporte para Dibujar Colorear Resaltar y Subrayar (41 Colors), 5
Office-product, AmazonBasics, Cuaderno Clásico, Hojas en Blanco, 5
Office-product, Con-Tact Recubrimiento adhesivo multipropósito para crear una superficie de pizarra, 45.72 cm por 1.8 m, 5
Office-product, AmazonBasics Wide Ruled Composition Notebook, 100-Sheet, Marble Black, 4-Pack, 5
Office-product, HOMZ Almacenamiento de plástico, 112 Cuartos - 2 Pack, Multi, (L x W x H) 28.75 x 16.00 x 18.25 Inches, 1, 2, 5
Office-product, Libreta Skin Metallics. Cuaderno 80 hojas rayadas de papel óptico silky. Color azul obscuro, 5
Office-product, Offidea Juego de portaminas técnico de 2 mm - Portaminas 2mm - 12 x HB y 12 x 4B, minas de 2 mm - Afilador de 2 mm y…, 6
Office-product, Casio Calculadora Científica Fx-991laplus 2da Nueva Edición, 6
Office-product, Vorago KB-102 Teclado multimedia alámbrico USB, negro, 6
Office-product, Epson. 4 Pack Botella Tinta T544 L1110 L3110 L3150 Negro, Amarillo, Magenta, Cian 260mL Numero de Parte T544420-AL T544220-AL T544320-AL T504220-AL Compatible con Equipos L3110, L3150 Linea Ecotank, 6
Office-product, BIC Kids Evolution ECOlutions, Blíster de 12 lápices de colores, 6
Office-product, Texas Instruments TI-Nspire CX II Calculadora gráfica a Color con Software para Estudiantes (PC/Mac), 6
Office-product, U Brands - Vaso para lápices, alambre de metal, Bandeja para cartas, Copper/Rose Gold, 6
Office-product, Zipit Colorz estuche para anteojos, Azul, Caja de almacenaje para lápices, Azul triángulos, 6
Office-product, HP CZ116AL Cartucho de Tinta para Advantage No. 670, amarillo, 7
Office-product, Cartera para hombre,Cartera de Fibra de Carbono,Crédito Tarjetero,RFID Bloqueo Fibra de Carbono,Aluminio hasta 15…, 7
Office-product, Archivador, Organizador de Carpetas, archivos, cartas y revistas de TECHVIDA, con forma vertical, archivero de malla de…, 7
Office-product, Canson XL Series Bloc para acuarela, 22.86 cm x 30.48 cm, cubierta plegable, 30 hojas (100510941), Paquete de 3, 1, 7
Office-product, ETA hand2mind 20-Bead Plastic Rekenrek Counting Frame, 7
Office-product, HP Everyday Copy and Print Poly Wrap, 20lb, 8.5 x 11, 92 Bright, 750 Sheets/1 Ream (200030R), 7
Office-product, Redlemon Letrero Luminoso LED tipo Cartelera Vintage de Cine con Doble Paquete de Letras, Números y Símbolos (90 piezas), Tamaño A6, Portátil, Cinema Light Box, Tamaño Chico, 7
Office-product, Carrito de metal con ruedas de 3 niveles, carrito de almacenamiento, organizador con asas, cesta de malla de almacenamiento y ruedas de freno. Fácil de montar, para cocina, oficina, baño, recámara, cuarto de lavandería, 7
Office-product, Rocketbook Everlast Fusion Cuaderno para Notas Tamaño carta, 7
Office-product, GloblaUP Libreta de Notas con Pasta Dura. Libreta A5 de Piel Sintetica con 90 Hojas de Raya, Cordon Separador y Banda Elastica. Cuaderno Clasico con 180 paginas ideal para Escuela, Hogar u Oficina. (Amarilla), 7
Office-product, BIC Colores Evolution 26 piezas., 7
Office-product, PuTwo 601420327137 Marcador, Marker Pen, 1, 1, 7
Office-product, Expo Low-Odor Dry Erase Markers, Ultra-Fine Tip, 2-Pack, Black, 7
Office-product, Almanaque 2019: lo mejor de Pictoline en un libro ilustrado, 8
Office-product, GloblaUP Libreta de Notas con Pasta Dura. Libreta A5 de Piel Sintetica con 90 Hojas de Raya, Cordon Separador y Banda…, 8
Office-product, Mind Reader MESHKING-BLK Metal Mesh Monitor Stand Organizer with Storage Papers, Folders, Or Desk Accessories, Black w…, 8
Office-product, Redlemon Apuntador Láser y Presentador Inalámbrico de Diapositivas, Conexión USB Plug & Play con Botones de Control…, 8
Office-product, Brybelly Triángulo Shaped Manos Libres Playing Titular de la Tarjeta, 8
Office-product, ZEBRA Sarasa Clip bolígrafo de tinta de gel 0,5 mm, agarre de goma, colores clásico, juego de 5 colores (JJ15-5C-VI), 8
Office-product, Redlemon Libretas de Bambú de Pasta Dura con 80 Hojas Blancas de Papel Kraft Reciclado (3 Piezas), Anillo Metálico Doble…, 9
Office-product, ACCO P4598 Set de Clips y Accesorios de Colores, color Fresa, 9
Office-product, Casio FX-82LAPLUS-BKSCMH Calculadora, 9
Office-product, Kipling - Estuche para 100 bolígrafos, 9
Office-product, Spiral Bound Notebook, Mead Perforated, College Rule, 8 x 10 1/2, White, 70 Sheets (Pack of 2, Randon Colors), 9
Office-product, BIC vidrio Xtra Bold - Bolígrafo, Variados, 24 unidades, 9
Office-product, Pilot Frixion Ball, Bolígrafo, Tinta Borrable Negra, Usa Repuesto, Doce Piezas (31550), 9
Office-product, Estuche para Lápices Bolsa para Bolígrafos Estuches Porta Lápices Gran Capacidad para Secundaria Oficina Universidad…, 10
Office-product, Redlemon Letrero Luminoso LED tipo Cartelera Vintage de Cine con Doble Paquete de Letras, Números y Símbolos (90 piezas…, 10
Office-product, Redlemon Cuaderno Inteligente Reutilizable de 20 Hojas Profesional, Borrado con Agua y Calor, Sube Archivos y…, 10
Office-product, Amazon Basics Plastic Organizer - Accessory Tray, White, 10
Office-product, Crayola 5219180002 18 Crayones Extra Jumbo, 10
Office-product, Pilot Precise V5 Bolígrafos de punta extra fina, Azul, Paquete-de-5, 10
Office-product, Zebra Pen Mildliner - Pincel de punta fina y pincel, Colores Variados, 15 Pack, 10
Office-product, Carrito de metal de 3 niveles, carrito de almacenamiento, organizador de carrito de manualidades con asas, cesta de…, 11
Office-product, Memory Foam Set Keyboard Protector para Muñeca, Soporte para Easy Typing y Wrist Pain Relief, Durable Comfortable Ligero…, 11
Office-product, Pilot Frixion Ball, Repuesto, Tinta Borrable Azul, Mediano, Blíster 3 Piezas (77331), 11
Office-product, BIC 936902 Marking Marcador Permanente, Blister de 2 Piezas, color Negro, 11
Office-product, Organizador de computadora acrílico para suministros de oficina y accesorios de computadora, soporte para bolígrafos…, 11
Office-product, Namiki Iroshizuku - Pluma estilográfica embotellada, tinta Chiku-rin, Amarillo Verde, 8.6 cm, 11
Office-product, Paper Mate InkJoy Bolígrafos de bola, punta fina, Multicolor, Paquete de 10, 11
Office-product, Hojas sueltas Five Star, perforadas con 3 agujeros, papel de relleno reforzado, rayado ancho, Wide Ruled, 1 paquete, 11
Office-product, Estuche Escolar AVEDISATANTE Estuche para Lápices Porta Lápices Gran Capacidad para Pencil Case Artículo de papelería…, 12
Office-product, Madesmart Interlocking 8 Bin Pack, White, 12
Office-product, Estuche Escolar AVEDISATANTE Estuche para Lápices Porta Lápices Gran Capacidad para Pencil Case Artículo de papelería para Estudiantes (Rosa), 12
Office-product, BAOSHARE Escáner de código de Barras, Lector de código de Barras láser con Cable USB de Mano 1D con Soporte Flexible de Soporte para Inventario de Supermercado de almacén, 12
Office-product, Five Stars híbrido Flex NoteBinder Encuadernador de apuntes, 2.5 cm, Variados, 1 paquete, 12
Office-product, Sakura 57452 Pluma Gelly Roll Classic 05 (Punto Fino), Gelly Roll (Rollo de gelatina), Classic Fine 3-pc White, 05 (Fine…, 13
Office-product, Sillón Para Oficina Mundo In Ejecutivo JM-2003, 13
Office-product, AmazonBasics Rotuladores de punta de fieltro, Paquete de 24, 13
Office-product, Borrador Eléctrico, MTQ Automático Borrador, Portátil Borrador para Artistas con 22 Piezas Reemplazable de Borrador para…, 14
Office-product, HP Paper, Oficina Ultra Blanco, 20lb, 8.5 x 11, 92 brillante, 1500 hojas/resma) 3 Caso, CIE Blancura155, fabricado en EE…, 14
Office-product, Descansa Muñeca Kensington para teclados delgados y angostos de color negro y gel frio, 14
Office-product, Mead Square - Notebook, 100 hojas,Wide Ruled, Black, 1 Pack, 14
Office-product, rabbitgoo Pizarra Blanca Adhesiva Rollo de Pizarron de Pared Blanca Tablero Blanco Papel Pizarra Flexible Pegatina para Hogar Oficina Escuela con 1 Rotulador Borrable Gratuito 44.5 * 400cm, 14
Office-product, LIQUITEX de Tinta acrílica Profesional! 28,35 G Tarro, Titanio Blanco, 15
Office-product, Rotuladores de punta de fieltro, Paquete de 12, 15
Office-product, Uni-Ball AIR Micro – Rollerball fino de 0,5 mm – Pack de 6 – negro – UBA-188-M, Negro, 6 unidades, 15
Office-product, Post-it Super Sticky Notes, 2x Sticking Power, Negro, 5 Pads/Pack (654-5SSSC), 15
Office-product, Expo Low-Odor Dry Erase Markers, Ultra-Fine Tip, 4-Pack, Assorted Colors, 16
Office-product, Swingline 1701863ECR Laminador térmico, Inspire Plus, 23 cm de ancho máximo, calentamiento rápido, incluye bolsas de…, 16
Office-product, 14 Pcs Lapices de Dibujo Profesional Kit de Dibujo Lápices de Dibujo Juego Para Dibujar y Dibujar Con Borradores Carbón…, 16
Office-product, Stabilo Boss Marcador original, juego de 15 colores (edición limitada), Versión original., 15er Tischset, 16
Office-product, Epson Multifuncional Ecotank L4160 Duplex, tanque de tinta a color para Negocio, Wi-Fi Direct, 17
Office-product, Kizmos Bag Clips (Set of 7), Assorted, 17
Office-product, Sharpie 1812776 Marcador Permanente Punto Fino, 8 Colores Surtidos, 17
Office-product, Parker QUINK Ink Bottle, Black, 57 ml, 17
Office-product, Preescolar 1 Campos Formativos, 18
Office-product, Libreta A4, cubierta suave, rayas, Rosado, Large B5, Plain, 19
Office-product, Lápiz BIC Xtra Sparkle, 10 unidades, Negro, 0.7 mm, 19
Office-product, Pendaflex P200E Organizador Expandible Portafile Tamaño Oficio 19 Bolsas, Cejas Pre-Impresas, Colores Surtidos, 19
Office-product, HP Office Ultra White, 20lb, 8 1/2 x 11, 92 Bright, 500 Sheets/1 Ream (112101), 20
Office-product, "Active Jungle, 20
Office-product, PILOT FriXion - Palillos de colores borrables, Negro/Azul/Rojo, Paquete de 5, 20
Office-product, Epson Cartucho De Tinta Color Amarillo Para Xp-2101, T206420, 20
Office-product, BIC Bol Cristal Precisión y Suavidad, 10 Piezas, 20
Office-product, rabbitgoo Pizarra blanca rabbitgoo de 44,5 x 200 cm, rollo de pizarra de pared blanca, pizarra flexible de papel para la…, 21
Office-product, Cheelom Plumas de colores Fineliner Juego de Planificador Bolígrafos de 24 colores punta de fieltro de color súper fino de 0,4 mm marca de punto de onda, 21
Office-product, Blue Sky, Versión nueva, 21.59 cm x 27.94 cm, 21
Office-product, EPSON- 4 Tintas para L120 L220 L310 L395 L575 L565 Kit Especial DECME, 21
Office-product, Canon Cartucho de Tinta PIXMA PG-140 XL NEGRO, 22
Office-product, HP_COMBO Combo 662XL (CZ105AL + CZ106AL), 22
Office-product, Sharpie 1805612 Marcador Permanente Punto Fino, 24 Colores Surtidos, 22
Office-product, AmazonBasics - Clasificador inclinado de malla, 5 niveles, 23
Office-product, Crayola 5809120010 Plumones Delgados Lavables, 23
Office-product, "Canson Montval Acuarela, Bloque, 0, 4""X6"", 1", 23
Office-product, Classic Notebook Pkt Squared Black, 23
Office-product, Pizarra Blanca Adhesiva, MTQ Pizarra de PVC Pegatinas con 1 Rotulador Borrable Gratuito, Tablero Blanco Papel Pizarra…, 24
Office-product, Texas Instruments TI-Nspire CX II CAS calculadora grÃ¡fica a Color, 25
Office-product, 14 Pcs Lapices de Dibujo Profesional Kit de Dibujo Lápices de Dibujo Juego Para Dibujar y Dibujar Con Borradores Carbón Palo Sacapuntas Art Para Artistas Adultos Recargas de Color y Negro Para Proyectos de Dibujo Escritura Artesanía Dibujo de Arte Carpintero., 25
Office-product, 81 Colores Marker Pen Set Dibujo Rotulador Animación Boceto Marcadores Set con Estuche de Transporte para Dibujar Colorear Resaltar y Subrayar (81 Colors), 26
Office-product, Five Star 1-1/2 Inch Zipper Binder, 3 Ring Binder, 3-Pocket Expanding File, Durable, Blue (72202), 26
Office-product, Vania Bachur Agenda Malvada 2021 con Tapa Magnetica Suupergirl Planificador con Malvados Consejos, 28
Office-product, Canson XL Series Dibujo, 13.97 cm x 21.59 cm Alambre Lateral, 13.97 cm x 21.59 cm, 1, 28
Office-product, Casio Calculadora científica fx-300ESPLS2 2ª edición con visualización de Libro de Texto Natural., 29
Office-product, Pilot FriXion Bolígrafos retráctiles de gel borrable, Recargable, Paquete de 3, 29
Office-product, Pilot FriXion Point Erasable Gel Pens, Extra Fine Point, 3-Pack, Black Ink (31578), 29
Office-product, AmazonBasics Carpetas colgantes para archivos, tamaño carta, 30
Office-product, Resaltadores - Marcatextos Sabonis originales (PASTEL) 6 Piezas/PSA COMPUTO Y PAPELERIA, 30
Office-product, Whitmor 6789-3067 3 - Organizador de Cajón, Transparente, 30 x 11.4 x 4.1 cm, 31
Office-product, VicTsing Mouse Pad con Reposa Muñecas, Alfombrilla de Ratón Memory Foam Set Teclado Wrist Rest Pad para Wrist Pain Relief, Durable Comfortable Antideslizante Wrist Cushion para Oficina Juegos Laptop, 33
Office-product, Brighter Child 076963818X Three Little Pigs, 33
Office-product, Tombow Mono Zero - Borrador, Round, Blanco, 2.3 mm, 34
Office-product, Aurora AS890C Triturador de papel y tarjetas de crédito, de corte transversal, para 12 hojas, antiatascos y papelera de…, 34
Office-product, BAOSHARE Escáner de código de Barras, Lector de código de Barras láser con Cable USB de Mano 1D con Soporte Flexible de…, 35
Office-product, Redlemon Apuntador Láser y Presentador Ejecutivo de Diapositivas Inalámbrico Portátil, Conexión USB Plug & Play con…, 36
Office-product, Paper Mate Candy Pop Colores doble punta, 15 lápices de 2 colores (30 colores), 36
Office-product, Quartet P4694 Planeador Magnético con Marco de Colores, 28 x 35.5 cm, el color puede variar, 36
Office-product, Casio Inc. FX-300ES Plus - Calculadora científica, fx-300ES PLUS, Azul, 36
Office-product, Five Star - Papel de hojas sueltas, 3 agujeros, papel de relleno reforzado, rayas gráficas, 28 x 21 cm, 100 hojas/paquete, Paquete de 1, 36
Office-product, Pilot FriXion - Recambio para bolígrafo de tinta de gel, 3 unidades, Casual, Colores Variados, Empaque de 6 unidades, 37
Office-product, Casio fx-300ES Plus Scientific Calculator, Black, 37
Office-product, Epson Cartucho de Tinta color Amarillo para Expression (XP), T296420, 37
Office-product, Pilot IC100, Repuesto, Tinta Líquida Negra, Cartucho, Caja 1 Caja c/u 12 Cartuchos (69100), 37
Office-product, Pilot - Precise V5 - Bolígrafos de punta rodante, 5 Piezas, Rojo (26012), 38
Office-product, TECHVIDA Reloj Checador de Huella Digital Biometrico por Memoria de 1000 Huellas Digitales con Pantalla a Color DE 2.4…, 40
Office-product, Pizarrón Blanco 60x40cm para marcador., 40
Office-product, Moleskine The Simpsons Limited Edition - Cuaderno (tapa dura), Negro, Large, 41
Office-product, Hanqix Marker Pen Set Dibujo rotulador Animación Boceto Marcadores Set de Doble Marcador de Punta para el Artista…, 41
Office-product, Pilot Metropolitan Collection Pluma estilográfica, diseño clásico, tinta negra, Bolígrafo de gel, Negro, Pen, 41
Office-product, Sharpie 1812781 Twin Tip Marcador Permanente 2 en 1, Estuche de 12 Colores Surtidos, 42
Office-product, DESS Marcadores Punta Pincel 24 Colores, Rotuladores de Dibujo con Dual Brush, Plumones Punta Pincel No Tóxicos…, 43
Office-product, "Blue Sky, Versión nueva, 5"" x 8""", 44
Office-product, INK Depot Juego de 4 Tintas Marca Compatible con EPSON para Recarga de impresoras, multifuncionales, Tanques de Tinta EcoTank, Sistemas de Tinta Continua, Cartuchos Originales y compatibles, 44
Office-product, Tombow Marcador para caligrafía Principiante, 44
Office-product, "Five Star Flex Hybrid NoteBinder- Cuaderno y carpeta todo en uno, Negro, 11 1/2"" x 10 3/4""", 46
Office-product, Liquitex Púrpura Dioxazine 2.4 pounds, 47
Office-product, Creative Teaching Press Bold & Bright - Tablón de anuncios (exhibiciones de habitación y decoración para aulas, espacios de aprendizaje y más), 47
Office-product, Pilot FriXion - Recambio para bolígrafo de tinta de gel, 3 unidades, Azul, Ink Refills (2-Pack), 48
Office-product, Blue Sky 2020-2021 Planificador semanal y mensual, cubierta flexible, encuadernación de doble alambre, 5 x 8 pulgadas, Enterprise, 50
Office-product, Pilot Frixion Ball, Bolígrafo, Tinta Borrable Colores Surtidos, Usa Repuesto, Blíster 3 Piezas (31557), 50
Office-product, Zebra Marcador Sarasa Porous, punto fino 0,8 mm, estuche 10 piezas, colores Ngo, Azl, Rjo, Vde, Ama, Rsa, Mdo, Nja, Gris…, 54
Office-product, AmazonBasics Estante de escritorio de 3 niveles, colección de malla, tamaño carta, negro, 56
Office-product, Agarres para Lápices, MTQ 17 PIEZAS Agarre de Lápiz de Escritura con 1 Caja para Organizar, Ergonómico Soporte de Lápiz…, 58
Office-product, AmazonBasics - Organizador de escritorio, de malla, negro, 58
Office-product, Nature's Heart Ciruela, Ciruela, 210 gramos, 59
Office-product, Pilot G2 Bolígrafos retráctiles, con tinta de gel y punta ultrafina, Recargable, Negro, Paquete de 4, 62
Office-product, TEKER Plumones Punta de Pincel 48 Colores, Rotuladores de Dibujo con Dual Brush(0.4mm/1-2mm), Rotuladores Acuarelables Regalo para Artistas, Niños, Dibujar, Cómic, Caligrafía, Lettering, etc., 63
Office-product, Crayola 24 Ct Colored Pencils, Assorted Colors, 64
Office-product, Expo Low-Odor Dry Erase Markers, Ultra-Fine Tip, 8-Pack, Assorted Colors, 65
Office-product, Ofidosel Kit Porta Notas Adhesivas Estuche de Notas de Curpiel. Organizador de Escritorio para Oficina, Escuela o…, 68
Office-product, JSBelle Bolsa de transporte de lápiz, Estuche de lápices para oficina de secundaria (Azul claro), 70
Office-product, Querida Agenda 2020, 72
Office-product, Sanford Design Art Erasers 3/Pkg-, 73
Office-product, Ofidosel Libreta Clásica con Cubierta y Pasta Dura de Cuero Sintético/Piel Vegana con Banda Elástica y Porta Documentos…, 74
Office-product, Five Star cuaderno de espiral, 5 materias, con renglones, 200 hojas de papel, 27.9 cm x 21.59 cm, Rojo, 1 paquete, 74
Office-product, Ofidosel Kit Porta Notas Adhesivas Estuche de Notas de Curpiel. Organizador de Escritorio para Oficina, Escuela o Trabajo. Incluye Notas Adheribles de Varios Colores y Separadores. Organizer., 74
Office-product, Prismacolor, Sacapuntas, Negro, 1 caja, 76
Office-product, AmazonBasics, Cuaderno Clásico, Hojas Cuadriculadas, 79
Office-product, Expo 1929205 Tinta Borrable PTA Cincel CJ con 18 Colores Intensos y Brillantes, 80
Office-product, Marcadores Pluma de Acuarela, Vagalbox Set 48 Colores de Rotuladores Acuarelables Profesionales Vagalbox, Acuarelas para: Dibujar, Cómic, Caligrafía y Diseño de Letras, Pluma de Agua para Niños y Adultos, 80
Office-product, Epson. 4 Pack Botella Tinta T544 L1110 L3110 L3150 Negro, Amarillo, Magenta, Cian 260mL Numero de Parte T544420-AL…, 85
Office-product, "Xiaomi Redmi 9 64GB, 4GB RAM, 6.6"" Full HD + AI Quad Camera Smartphone LTE Desbloqueado de fábrica - Versión Internacional (Gris Carbono)", 85
Office-product, Zebra Marcador Sarasa Porous, punto fino 0,8 mm, estuche 10 piezas, colores Ngo, Azl, Rjo, Vde, Ama, Rsa, Mdo, Nja, Gris y Café, 85
Office-product, Lapices de Colores Prismacolor Caja con 24, 89
Office-product, Just Home Bascula Digital 40 Kg Comercial Negocio Recargable Multifuncion Calcula Peso Precio Doble Pantalla LCD, 89
Office-product, AmazonBasics - Cortadora portátil de papel, Angosto, Gris, Mediano, 91
Office-product, Prismacolor 3598T Premier Colored Pencils, Soft Core, 48 Pack, 92
Office-product, "Minimalism Art, Premium Hard Cover Notebook Journal, X-Large, Master A4 8.3"" x 11.4"", Plain Blank Page, White, 186…", 95
Office-product, Escritorio PLAYCON Organizador 105X100X48 cm Color Tzalam, aprovecha su organizador superior, 96
Office-product, Pilot Frixion Clicker, Bolígrafo Retráctil, Tinta Borrable Negra, Usa Repuesto, Doce Piezas (31450), 97
Office-product, Lapicera rígida, 72 compartimentos, práctica bolsa con zíper de capas múltiples, grande, para lápices de color Prismacolor, bolígrafo de gel, bolígrafo de color, bolígrafos de acuarela, brocha cosmética y más, Azul, 97
Office-product, VTech Telefono Alambrico, Montaje de Pared Flash Teléfonos de Línea Fija, (TELCLIO10B), 98
Office-product, BIC Marking para Pizarrón Blanco, color Azul, 101
Office-product, Crayola 5219180005 18 Crayones Extra Jumbo, 102
Office-product, 20 pósteres educativos 24x17 pulgadas, Multi color, Large (16.5x12), 102
Office-product, Pilot FriXion Light Pastel Collection - Rotuladores borrables con punta de cincel, Multicolor, Tub 0f 36, 103
Office-product, Ofidosel Libreta Clásica con Cubierta y Pasta Dura de Cuero Sintético/Piel Vegana con Banda Elástica y Porta Documentos. Excelente para Universidad, Oficina y Hogar. 14.2 X 21.2 X 1.6 cms (Azul), 103
Office-product, Quartet 75223B Pizarrón de borrado seco, medio, 60 cm x 90 cm, 105
Office-product, Pentel CB8-36- Lapices de colores 36 piezas, 105
Office-product, U Brands Contempo - Pizarrón magnético de borrado en seco, pulgadas, armazón blanco, 252U00-04, Sencillo, Blanco, 11 X 14, 106
Office-product, 41 Colores Marker Pen Set Dibujo Rotulador Animación Boceto Marcadores Set con Estuche de Transporte para Dibujar…, 110
Office-product, Escritorio Organizador con Cajón PLAYCON 89.4X120.4X60.4 cm Color Tzalam, aprovecha su organizador superior y su cajón con correderas de apertura total, 113
Office-product, HP DeskJet Ink Advantage 2135 All-in-One Printer, 113
Office-product, Pilot FriXion - Recambio para bolígrafo de tinta de gel, 3 unidades, Azul, Caja con docena, 114
Office-product, Mica térmica MAX Seal Carta 3 mil 100 pz 22.9 x 29.2 cm, 118
Office-product, AZOR 301.6810 Pin Point, Bolígrafo punto fino 0.7 mm, 10 piezas, Colores surtidos, 119
Office-product, HP Impresora multifuncional, Ink Tank 315 (Z4B04A), 121
Office-product, Crayola Pearlescent Cream Sticks & Case, Oil Pastel Alternative, Gift Set, 10Count, 125
Office-product, AmazonBasics Láminas térmicas para plastificar (22,6 x 28,9 cm, 100 unidades), 126
Office-product, AmazonBasics, Cuaderno Clásico, Hojas Cuadriculadas, 127
Office-product, Mead Square -  Notebook, 100 hojas,Wide Ruled, Black, 1 Pack, 127
Office-product, Redlemon Cuaderno Inteligente Reutilizable de 50 Hojas, Borrable con Agua y con Calor, Sube Archivos y Anotaciones a la…, 128
Office-product, Tombow 62038 Fudenosuke Bolígrafo de pincel, paquete de 2 Punta suave y dura, Negro, Paquete-de-2, 128
Office-product, IFORU Plumones Punta de Pincel 36 Colores, Rotuladores de Dibujo con Doble Punta(0.4mm/1-2mm), Rotuladores Acuarelables No Toxica Regalo para Colorear Libro, Caligrafia, Lettering, Comic, etc., 129
Office-product, rabbitgoo Pizarra Blanca Adhesiva Rollo de Pizarron de Pared Blanca Tablero Blanco Papel Pizarra Flexible Pegatina para…, 130
Office-product, The Pencil Grips,Agarres para Lápices para de Escritura los Niños,Ergonómico,Universal(8pcs)Pencil Grip for Kids,Writing…, 137
Office-product, Fansteey Agarres para Lápices, Agarre de Lápiz para Niños para Escritura de Dedo índice de Escritura de Mano Soporte de…, 138
Office-product, "Redi-Tag 29500 Notas adhesivas divisoras, 60 notas rayadas, 10.2 cm por 15.2 cm (4"" x 6""), colores neón variados", 140
Office-product, Cheelom Plumas de colores Fineliner Juego de Planificador Bolígrafos de 24 colores punta de fieltro de color súper fino…, 142
Office-product, Redlemon Cuaderno Inteligente Reutilizable de 50 Hojas, Borrable con Agua y con Calor, Sube Archivos y Anotaciones a la Nube. Ecológico, Incluye 3 Plumas de Tinta Borrable. Tamaño Mediano (A5), 145
Office-product, Epson Multifuncional Ecotank L3110, tanque de tinta a color para Hogar, USB, 151
Office-product, Quartet P4691 Pizarrón Magnético Borrado, 21.6 x 28 cm, 153
Office-product, rabbitgoo Pizarra Blanca Adhesiva Rollo de Pizarron de Pared Blanca Tablero Blanco Papel Pizarra Flexible Pegatina para Hogar Oficina Escuela con 1 Rotulador Borrable Gratuito 44.5 * 200cm, 155
Office-product, Papel Adhesivo. Etiquetas Tamaño Carta blanco, 50 Hojas, para Impresoras Laser, Inkjet, Fotocopiadoras o Trabajos Artesanales. Contiene Material Reciclado, 159
Office-product, Five Star cuaderno de espiral, 5 materias, con renglones, 200 hojas de papel, 27.9 cm x 21.59 cm, Rojo, 1 paquete, 163
Office-product, Reposamuñecas para Teclado y Ratón Alfombrilla Cojín de Muñeca, Wrist Rest Pad, Alivia el Cansancio de Muñeca, Suave Base de Goma Antideslizante Cojín de Muñeca, Negro, 164
Office-product, Resaltadores - Marcatextos Sabonis originales (Kit mini de 2 set de 6 piezas cada uno) Colores Flúo y Pastel/PSA COMPUTO Y PAPELERIA, 165
Office-product, Learning Resources Spike The Fine Motor Hedgehog - Juegos de Motricidad Fina, 165
Office-product, Canson Artist Series - Almohadilla para acuarelas, 2 unidades, con alambre lateral, 167
Office-product, AmazonBasics Carpeta de archivo desplegable tamaño carta, negro, 167
Office-product, Pentel CB8-24U Artes Lápices de Varios Color, Paquete con 24, 168
Office-product, "Canson Artist Series Watercolor Pad, 5.5""X8.5"" Side Wire", 168
Office-product, Pilot Frixion Clicker, Bolígrafo Retráctil, Tinta Borrable Azul, Usa Repuesto, Doce Piezas (31451), 169
Office-product, Minimalism Art, Soft Cover Notebook Journal, A5 Size 5.8 X 8.3 inches, Pink, Dotted Grid Page, 176 Pages, Fine PU…, 180
Office-product, HP Cartucho Original de Tinta Negra 60 (CC640WL), 195
Office-product, INK Depot Juego de 4 Tintas Marca Compatible con EPSON para Recarga de impresoras, multifuncionales, Tanques de Tinta…, 201
Office-product, AmazonBasics Láminas térmicas para plastificar (22,6 x 28,9 cm, 100 unidades), 206
Office-product, "Dymo Etiquetas para grabado en relieve con 3 cintas Dymo , 208
Office-product, Marcadores Pluma de Acuarela, Vagalbox Set 48 Colores de Rotuladores Acuarelables Profesionales Vagalbox, Acuarelas para…, 213
Office-product, Yamaha YRS-24B Flauta escolar dulce, 225
Office-product, Papel Adhesivo. Etiquetas Tamaño Carta blanco, 50 Hojas, para Impresoras Laser, Inkjet, Fotocopiadoras o Trabajos…, 227
Office-product, Amazon Basics Máquina de enmicado térmico, 231
Office-product, "Canson XL Watercolor Pad, 9""X12"" Fold Over", 239
Office-product, Paquete de hojas de colores 100 Piezas 10 Colores Diferentes Tamaño Carta, 243
Office-product, Barrilito 7020 Forro Adherible Rollo, 45 cm x 20 m, pack of/paquete de 1, 244
Office-product, HP CZ105AL Advantage Cartucho de tinta original de alto rendimiento, Negro, 662XL, 245
Office-product, Toner GENERICO PARA Brother Tn1060, Compatible Nuevo, CALIDAD ISO 9001, 1 PIEZA (EL empaque puede variar), 246
Office-product, IFORU Plumones Punta de Pincel 36 Colores, Rotuladores de Dibujo con Doble Punta(0.4mm/1-2mm), Rotuladores Acuarelables…, 247
Office-product, VicTsing Mouse Pad con Reposa Muñecas, Alfombrilla de Ratón Memory Foam Set Teclado Wrist Rest Pad para Wrist Pain…, 262
Office-product, HP Cartucho Original de Tinta Amarilla 951 (CN052AL), 271
Office-product, "Rocketbook Wave - Cuaderno Inteligente, Negro, Executive (6""x8.8"")", 275
Office-product, Resaltadores - Marcatextos Sabonis originales (Kit mini de 2 set de 6 piezas cada uno) Colores Flúo y Pastel/PSA COMPUTO…, 276
Office-product, Papel Bond Reciclado Ecologico 500 hojas tamaño carta 1 paquete de 500, Excelente Blancura Papeleria Ecologica, 276
Office-product, Silimex AEROJET360 Aire Comprimido con Válvula de 360°, 295
Office-product, "minimalismo Art , 295
Office-product, Sillón Ejecutivo para Oficina - Modelo Economalla, 299
Office-product, Stabilo Boss Original - Subrayador Pastel colores surtidos, Set de 6, 301
Office-product, Sakura 37379 - Juego de bolígrafos de tinta de gel (5 unidades, punta fina, varios colores), Bolígrafo de Gel Metálico, paquete de 10, Multicolor, 0.4 mm, 307
Office-product, Tombow Dual Brush Pen Art Markers, Bright, 10-Pack, 308
Office-product, , 320
Office-product, CRAYOLA cray24ct Sidewalk Chalk, 322
Office-product, AmazonBasics, Planificador y Diario, Cubierta Dura, 5 x 8.25 pulgadas, 323
Office-product, Super Combo HP 664 (2PZAS F6V28AL+2 PZAS F6V29AL) COMPULIDER, 333
Office-product, Scotch Laminadora Térmica de 2 Rodillos (TL901), 336
Office-product, Epson Botella De Tinta Ecofit Color Amarillo, T504420, 341
Office-product, Canson XL Series Bloc para acuarela, 22.86 cm x 30.48 cm, cubierta plegable, 30 hojas (100510941), Paquete de 2, 2, 345
Office-product, HP Numero 664XL Cartucho de Tinta, Tricolor, 347
Office-product, MICRON XSDK-6A Set Pigma C/6-Negros, 358
Office-product, TEKER Plumones Punta de Pincel 48 Colores, Rotuladores de Dibujo con Dual Brush(0.4mm/1-2mm), Rotuladores Acuarelables…, 366
Office-product, Epson Kit de 4 Tinta T504 para L4150 L4160 L6161 L6171 Kit Especial DECME, 368
Office-product, Sakura 37379 - Juego de bolígrafos de tinta de gel (5 unidades, punta fina, varios colores), Bolígrafo de Gel Metálico…, 402
Office-product, HP Cartucho Original de Tinta Negra 662 Advantage (CZ103AL), 404
Office-product, Stabilo Boss Original - Subrayador Pastel colores surtidos, Set de 6, 411
Office-product, Pilot Frixion Clicker, Bolígrafo Retráctil, Tinta Borrable Negra, Usa Repuesto, Blíster 2 Piezas (31460), 423
Office-product, Aires Comprimido Tekclean 480 ml 3 Unidades, 425
Office-product, Plumones Marcadores Crayola Super tips 100 colores, 436
Office-product, Learning Resources Centro de Almacenamiento Create-a-Space Colores Brillantes, 442
Office-product, Quartet MX05330GE - Tablero de Corcho, Marco de Plástico, 43 X 58 cm, 443
Office-product, PILOT FriXion - Palillos de colores borrables, Negro, Paquete de 5, 445
Office-product, Epson CAREPS5850 Cartucho Dye, Amarillo, 458
Office-product, Crayola 542102M002 Pinturas Témpera Lavable, 25 ml, 10 Piezas, 472
Office-product, "Canson XL Mix Media Pad, 7""X10"" Side Wire", 481
Office-product, Stabilo Point 88 - Pluma estilográficas (Multi, Multicolor, Naranja), 498
Office-product, AmazonBasics Papel multipropósito para copiadora, 1 paquete de 500 hojas (500 hojas en total), 566
Office-product, Casio FX-991EX ingeniería/calculadora científica, negro, 576
Office-product, Pretul TABU-1, Taburete plegable, 589
Office-product, Tinta Hp 664 xl negro / tricolor, 615
Office-product, Toner Generico Samsung 111 Mlt-d111s Compatibl 111s M2020 M2022 Compatible Nuevo, CALIDAD ISO 9001, 1 PIEZA, 620
Office-product, HP 662 Ink Combo, 665
Office-product, Prismacolor Junior Lápices De Colores 48 piezas, 669
Office-product, AZOR 301.8398 Magistral Grip, Marcador para pizarrón blanco, 8 piezas, Colores surtidos, 699
Office-product, Quartet P4695 Planeador Magnético Combinado, Pizarrón/Corcho, varios colores, 702
Office-product, Epson Botella De Tinta Ecotank Color Amarillo, T664420, 709
Office-product, Prismacolor Premier Paquete de 24 lápices, multicolor, 717
Office-product, Rocketbook - Cuaderno de espiral reutilizable borrable, Rojo atómico, Ejecutivo, 717
Office-product, Cartucho de tinta HP 664 combinado (negro TRI-COLOR) Cartucho de tinta original Deskjet - Paquete de 2, 718
Office-product, HP Cartucho Original de Tinta Negra 664 Advantage (F6V29AL), 718
