Pet-supplies, Nupec Croquetas para Perros, Adulto R.P, 2 kg (El empaque puede variar), 714
Pet-supplies, Nupec Croquetas para Perros, Adulto, 2 kg (El empaque puede variar), 404
Pet-supplies, AmazonBasics - Bolsa mejorada para heces de perro con aditivos EPI y dispensador y pinza para correa - 270 unidades, 584
Pet-supplies, Beneful Purina Original Carne Adulto 10.1 kg, 713
Pet-supplies, Lazy Bones Pratiko Pet Carrier, grande, 55 x 36 x 36 cm, colores surtidos, 693
Pet-supplies, MPS Komoda Inodoro para gatos, Colores surtidos, 714
Pet-supplies, Red Kite Colibrís Alimentador Natural, 470 ml, 714
Pet-supplies, Fancy Pets  Doggie Grass Tapete Entrenador Con Pasto Sintético, Tamaño Chico, 306
Pet-supplies, GranVic Cortauña con Lima para Perro Gato, Tijeras de Uñas Cortador de Acero Inoxidable, Recortadora de Uñas Profesional, Higiene Cuidado de las Uñas para Mascota, Perros Grandes, Pastor aleman, Alaska, Golden Retriever, Pitbull (Grande), 305
Pet-supplies, "Fresh Step Arena para Gato Extreme con Febreze , 483
Pet-supplies, Fancy Pets Rascador de Onda para Gato, 44 cm, 713
Pet-supplies, rabbitgoo Arnes Perro Pecho Grande Mediano Pequeño con Lineas Reflecantes Arnés Antitirones Perros Coche Adiesreamiento Bicicleda Correr Chaleco Acolchado Ajustable Tamaño Pequeño Negro, 65
Pet-supplies, Fancy Pets Juguete de Caucho Pelota Spiny, 578
Pet-supplies, Fancy Pets Collar con Ultra Grip y Bandas Reflejantes, color Azul, Chico, 708
Pet-supplies, Tidy Cats 24/7 Performance, 4.5 kg, 708
Pet-supplies, Nupec Croquetas para Perros, Cachorro, 2 kg (El empaque puede variar), 404
Pet-supplies, Nupec Comida para Perros, Senior, Sabor a Carne, 15 kg, 576
Pet-supplies, Fancypets Atrayente para Cachorros, 710
Pet-supplies, Royal Canin Croquetas para Razas Pequeñas, Mini Adult, 6.35 kg (El empaque puede variar), 713
Pet-supplies, ALEBRIPETS Cama para Perro, Exterior a Prueba de Agua, cómoda, Lavable, Resistente a rasguños, 100% Mexicana (tamaño y Color a Escoger), 204
Pet-supplies, Cepillado de guantes de baño para perros Higiene Eliminación de pelo de mascotas-RFAIKA Cepillo de guantes de maquillaje para caballos y perros, el diseño de cinco dedos puede resolver eficazmente gatos y perros de pelo corto y pelo largo, 179
Pet-supplies, Fancy Pets Catnip para Gatos, 28 g, 672
Pet-supplies, Fancy Pets Juguete de Caucho Hueso para Premio, 243
Pet-supplies, Equilibrium Artroflex Complemento Alimenticio, Color Morado, Todos los Tamaños, 714
Pet-supplies, KONG Extreme Dog Toy (2 Pack), X-Large, 324
Pet-supplies, HARTZ Groomer's Best Fur Fetcher De-Shedder Cat Brush, 202
Pet-supplies, Royal Canin Croquetas para Chihuahua, 4.53 kg (El empaque puede variar), 330
Pet-supplies, Schweppes, Ginger Ale 1 L, Botella Pet, 12 Piezas, 81
Pet-supplies, Fancy Pets Mueble Rascador para Gato, Arco, 50 cm, 72
Pet-supplies, Cubierta Asiento De Mascota Hamaca, Perro Coche Auto Asiento Trasero Cubierta Estilo Cubierta Anti-Deslizamiento Esteras de Coches (Hojas de Café), 260
Pet-supplies, Fancypets FL8173 Plato de Acero Ligero, 24 oz, 262
Pet-supplies, Fancy Pets Repuesto Doggie Grass De Tapete Entrenador Con Pasto Sintético, Tamaño Chico, 260
Pet-supplies, Nupec Alimento Seco para Gato Adulto, 3 kg, 1 Pack, 672
Pet-supplies, Pogi's Poop Bags - Bolsas para excremento de Perro - 10 Rollos no perfumados (150 Bolsas) - Grandes, Biodegradables, Herméticas, 58
Pet-supplies, Fancy Pets Juguete para Gato Cilindro con Lienzos, 4 cm, 85
Pet-supplies, Jasonwell Arnés para Perro Pequeño Mediano Grande Sin Tirones Pechera para Perro con 1.2m Correa y Mango de Control Harnes Ajustable Reflectante Transpirable para Caminar Viajar Entrenar Perros Accesorios (Negro, L1), 170
Pet-supplies, Fancypets TX11134 Cojín para Cama de Plástico, Color café, Grande (77 x 51 cm), 128
Pet-supplies, Cat Chow Purina Comida para Gato Adulto Pescado 3Kg, 84
Pet-supplies, Dry Pet Tapete Entrenador (Pads), 50 Piezas, 680
Pet-supplies, Nupec PENU7135 - AAAAAA Premio para Perros Dental Care, 180 Gr (El empaque puede variar), 460
Pet-supplies, Mindful Pet Bolsas Biodegradables con Asa para popó de Perro Kit con 240 Bolsas (16 Rollos) + 1 Dispensador., 97
Pet-supplies, American Kennel Club AKC Almohadillas de Entrenamiento, con Aroma a Lavanda, 409
Pet-supplies, Red Kite Colibris Alimentador, 940 ml, 1 Piece, 11
Pet-supplies, Purina - Cat Chow Comida para Gato, Adulto, Deli Mix, 15.0 kg, 693
Pet-supplies, Uplayteck Peines para Gatos,Cepillo de Deshedding, Pelo de Perro y Pelo de Gato Que Vierte la Herramienta con Cuchilla de Corte de Acero Inoxidable - Herramienta de Depilación para Mascota, 27
Pet-supplies, Nupec Croquetas para Perros, Sensitive, 15 kg (el empaque puede variar), 213
Pet-supplies, PEÑAFIEL, Fresada 600 ml, Botella Pet, 6 piezas, 10
Pet-supplies, Fancypets FL7228 Hueso de Hilo, 53
Pet-supplies, Fancy Pets Juguete de Caucho Aro con Cuerda, 211
Pet-supplies, AmazonBasics - Empapadores de adiestramiento para mascotas y cachorros, muy resistentes, XL, 50 unidades, 2
Pet-supplies, AmazonBasics - Empapadores de adiestramiento para mascotas y cachorros, muy resistentes, XL, 25 unidades, 711
Pet-supplies, Fancy Pets Cama Maltes, 557
Pet-supplies, Nupec Croquetas para Perros, Cachorro R.P, 8 kg (El empaque puede variar), 515
Pet-supplies, Hill's Science Diet, Alimento para Perro Adulto Receta Original, Seco (bulto) 2.3kg, 42
Pet-supplies, Nupec Alimento Seco para Perro Raza Pequeña Senior, 8 kg, 1 Pack, 171
Pet-supplies, Royal Canin Breed Health Nutrition, Yorkshire, Standart, standart, 4,53kg, 261
Pet-supplies, Pañales LAVABLES y REUTILIZABLES para PERROS HEMBRA por PETTING IS CARING - Paquete de 3 Unidades - Panales para Perras Materiales de la mejor calidad MÁQUINA DURABLE LAVABLE Solución simple para mascotas INCONTINENCIA Pantalones largos para viaje, 4
Pet-supplies, Petmate Litter Pan, Medium, Color may vary, Colores Surtidos, 56
Pet-supplies, AmazonBasics - Bolsa mejorada para heces de perro con aditivos EPI y dispensador y pinza para correa - 540 unidades, 130
Pet-supplies, PEÑAFIEL, Fresada 2 l, Botella Pet, 4 piezas, 79
Pet-supplies, Dog Chow Comida para Perros Adultos Medianos y Grandes con Extralife 7.5kg, 405
Pet-supplies, , 540
Pet-supplies, Red Kite Colibrís Néctar Liquido, 1.5 l, 369
Pet-supplies, "Stuff It Yourself - Cama para Mascotas, 50,8 x 76,2 cm, Gris, 20"" X 30""", 15
Pet-supplies, Cat Chow Purina Comida para Gato Adulto Hogareños 3Kg, 77
Pet-supplies, KONG Extreme Dog Pet Toy Dental Chew (2 Pack), Small, 64
Pet-supplies, Hill's Science Diet, Alimento para Perro Adulto Raza Pequeña, Seco (bulto) 2kg, 256
Pet-supplies, Red Kite Alimentador Semillas para Aves, 360 g, 13
Pet-supplies, Nupec Comida para Perros Weight Control, Sabor a Carne, 15 kg, 548
Pet-supplies, RedLemon Limpiador para Patas de Perro, Fabricado con Suaves Cerdas de Silicón, Portátil e Ideal para Paseos y Viajes con tu Mascota (Chico), 5
Pet-supplies, Royal Canin Croquetas para Perros Grandes, Maxi Adult, 15.8 kg (El empaque puede variar), 227
Pet-supplies, KONG T2 Clásico Juguete para Perro, Medium, 74
Pet-supplies, GLURIZ Cubierta Asiento Coche Perro, Funda Coche Perro Mascota Impermeable, Alfombra de Asiento Coche Perro, Protector Coche Perro Antidesliante, 147cm x 137cm, Fácil de Instalar (Negro), 5
Pet-supplies, "MULTIPET Loofa Dog 12"" Plush Dog Toy, Colors May Vary", 6
Pet-supplies, Uplayteck Juguetes para Perros, Pets IQ Treat Ball Pelotas de Juguetes Interactivos para Mascotas Divertido comedero para Perros con Alimentación Lenta, Alimentador Premios para Perros y Gatos, 59
Pet-supplies, Nupec Croquetas para Perros, Cachorro R.P, 2 kg (El empaque puede variar), 60
Pet-supplies, HARTZ Home Protection Odor Eliminating Dog Pads, 5
Pet-supplies, Jasonwell Arnés para Perro Pequeño Mediano Grande Sin Tirones Pechera para Perro con 1.2m Correa y Mango de Control Harnes Ajustable Reflectante Transpirable para Caminar Viajar Entrenar Perros Accesorios (Negro, S1), 16
Pet-supplies, Fancypets FL8176 Plato de Acero Ligero, 96 oz, 1
Pet-supplies, Felix Croquetas para Gato, Megamix, 1.5Kg, 408
Pet-supplies, Northstates - Puerta de Seguridad, Madera, 33
Pet-supplies, Alfi, Correa de Entrenamiento para Perro, reflejante, 1.50 Metros (Azul), con Dispensador y Bolsa Biodegradable para Excremento, 1
Pet-supplies, Fancy Pets Plato de Acero Ligero, 16 oz, 451
Pet-supplies, Dog Chow Comida para Perro Cachorro Minis y Pequeños con Extralife 4 Kg, 78
Pet-supplies, Hill's Science Diet, Treats de Entrenamiento para Alimento para Perro, Suaves y masticables, Pollo, 286
Pet-supplies, Dog Chow Comida para Perro Longevidad Senior Edad Madura Todos los Tamaños con Extralife 7.5 kg, 46
Pet-supplies, Earth Rated Dog Poop Bags, 120 Extra Thick and Strong Poop Bags for Dogs, Guaranteed Leak-proof, Unscented, 8 Rolls, 15 Doggy Bags Per Roll, Each Dog Poop Bag Measures 9 x 13 Inches, 98
Pet-supplies, ElastaCat Coastal Pet Products Collar para Mascotas, Amarillo, Ajustable, 2
Pet-supplies, Fancy Pets Bolsa Palitos Natural, 20 Piezas, 54
Pet-supplies, Rabbitgoo Arnés y correa para gato para caminar, arneses de chaleco ajustables suaves a prueba de escape para gatos medianos grandes, chaqueta de seguridad para mascotas transpirable de fácil control con tiras reflectantes y 1 anillo de correa de metal, 7
Pet-supplies, Atralife Eléctrico Clipper para Perros y Gatos, USB Recargable Razuradora para Perros, Kit Maquinillas para Mascotas Multifuncional, Pet Máquina de Afeitar con 4 Peines Regulables -Garantía de 2 años, 7
Pet-supplies, Royal Canin Croquetas para Bulldog, 13.6 kg (El empaque puede variar), 19
Pet-supplies, Royal Canin Croquetas para Perros Grandes, Maxi Puppy, 15.8 kg (El empaque puede variar), 15
Pet-supplies, Red Kite Colibrís Néctar Liquido, 1 gal, 366
Pet-supplies, Fancy Pets Clicker para Entrenamiento, 2
Pet-supplies, Aillvend Cinturón de Seguridad para Perros, Correa de arnés de Seguridad, Ajustable, de Nylon, Negro, Ajustable, 4
Pet-supplies, Sebami Bomba de Agua Sumergible,Bomba Sumergible Ultra Silencioso 1500L/H (400 GPH Bomba de Circulación para Acuario, Estanque, Tanque de Peces, Fuente, Rocalla, Hidroponía, 19
Pet-supplies, Fancy Pets Plato Plegable para Viaje, Colores Surtidos, 48
Pet-supplies, Fancy Pets Ungüento Hidratante y Reparador, 40 g, 88
Pet-supplies, Fancy Pets Ms Collar Antipulgas P/Perro, Talla L, 1
Pet-supplies, Fancy Pets Correa Retráctil, 15
Pet-supplies, rabbitgoo Arnes Perro Pecho Grande Mediano Pequeño con Lineas Reflecantes Arnés Antitirones Perros Coche Adiesreamiento Bicicleda Correr Chaleco Acolchado Pechera Ajustable Tamaño Grande (Naranja, S), 81
Pet-supplies, Guantes removedores de Pelo para Mascota (2 Guantes) Perfecto para Perros Gatos Caballos/Guantes de Aseo y Masaje para Mascota/Cepillo para retirar Pelo (Incluye 2 Piezas) (Par) (1 par ï¼ˆazulï¼‰), 74
Pet-supplies, Gale Pacific Coolaroo Elevated Pet Bed with Knitted Fabric, Verde, Mediano, 8
Pet-supplies, Cortapelos Mascotas,Impermeable Eléctrico Clipper para Perros y Gatos,Pet Máquina de Afeitar de Pelo Inalámbrico Recargable Profesional de 2 Velocidades , Bajo Ruido, Rasuradoras Eléctricas,Recortador Perros, 108
Pet-supplies, Antiparasitario para Perro, Collar de Protección de 8 Meses, contra Pulgas, Garrapatas y Mosquitos, SERESTO,Anti Insect Mosquitoes Waterproof, para Perros Total grandes, medianos, pequeños, 63
Pet-supplies, Fancypets FL8242 Juguete Eco para Gato, Ratones, 3 Piezas, Colores Surtidos, 18
Pet-supplies, Red Dingo Classic Cat Collar, One Size Fits All, Yellow, 2
Pet-supplies, Wardley Reptile Sticks, 1.5 Kg (Criador), 1 Count, 4
Pet-supplies, Royal Canin Croquetas Para Perros Grandes, Maxi Puppy, 15.8 Kg (El Empaque Puede Variar), 5
Pet-supplies, Vagalbox Filtros de Repuesto de Carbono para Fuente para Mascotas 4 Paquetes de filtros de tecnología de Carbono Concentrado para el dispensador automático de Agua de Flores para Gatos y Perros, 6
Pet-supplies, Premios Trick & Treats pay de manzana 150gr, 36
Pet-supplies, Ganador® Premium 20kg, Alimento para Perros Adultos de Razas Medianas y Grandes., 261
Pet-supplies, Slowton Perro para correa, 150cm correa con mango de control de seguridad acolchada suave y altos hilos reflectantes, entrenamiento caminar fuerte tirando montaña escalada cuerda perro correa plomo durable y cómodo soporte para pequeño mediano perro grande (Azul), 20
Pet-supplies, SCHWEPPES, Ginger Ale 296 ml, Botella de Vidrio, 12 piezas, 1
Pet-supplies, Premios Trick & Treats pollo yumpers 100gr, 9
Pet-supplies, Royal Canin Croquetas Para Perros Grandes, Maxi Puppy, 2.72 Kg (El Empaque Puede Variar), 93
Pet-supplies, Furminator para Perros, Herramienta de deshedding para Perros, Cabello Corto, Standard Edition, Pequeño, 574
Pet-supplies, Comida para Perros Adultos, Dog Chow, Razas Minis y Pequeñas, 7.5 kg, 245
Pet-supplies, Nupec PENU7138 - AAAAAA Premio para Perros Relax, 180 Gr (El empaque puede variar), 20
Pet-supplies, Hill's Science Diet, Alimento para Gato Adulto Indoor, Seco (bulto) 1.6kg, 56
Pet-supplies, Outward Hound - Comedero para Perros, Menta, Mint, XS, 27
Pet-supplies, Dry Pet Repelente para Perros, 250 ml, 8
Pet-supplies, Atomzone Arnes para Perro Marca, Pechera Comoda y ergonomica Color Negra Talla Grande, Mediana, y Chica; con Bono de Correa de 1.2 Metros, S (Chica), 20
Pet-supplies, MG+ Quitapelos y Rodillos para Mascotas, Removedor de pelo para mascotas, Quita Pelo para Perros y Rodillo de Pelo para Mascotas en uno. Elimina el Pelo de Perro, Gato de Muebles, alfombras, Ropa de Cama, Ropa y más, 56
Pet-supplies, Beneful Minis Salmon Adultos Raza Pequeña 10 Kg, 1 Pouch, 462
Pet-supplies, Cat Chow Gatitos 1 a 12 Meses 1.5 Kg, 1 Count, 182
Pet-supplies, Instinct Be Natural Receta de Pollo 2 kg para Perros, 1
Pet-supplies, AmazonBasics Double-Door Folding Metal Dog Crate - Large (42x28x30 Inches), 10
Pet-supplies, FELIX Alimento Húmedo Sabor Salmon, Paquete con 24 Pzas de 85g, 64
Pet-supplies, CatÂ´s Best Bolsa para Cajas de Arena, Oko Plus, color Natural, 8.6 k (18.9 l), 5
Pet-supplies, Ganador® 25kg, Alimento para Perros Adultos de Razas Medianas y Grandes., 4
Pet-supplies, Slowton Guantes removedores de Pelo para mascotas (sólo 2 guantes), cepillo de Deshedding suave guante, removedor de pelo de mascotas eficiente, diseño de cinco dedos mejorado, perfecto para perro y gato con pelo largo y corto (1 par), 20
Pet-supplies, Red Kite Colibrís Néctar Liquido, 2 l, 235
Pet-supplies, "PetAmi Premium Airline Approved Soft-Sided Pet Travel Carrier , 5
Pet-supplies, Fancy Pets Pasta Dental para Perro, 90 g, 3
Pet-supplies, American Pet AM00040 Pasto Timothy Gold, Bolsa de 24oz, 100
Pet-supplies, ALEBRIPETS Cama para Perro Prueba de Agua, cómoda, Lavable, Resistente a rasguños. Tamaño y Color a Escoger. (Grande, Azul), 13
Pet-supplies, Bayer Collar antiparasitario 8 Meses de protección Perros Grandes seresto (El empaque puede variar), 50
Pet-supplies, Arena para gato Scoop Away (19.0 kg), 36
Pet-supplies, "DC Comics Batman Harness for Dogs , 12
Pet-supplies, Fancypets TX11135 Cojín para Cama de Plástico, Color café oscuro, Extra Grande (90 x 69 cm), 158
Pet-supplies, Fancy Pets Colchoneta Ortopédica Buggie, color Azul, Chica, 199
Pet-supplies, ALEBRIPETS Cama para Perro Prueba de Agua, cómoda, Lavable, Resistente a rasguños. Tamaño y Color a Escoger. (Jumbo, Negro), 9
Pet-supplies, Fancy Pets Kit Dental con Pasta y Cepillo, 508
Pet-supplies, Naturance PREMIOS P/PERRO CROQUANT CARNE y PAPA, 1 Pouch, 4
Pet-supplies, [2 en 1] insecticida y atractor – Eficaz 4000 V eléctrico Mosquitos/asesino – Trampa para moscas de insectos, impermeable al aire última intervensión/interior – Lámpara de foco electrónica para patio trasero, patio – 1 Acre, grande, 24
Pet-supplies, Fancypets FL8483 Recogedor para Desechos, talla grande, 38
Pet-supplies, Hi Multipro Alimento Premium para Perro Adulto 15kg. con probióticos y Proteínas de Alto Valor biológico, 149
Pet-supplies, Fresh Step Advanced Extreme Clumping Cat Litter with Odor Control - Mountain Spring Scent, 18.5 LB, 96
Pet-supplies, Alfi, Correa de Entrenamiento para Perro, reflejante, 1.50 Metros (Negro), con Dispensador y Bolsa Biodegradable para Excremento, 5
Pet-supplies, rabbitgoo Arnes Perro Pecho Grande Mediano Pequeño con Lineas Reflecantes Arnés Antitirones Perros Coche Adiesreamiento Bicicleda Correr Chaleco Acolchado Pechera Ajustable Tamaño Pequeño Azul, 160
Pet-supplies, Alimento para Gato Adulto, Hill's Science Diet, Receta Original, Seco (bulto) 1.8kg, 37
Pet-supplies, Pro Plan Adulto Razas Medianas con Optihealth, Sabor Pollo, 17.5 kg, 1
Pet-supplies, Earth Rated Bolsas con Aroma a Lavanda para Desechos de Perro, 120 Unidades, 8 Rollos de Repuesto, 294
Pet-supplies, ODLICNO Repelente Ultrasónico, 2020 Repelente Electrónico Mejorado en Exterior e Interior para Pulgas,Insectos, Mosquitos, Arañas, Hormigas, Ratas, Cucarachas, Insectos, No-Tóxicos, 18
Pet-supplies, Earth Rated Dog Waste Bags with Poop Bag Dispenser, 47
Pet-supplies, Dry Pet FL7182 Tapete Entrenador (Pads), 14 Piezas, 29
Pet-supplies, Fancy Pets Cepillo para Gato C/Puntas Redondas, 4
Pet-supplies, Lean-it - Rascador para rascar, 25 Pulgadas, 4
Pet-supplies, Lumbor37 Tijeras de uñas para Mascotas Cortauñas Paw Grooming Trimmers con Safety Guard para Evitar el Exceso de Corte para Puppy Doggie Kitty, 105
Pet-supplies, Fancypets FL7283 Juguete Tipo Soga con Pelota, 45 cm, Colores Surtidos, 23
Pet-supplies, Wahl 100% Natural Pet No-Rinse Waterless Shampoo, Coconut Lime Verbena #820015, 3
Pet-supplies, Wild Knots - Juguetes de oso para perro, duraderos, tamaño S / M, paquete de 2, -, Variados, Medium/Large Pack of 2, 6
Pet-supplies, Cheelom Correa Retráctil para Perros Durable Correa ajustable para perro de 5M para perros pequeños medianos grandes de hasta 35 kg 360 ° sin enredos, cierre y cierre de un botón dispensador de desechos para perros y bolsas incluidas (negro), 36
Pet-supplies, Red Kite Colibrís Néctar en Bote, 400 g, 4
Pet-supplies, Nupec Alimento Seco para Gatito, 3 kg, 1 Pack, 36
Pet-supplies, Royal Canin Croquetas de Cachorros, Mini Puppy, 5.89 kg, (El empaque puede variar), 40
Pet-supplies, Earth Rated Dog Poop Bags, 270 Extra Thick and Strong Poop Bags for Dogs, Leak-Proof, Lavender-Scented, 18 Rolls, 15 Doggy Bags per Roll, Each Dog Poop Bag Measures 9 x 13 Inches, 35
Pet-supplies, Atomzone Arnés para Perro ergonómico con Correa Ajustable - Máxima protección y Comodidad para tu Mascota en Todo Momento S (Chica), 32
Pet-supplies, Slowton Cama para Perro Gato Mascota, Donut addler Nest Cálido Suave Felpa Perro Cojín con Acogedor Esponja Antideslizante Inferior para Mascotas Pequeñas Medias Snooze Durmiendo Otoño Interior, Lavable A máquina 50cm/ 60cm (Pequeño - 50cm, Gris), 7
Pet-supplies, PetSafe Gentle Leader - Collar para Perro sin tirones, Manzana Verde (Apple Green), Petite Under 5 LB., 5
Pet-supplies, Nupec Alimento Seco para Perro Raza Pequeña Senior, 2 kg, 1 Pack, 2
Pet-supplies, AmazonBasics - Comedero para perro (acero inoxidable, 2 unidades), 3
Pet-supplies, TXG Eléctrico Clipper para Perros y Gatos, USB Recargable Razuradora para Perros 1200 mAh Horas de Tiempo de Trabajo, Kit Maquinillas para Mascotas Multifuncional con 4 Peines Regulables, 9
Pet-supplies, "Gooby 72106 Chaqueta de forro polar con anillo de correa para perros pequeños, Azul, X-Small chest (~10"")", 48
Pet-supplies, Arena Clean & Dry Aglutinante 3Kg, 41
Pet-supplies, Royal Canin Croquetas para Pug, 4.53 kg (El empaque puede variar), 2
Pet-supplies, Arena Clean & Dry Aglutinante Con Aroma 5Kg, 8
Pet-supplies, Kong KP3 Cachorro Juguete para Perro, Small, Colores Aleatorios, 36
Pet-supplies, Felix Croquetas para Gato, Triple Delicious Mar, 1.5Kg, 55
Pet-supplies, Un Dos Treats Catgrass Pasto de Trigo para Gatos, 1 Can, 172
Pet-supplies, Fancy Pets Doggie Grass Tapete Entrenador Con Pasto Sintético, Tamaño Chico, 408
Pet-supplies, GranVic Cortauña con Lima para Perro Gato, Tijeras de Uñas Cortador de Acero Inoxidable, Recortadora de Uñas Profesional…, 402
Pet-supplies, rabbitgoo Arnes Perro Pecho Grande Mediano Pequeño con Lineas Reflecantes Arnés Antitirones Perros Coche Adiesreamiento…, 387
Pet-supplies, ALEBRIPETS Cama para Perro, Exterior a Prueba de Agua, cómoda, Lavable, Resistente a rasguños, 100% Mexicana (tamaño y…, 265
Pet-supplies, MG+ Quitapelos y Rodillos para Mascotas, Removedor de pelo para mascotas, Quita Pelo para Perros y Rodillo de Pelo para…, 119
Pet-supplies, Jasonwell Arnés para Perro Pequeño Mediano Grande Sin Tirones Pechera para Perro con 1.2m Correa y Mango de Control…, 224
Pet-supplies, Uplayteck Juguetes para Perros, Pets IQ Treat Ball Pelotas de Juguetes Interactivos para Mascotas Divertido comedero…, 5
Pet-supplies, Earth Rated Dog Poop Bags, 120 Extra Thick and Strong Poop Bags for Dogs, Guaranteed Leak-proof, Unscented, 8 Rolls, 15…, 184
Pet-supplies, Cubierta Asiento De Mascota Hamaca, Perro Coche Auto Asiento Trasero Cubierta Estilo Cubierta Anti-Deslizamiento Esteras…, 33
Pet-supplies, Cheelom Correa Retráctil para Perros Durable Correa ajustable para perro de 5M para perros pequeños medianos grandes de…, 32
Pet-supplies, ODLICNO Repelente Ultrasónico, 2020 Repelente Electrónico Mejorado en Exterior e Interior para Pulgas,Insectos…, 14
Pet-supplies, Hill's Science Diet, Alimento para Perro Adulto 7+ años, Seco (bulto) 15kg, 4
Pet-supplies, TXG Eléctrico Clipper para Perros y Gatos, USB Recargable Razuradora para Perros 1200 mAh Horas de Tiempo de Trabajo…, 311
Pet-supplies, Atomzone Arnés para Perro ergonómico con Correa Ajustable - Máxima protección y Comodidad para tu Mascota en Todo…, 239
Pet-supplies, Cepillado de guantes de baño para perros Higiene Eliminación de pelo de mascotas-RFAIKA Cepillo de guantes de maquillaje…, 61
Pet-supplies, Felix Croquetas para Gato, Triple Delicious, Granja, 1.5Kg, 18
Pet-supplies, Lumbor37 Tijeras de uñas para Mascotas Cortauñas Paw Grooming Trimmers con Safety Guard para Evitar el Exceso de Corte…, 15
Pet-supplies, Cortapelos Mascotas,Impermeable Eléctrico Clipper para Perros y Gatos,Pet Máquina de Afeitar de Pelo Inalámbrico…, 3
Pet-supplies, Fancypets FL8305 Carda, talla chica, 14
Pet-supplies, Fancy Pets Shampoo Essentials, Pelo Dorado, 250 ml, 6
Pet-supplies, Zumeca Cubierta Impermeable de Mascotas para el Asiento del Coche Anti-Deslizamiento y Blegable Esteras de Coches para…, 76
Pet-supplies, Royal Canin Croquetas para Razas Medianas, Medium Puppy, 13.6 kg (Empaques aleatorios) (El empaque puede variar), 1
Pet-supplies, Earth Rated Dog Poop Bags, 270 Extra Thick and Strong Poop Bags for Dogs, Leak-Proof, Lavender-Scented, 18 Rolls, 15…, 9
Pet-supplies, "New World Pet Products B550-24, corralito para mascotas, negro, pequeño / 24 ""x 24""", 5
Pet-supplies, HappyDoggy bolsa certificada compostable para heces de Mascota. Paquete de 120 bolsas biodegradables en menos de 1 año…, 19
Pet-supplies, Rabbitgoo Arnes Perro Pecho Grande Mediano Pequeño con Lineas Reflecantes Arnés Antitirones Perros Coche Adiesreamiento…, 21
Pet-supplies, Nupec - Croquetas para Perros, Adulto, Sabor a Carne, 2 kg (Empaque puede variar), 310
Pet-supplies, Nupec - Croquetas para Perros, Cachorro, Sabor a Carne, 2 kg (El empaque puede variar), 310
Pet-supplies, Hartz Juguete para Gato Kitty Frenzy 12 Pz, Colores Surtidos, 14
Pet-supplies, Ganador Premium 20kg, Alimento para Perros Adultos de Razas Medianas y Grandes., 263
Pet-supplies, Rabbitgoo Arnés y correa para gato para caminar, arneses de chaleco ajustables suaves a prueba de escape para gatos…, 40
Pet-supplies, Red Kite Colibrís Alimentador Mini, 68 ml, 134
Pet-supplies, Guantes removedores de Pelo para Mascota (2 Guantes) Perfecto para Perros Gatos Caballos/Guantes de Aseo y Masaje para…, 14
Pet-supplies, Wahl 100% Natural Pet No-Rinse Waterless Shampoo Lavender #820014, 7
Pet-supplies, Pañales LAVABLES y REUTILIZABLES para PERROS HEMBRA por PETTING IS CARING - Paquete de 3 Unidades - Pañales para Perras…, 209
Pet-supplies, PETpowder - Control 100% Natural contra pulgas y garrapatas para Mascotas. No tóxico., 14
Pet-supplies, Hi Multipro Alimento Premium Adulto 25kg, 100% Balance Nutricional. con probióticos, Calcio y Proteínas de Alto Valor…, 11
Pet-supplies, Fancy Pets Collar de Entrenamiento, 1.6 mm/35 cm, 4
Pet-supplies, Antiparasitario para Perro, Collar de Protección de 8 Meses, contra Pulgas, Garrapatas y Mosquitos, SERESTO,Anti Insect…, 44
Pet-supplies, Best Friends by Sheri Luxury Shag Fuax Fur Donut Cuddler (Multiple Sizes) –Round Donut Cat and Dog Cushion Bed…, 4
Pet-supplies, Royal Canin Croquetas Para Razas Medianas, Medium Puppy, 2.72 Kg (El Empaque Puede Variar), 19
Pet-supplies, PetLoft Bolsa de Caca, 240-Cuentas Duradero Biodegradable Perfumada Bolsa de Caca para Perro con EPI-tecnología…, 3
Pet-supplies, Slowton Guantes removedores de Pelo para mascotas (sólo 2 guantes), cepillo de Deshedding suave guante, removedor de…, 7
Pet-supplies, Slowton Cortaúñas y reCortador de uñas para mascotas, Tijeras de uñas para mascotas Paw acicalado podadoras con…, 3
Pet-supplies, TBI Pro Bug Zapper para exterior y atractor – Eficaz 4000 V eléctrico mosquitero Trampa para moscas de insectos…, 1
Pet-supplies, RedLemon Limpiador para Patas de Perro, Fabricado con Suaves Cerdas de Silicón, Portátil e Ideal para Paseos y Viajes…, 26
Pet-supplies, OMorc 2 Cinturón de Seguridad de Coche para Perros, Arnés del Cinturón de Nylon Ajustable Universal para trasportar…, 29
Pet-supplies, Fancypets Comedero Doble con 2 Platos, 16 oz, 88
Pet-supplies, Beneful Purina Salud Radiante Salmón Adultos 7.5 kg, 4
Pet-supplies, Perfect Sense Perfect Sense Adulto MLB 8 Kg, 1 Case, 13
Pet-supplies, Jasonwell Cepillo para Perro Pelo Removedores para Mascota Cepillo Deslanador Peine Quita Pelo para Perros y Gatos…, 3
Pet-supplies, Ganador Premium Cachorro 20 kg, Razas Medianas y Grandes., 11
Pet-supplies, Earth - Bolsas de basura para perros con dispensador de bolsas, lavanda-aromatizado , 1 Dispenser, 30 Bags, 40
Pet-supplies, Royal Canin Comida para Perros, Shih-Tzu 4.54 kg (El empaque puede variar), 7
Pet-supplies, BV 100 Piece Pet Training Pads for Dog and Puppy, Rapid-Dry Technology, 9
Pet-supplies, Uplayteck Peines para Gatos,Cepillo de Deshedding, Pelo de Perro y Pelo de Gato Que Vierte la Herramienta con Cuchilla…, 3
Pet-supplies, GOOBY Every Day Fleece Cold Weather Dog Vest with Hoodie for Small Dogs, Blue, X-Small, 6
Pet-supplies, Arena Clean & Dry Super Premium 3.3Kg, 11
Pet-supplies, Vagalbox Filtros de Repuesto de Carbono para Fuente para Mascotas 4 Paquetes de filtros de tecnología de Carbono…, 20
Pet-supplies, TECHVIDA Shedding Tool, Herramienta de Shedding Cepillo para Mascotas Perros & Gato Peine de Limpieza Cortador de Nudo…, 27
Pet-supplies, Coolpet, Collar para perro ajustable. Dog collar de tamaños chico mediano y grande. Suave y resistente collar de mascota…, 4
Pet-supplies, American Kennel Club AKC Almohadillas de Entrenamiento, Aroma Fresco, 6
Pet-supplies, AKC Almohadillas de Entrenamiento, Aroma Fresco, 45
Pet-supplies, Hill's Science Diet, Snacks Frutales para Alimento para Perro, Arándanos y Avena, 227 gr, 15
Pet-supplies, Dispensador de correa clasificado a la Tierra para bolsas de residuos de perros, incluye 30 bolsas de caca de lavanda, 41
Pet-supplies, Nature's Miracle Bloqueador de Larga duracion para Interiores y Exteriores 473ml, 2
Pet-supplies, Zumeca Cubierto Asiento Perro, Cubierta Impermeable de Mascotas para el Asiento del Coche Anti-Deslizamiento y Esteras…, 4
Pet-supplies, Fancy Pets 3 Pelotas Tenis Bicolor Medianas Juguete Perro, 2
Pet-supplies, Abrigos para perros en climas fríos para perros pequeños, medianos y grandes Actividades al aire libre en interiores…, 15
Pet-supplies, PUBAMALL Disfraz de Melena de león para Perro - Melena de león complementaria para Disfraces de Perro (marrón), 4
Pet-supplies, TBI Pro Bug Zapper para exterior y atractor – Eficaz 4000 V eléctrico mosquitero Trampa para moscas de insectos…, 1
Pet-supplies, Royal Canin Croquetas para Razas Medianas, Medium Puppy, 13.6 kg (Empaques aleatorios) (El empaque puede variar), 1
Pet-supplies, Pro Plan Adulto Razas Medianas con Optihealth, Sabor Pollo, 17.5 kg, 1
Pet-supplies, Instinct Be Natural Receta de Pollo 2 kg para Perros, 1
Pet-supplies, SCHWEPPES, Ginger Ale 296 ml, Botella de Vidrio, 12 piezas, 1
Pet-supplies, Fancy Pets Ms Collar Antipulgas P/Perro, Talla L, 1
Pet-supplies, Alfi, Correa de Entrenamiento para Perro, reflejante, 1.50 Metros (Azul), con Dispensador y Bolsa Biodegradable para Excremento, 1
Pet-supplies, Fancypets FL8176 Plato de Acero Ligero, 96 oz, 1
Pet-supplies, Fancy Pets 3 Pelotas Tenis Bicolor Medianas Juguete Perro, 2
Pet-supplies, Nature's Miracle Bloqueador de Larga duracion para Interiores y Exteriores 473ml, 2
Pet-supplies, Royal Canin Croquetas para Pug, 4.53 kg (El empaque puede variar), 2
Pet-supplies, Nupec Alimento Seco para Perro Raza Pequeña Senior, 2 kg, 1 Pack, 2
Pet-supplies, Red Dingo Classic Cat Collar, One Size Fits All, Yellow, 2
Pet-supplies, Fancy Pets Clicker para Entrenamiento, 2
Pet-supplies, ElastaCat Coastal Pet Products Collar para Mascotas, Amarillo, Ajustable, 2
Pet-supplies, AmazonBasics - Empapadores de adiestramiento para mascotas y cachorros, muy resistentes, XL, 50 unidades, 2
Pet-supplies, Uplayteck Peines para Gatos,Cepillo de Deshedding, Pelo de Perro y Pelo de Gato Que Vierte la Herramienta con Cuchilla…, 3
Pet-supplies, Jasonwell Cepillo para Perro Pelo Removedores para Mascota Cepillo Deslanador Peine Quita Pelo para Perros y Gatos…, 3
Pet-supplies, Slowton Cortaúñas y reCortador de uñas para mascotas, Tijeras de uñas para mascotas Paw acicalado podadoras con…, 3
Pet-supplies, PetLoft Bolsa de Caca, 240-Cuentas Duradero Biodegradable Perfumada Bolsa de Caca para Perro con EPI-tecnología…, 3
Pet-supplies, Cortapelos Mascotas,Impermeable Eléctrico Clipper para Perros y Gatos,Pet Máquina de Afeitar de Pelo Inalámbrico…, 3
Pet-supplies, AmazonBasics - Comedero para perro (acero inoxidable, 2 unidades), 3
Pet-supplies, Wahl 100% Natural Pet No-Rinse Waterless Shampoo, Coconut Lime Verbena #820015, 3
Pet-supplies, Fancy Pets Pasta Dental para Perro, 90 g, 3
Pet-supplies, PUBAMALL Disfraz de Melena de león para Perro - Melena de león complementaria para Disfraces de Perro (marrón), 4
Pet-supplies, Zumeca Cubierto Asiento Perro, Cubierta Impermeable de Mascotas para el Asiento del Coche Anti-Deslizamiento y Esteras…, 4
Pet-supplies, Coolpet, Collar para perro ajustable. Dog collar de tamaños chico mediano y grande. Suave y resistente collar de mascota…, 4
Pet-supplies, Beneful Purina Salud Radiante Salmón Adultos 7.5 kg, 4
Pet-supplies, Best Friends by Sheri Luxury Shag Fuax Fur Donut Cuddler (Multiple Sizes) –Round Donut Cat and Dog Cushion Bed…, 4
Pet-supplies, Fancy Pets Collar de Entrenamiento, 1.6 mm/35 cm, 4
Pet-supplies, Hill's Science Diet, Alimento para Perro Adulto 7+ años, Seco (bulto) 15kg, 4
Pet-supplies, Red Kite Colibrís Néctar en Bote, 400 g, 4
Pet-supplies, Lean-it - Rascador para rascar, 25 Pulgadas, 4
Pet-supplies, Fancy Pets Cepillo para Gato C/Puntas Redondas, 4
Pet-supplies, Naturance PREMIOS P/PERRO CROQUANT CARNE y PAPA, 1 Pouch, 4
Pet-supplies, Ganador® 25kg, Alimento para Perros Adultos de Razas Medianas y Grandes., 4
Pet-supplies, Wardley Reptile Sticks, 1.5 Kg (Criador), 1 Count, 4
Pet-supplies, Aillvend Cinturón de Seguridad para Perros, Correa de arnés de Seguridad, Ajustable, de Nylon, Negro, Ajustable, 4
Pet-supplies, Pañales LAVABLES y REUTILIZABLES para PERROS HEMBRA por PETTING IS CARING - Paquete de 3 Unidades - Panales para Perras Materiales de la mejor calidad MÁQUINA DURABLE LAVABLE Solución simple para mascotas INCONTINENCIA Pantalones largos para viaje, 4
Pet-supplies, "New World Pet Products B550-24, corralito para mascotas, negro, pequeño / 24 ""x 24""", 5
Pet-supplies, Uplayteck Juguetes para Perros, Pets IQ Treat Ball Pelotas de Juguetes Interactivos para Mascotas Divertido comedero…, 5
Pet-supplies, PetSafe Gentle Leader - Collar para Perro sin tirones, Manzana Verde (Apple Green), Petite Under 5 LB., 5
Pet-supplies, Alfi, Correa de Entrenamiento para Perro, reflejante, 1.50 Metros (Negro), con Dispensador y Bolsa Biodegradable para Excremento, 5
Pet-supplies, "PetAmi Premium Airline Approved Soft-Sided Pet Travel Carrier , 5
Pet-supplies, CatÂ´s Best Bolsa para Cajas de Arena, Oko Plus, color Natural, 8.6 k (18.9 l), 5
Pet-supplies, Royal Canin Croquetas Para Perros Grandes, Maxi Puppy, 15.8 Kg (El Empaque Puede Variar), 5
Pet-supplies, HARTZ Home Protection Odor Eliminating Dog Pads, 5
Pet-supplies, GLURIZ Cubierta Asiento Coche Perro, Funda Coche Perro Mascota Impermeable, Alfombra de Asiento Coche Perro, Protector Coche Perro Antidesliante, 147cm x 137cm, Fácil de Instalar (Negro), 5
Pet-supplies, RedLemon Limpiador para Patas de Perro, Fabricado con Suaves Cerdas de Silicón, Portátil e Ideal para Paseos y Viajes con tu Mascota (Chico), 5
Pet-supplies, American Kennel Club AKC Almohadillas de Entrenamiento, Aroma Fresco, 6
Pet-supplies, GOOBY Every Day Fleece Cold Weather Dog Vest with Hoodie for Small Dogs, Blue, X-Small, 6
Pet-supplies, Fancy Pets Shampoo Essentials, Pelo Dorado, 250 ml, 6
Pet-supplies, Wild Knots - Juguetes de oso para perro, duraderos, tamaño S / M, paquete de 2, -, Variados, Medium/Large Pack of 2, 6
Pet-supplies, Vagalbox Filtros de Repuesto de Carbono para Fuente para Mascotas 4 Paquetes de filtros de tecnología de Carbono Concentrado para el dispensador automático de Agua de Flores para Gatos y Perros, 6
Pet-supplies, "MULTIPET Loofa Dog 12"" Plush Dog Toy, Colors May Vary", 6
Pet-supplies, Royal Canin Comida para Perros, Shih-Tzu 4.54 kg (El empaque puede variar), 7
Pet-supplies, Slowton Guantes removedores de Pelo para mascotas (sólo 2 guantes), cepillo de Deshedding suave guante, removedor de…, 7
Pet-supplies, Wahl 100% Natural Pet No-Rinse Waterless Shampoo Lavender #820014, 7
Pet-supplies, Slowton Cama para Perro Gato Mascota, Donut addler Nest Cálido Suave Felpa Perro Cojín con Acogedor Esponja Antideslizante Inferior para Mascotas Pequeñas Medias Snooze Durmiendo Otoño Interior, Lavable A máquina 50cm/ 60cm (Pequeño - 50cm, Gris), 7
Pet-supplies, Atralife Eléctrico Clipper para Perros y Gatos, USB Recargable Razuradora para Perros, Kit Maquinillas para Mascotas Multifuncional, Pet Máquina de Afeitar con 4 Peines Regulables -Garantía de 2 años, 7
Pet-supplies, Rabbitgoo Arnés y correa para gato para caminar, arneses de chaleco ajustables suaves a prueba de escape para gatos medianos grandes, chaqueta de seguridad para mascotas transpirable de fácil control con tiras reflectantes y 1 anillo de correa de metal, 7
Pet-supplies, Arena Clean & Dry Aglutinante Con Aroma 5Kg, 8
Pet-supplies, Dry Pet Repelente para Perros, 250 ml, 8
Pet-supplies, Gale Pacific Coolaroo Elevated Pet Bed with Knitted Fabric, Verde, Mediano, 8
Pet-supplies, BV 100 Piece Pet Training Pads for Dog and Puppy, Rapid-Dry Technology, 9
Pet-supplies, Earth Rated Dog Poop Bags, 270 Extra Thick and Strong Poop Bags for Dogs, Leak-Proof, Lavender-Scented, 18 Rolls, 15…, 9
Pet-supplies, TXG Eléctrico Clipper para Perros y Gatos, USB Recargable Razuradora para Perros 1200 mAh Horas de Tiempo de Trabajo, Kit Maquinillas para Mascotas Multifuncional con 4 Peines Regulables, 9
Pet-supplies, ALEBRIPETS Cama para Perro Prueba de Agua, cómoda, Lavable, Resistente a rasguños. Tamaño y Color a Escoger. (Jumbo, Negro), 9
Pet-supplies, Premios Trick & Treats pollo yumpers 100gr, 9
Pet-supplies, AmazonBasics Double-Door Folding Metal Dog Crate - Large (42x28x30 Inches), 10
Pet-supplies, PEÑAFIEL, Fresada 600 ml, Botella Pet, 6 piezas, 10
Pet-supplies, Arena Clean & Dry Super Premium 3.3Kg, 11
Pet-supplies, Ganador Premium Cachorro 20 kg, Razas Medianas y Grandes., 11
Pet-supplies, Hi Multipro Alimento Premium Adulto 25kg, 100% Balance Nutricional. con probióticos, Calcio y Proteínas de Alto Valor…, 11
Pet-supplies, Red Kite Colibris Alimentador, 940 ml, 1 Piece, 11
Pet-supplies, "DC Comics Batman Harness for Dogs , 12
Pet-supplies, Perfect Sense Perfect Sense Adulto MLB 8 Kg, 1 Case, 13
Pet-supplies, ALEBRIPETS Cama para Perro Prueba de Agua, cómoda, Lavable, Resistente a rasguños. Tamaño y Color a Escoger. (Grande, Azul), 13
Pet-supplies, Red Kite Alimentador Semillas para Aves, 360 g, 13
Pet-supplies, PETpowder - Control 100% Natural contra pulgas y garrapatas para Mascotas. No tóxico., 14
Pet-supplies, Guantes removedores de Pelo para Mascota (2 Guantes) Perfecto para Perros Gatos Caballos/Guantes de Aseo y Masaje para…, 14
Pet-supplies, Hartz Juguete para Gato Kitty Frenzy 12 Pz, Colores Surtidos, 14
Pet-supplies, Fancypets FL8305 Carda, talla chica, 14
Pet-supplies, ODLICNO Repelente Ultrasónico, 2020 Repelente Electrónico Mejorado en Exterior e Interior para Pulgas,Insectos…, 14
Pet-supplies, Abrigos para perros en climas fríos para perros pequeños, medianos y grandes Actividades al aire libre en interiores…, 15
Pet-supplies, Hill's Science Diet, Snacks Frutales para Alimento para Perro, Arándanos y Avena, 227 gr, 15
Pet-supplies, Lumbor37 Tijeras de uñas para Mascotas Cortauñas Paw Grooming Trimmers con Safety Guard para Evitar el Exceso de Corte…, 15
Pet-supplies, Fancy Pets Correa Retráctil, 15
Pet-supplies, Royal Canin Croquetas para Perros Grandes, Maxi Puppy, 15.8 kg (El empaque puede variar), 15
Pet-supplies, "Stuff It Yourself - Cama para Mascotas, 50,8 x 76,2 cm, Gris, 20"" X 30""", 15
Pet-supplies, Jasonwell Arnés para Perro Pequeño Mediano Grande Sin Tirones Pechera para Perro con 1.2m Correa y Mango de Control Harnes Ajustable Reflectante Transpirable para Caminar Viajar Entrenar Perros Accesorios (Negro, S1), 16
Pet-supplies, Felix Croquetas para Gato, Triple Delicious, Granja, 1.5Kg, 18
Pet-supplies, ODLICNO Repelente Ultrasónico, 2020 Repelente Electrónico Mejorado en Exterior e Interior para Pulgas,Insectos, Mosquitos, Arañas, Hormigas, Ratas, Cucarachas, Insectos, No-Tóxicos, 18
Pet-supplies, Fancypets FL8242 Juguete Eco para Gato, Ratones, 3 Piezas, Colores Surtidos, 18
Pet-supplies, Royal Canin Croquetas Para Razas Medianas, Medium Puppy, 2.72 Kg (El Empaque Puede Variar), 19
Pet-supplies, HappyDoggy bolsa certificada compostable para heces de Mascota. Paquete de 120 bolsas biodegradables en menos de 1 año…, 19
Pet-supplies, Sebami Bomba de Agua Sumergible,Bomba Sumergible Ultra Silencioso 1500L/H (400 GPH Bomba de Circulación para Acuario, Estanque, Tanque de Peces, Fuente, Rocalla, Hidroponía, 19
Pet-supplies, Royal Canin Croquetas para Bulldog, 13.6 kg (El empaque puede variar), 19
Pet-supplies, Vagalbox Filtros de Repuesto de Carbono para Fuente para Mascotas 4 Paquetes de filtros de tecnología de Carbono…, 20
Pet-supplies, Slowton Guantes removedores de Pelo para mascotas (sólo 2 guantes), cepillo de Deshedding suave guante, removedor de pelo de mascotas eficiente, diseño de cinco dedos mejorado, perfecto para perro y gato con pelo largo y corto (1 par), 20
Pet-supplies, Atomzone Arnes para Perro Marca, Pechera Comoda y ergonomica Color Negra Talla Grande, Mediana, y Chica; con Bono de Correa de 1.2 Metros, S (Chica), 20
Pet-supplies, Nupec PENU7138 - AAAAAA Premio para Perros Relax, 180 Gr (El empaque puede variar), 20
Pet-supplies, Slowton Perro para correa, 150cm correa con mango de control de seguridad acolchada suave y altos hilos reflectantes, entrenamiento caminar fuerte tirando montaña escalada cuerda perro correa plomo durable y cómodo soporte para pequeño mediano perro grande (Azul), 20
Pet-supplies, Rabbitgoo Arnes Perro Pecho Grande Mediano Pequeño con Lineas Reflecantes Arnés Antitirones Perros Coche Adiesreamiento…, 21
Pet-supplies, Fancypets FL7283 Juguete Tipo Soga con Pelota, 45 cm, Colores Surtidos, 23
Pet-supplies, [2 en 1] insecticida y atractor – Eficaz 4000 V eléctrico Mosquitos/asesino – Trampa para moscas de insectos, impermeable al aire última intervensión/interior – Lámpara de foco electrónica para patio trasero, patio – 1 Acre, grande, 24
Pet-supplies, RedLemon Limpiador para Patas de Perro, Fabricado con Suaves Cerdas de Silicón, Portátil e Ideal para Paseos y Viajes…, 26
Pet-supplies, TECHVIDA Shedding Tool, Herramienta de Shedding Cepillo para Mascotas Perros & Gato Peine de Limpieza Cortador de Nudo…, 27
Pet-supplies, Outward Hound - Comedero para Perros, Menta, Mint, XS, 27
Pet-supplies, Uplayteck Peines para Gatos,Cepillo de Deshedding, Pelo de Perro y Pelo de Gato Que Vierte la Herramienta con Cuchilla de Corte de Acero Inoxidable - Herramienta de Depilación para Mascota, 27
Pet-supplies, OMorc 2 Cinturón de Seguridad de Coche para Perros, Arnés del Cinturón de Nylon Ajustable Universal para trasportar…, 29
Pet-supplies, Dry Pet FL7182 Tapete Entrenador (Pads), 14 Piezas, 29
Pet-supplies, Cheelom Correa Retráctil para Perros Durable Correa ajustable para perro de 5M para perros pequeños medianos grandes de…, 32
Pet-supplies, Atomzone Arnés para Perro ergonómico con Correa Ajustable - Máxima protección y Comodidad para tu Mascota en Todo Momento S (Chica), 32
Pet-supplies, Cubierta Asiento De Mascota Hamaca, Perro Coche Auto Asiento Trasero Cubierta Estilo Cubierta Anti-Deslizamiento Esteras…, 33
Pet-supplies, Northstates - Puerta de Seguridad, Madera, 33
Pet-supplies, Earth Rated Dog Poop Bags, 270 Extra Thick and Strong Poop Bags for Dogs, Leak-Proof, Lavender-Scented, 18 Rolls, 15 Doggy Bags per Roll, Each Dog Poop Bag Measures 9 x 13 Inches, 35
Pet-supplies, Kong KP3 Cachorro Juguete para Perro, Small, Colores Aleatorios, 36
Pet-supplies, Nupec Alimento Seco para Gatito, 3 kg, 1 Pack, 36
Pet-supplies, Cheelom Correa Retráctil para Perros Durable Correa ajustable para perro de 5M para perros pequeños medianos grandes de hasta 35 kg 360 ° sin enredos, cierre y cierre de un botón dispensador de desechos para perros y bolsas incluidas (negro), 36
Pet-supplies, Arena para gato Scoop Away (19.0 kg), 36
Pet-supplies, Premios Trick & Treats pay de manzana 150gr, 36
Pet-supplies, Alimento para Gato Adulto, Hill's Science Diet, Receta Original, Seco (bulto) 1.8kg, 37
Pet-supplies, Fancypets FL8483 Recogedor para Desechos, talla grande, 38
Pet-supplies, Earth - Bolsas de basura para perros con dispensador de bolsas, lavanda-aromatizado , 1 Dispenser, 30 Bags, 40
Pet-supplies, Rabbitgoo Arnés y correa para gato para caminar, arneses de chaleco ajustables suaves a prueba de escape para gatos…, 40
Pet-supplies, Royal Canin Croquetas de Cachorros, Mini Puppy, 5.89 kg, (El empaque puede variar), 40
Pet-supplies, Dispensador de correa clasificado a la Tierra para bolsas de residuos de perros, incluye 30 bolsas de caca de lavanda, 41
Pet-supplies, Arena Clean & Dry Aglutinante 3Kg, 41
Pet-supplies, Hill's Science Diet, Alimento para Perro Adulto Receta Original, Seco (bulto) 2.3kg, 42
Pet-supplies, Antiparasitario para Perro, Collar de Protección de 8 Meses, contra Pulgas, Garrapatas y Mosquitos, SERESTO,Anti Insect…, 44
Pet-supplies, AKC Almohadillas de Entrenamiento, Aroma Fresco, 45
Pet-supplies, Dog Chow Comida para Perro Longevidad Senior Edad Madura Todos los Tamaños con Extralife 7.5 kg, 46
Pet-supplies, Earth Rated Dog Waste Bags with Poop Bag Dispenser, 47
Pet-supplies, "Gooby 72106 Chaqueta de forro polar con anillo de correa para perros pequeños, Azul, X-Small chest (~10"")", 48
Pet-supplies, Fancy Pets Plato Plegable para Viaje, Colores Surtidos, 48
Pet-supplies, Bayer Collar antiparasitario 8 Meses de protección Perros Grandes seresto (El empaque puede variar), 50
Pet-supplies, Fancypets FL7228 Hueso de Hilo, 53
Pet-supplies, Fancy Pets Bolsa Palitos Natural, 20 Piezas, 54
Pet-supplies, Felix Croquetas para Gato, Triple Delicious Mar, 1.5Kg, 55
Pet-supplies, MG+ Quitapelos y Rodillos para Mascotas, Removedor de pelo para mascotas, Quita Pelo para Perros y Rodillo de Pelo para Mascotas en uno. Elimina el Pelo de Perro, Gato de Muebles, alfombras, Ropa de Cama, Ropa y más, 56
Pet-supplies, Hill's Science Diet, Alimento para Gato Adulto Indoor, Seco (bulto) 1.6kg, 56
Pet-supplies, Petmate Litter Pan, Medium, Color may vary, Colores Surtidos, 56
Pet-supplies, Pogi's Poop Bags - Bolsas para excremento de Perro - 10 Rollos no perfumados (150 Bolsas) - Grandes, Biodegradables, Herméticas, 58
Pet-supplies, Uplayteck Juguetes para Perros, Pets IQ Treat Ball Pelotas de Juguetes Interactivos para Mascotas Divertido comedero para Perros con Alimentación Lenta, Alimentador Premios para Perros y Gatos, 59
Pet-supplies, Nupec Croquetas para Perros, Cachorro R.P, 2 kg (El empaque puede variar), 60
Pet-supplies, Cepillado de guantes de baño para perros Higiene Eliminación de pelo de mascotas-RFAIKA Cepillo de guantes de maquillaje…, 61
Pet-supplies, Antiparasitario para Perro, Collar de Protección de 8 Meses, contra Pulgas, Garrapatas y Mosquitos, SERESTO,Anti Insect Mosquitoes Waterproof, para Perros Total grandes, medianos, pequeños, 63
Pet-supplies, FELIX Alimento Húmedo Sabor Salmon, Paquete con 24 Pzas de 85g, 64
Pet-supplies, KONG Extreme Dog Pet Toy Dental Chew (2 Pack), Small, 64
Pet-supplies, rabbitgoo Arnes Perro Pecho Grande Mediano Pequeño con Lineas Reflecantes Arnés Antitirones Perros Coche Adiesreamiento Bicicleda Correr Chaleco Acolchado Ajustable Tamaño Pequeño Negro, 65
Pet-supplies, Fancy Pets Mueble Rascador para Gato, Arco, 50 cm, 72
Pet-supplies, Guantes removedores de Pelo para Mascota (2 Guantes) Perfecto para Perros Gatos Caballos/Guantes de Aseo y Masaje para Mascota/Cepillo para retirar Pelo (Incluye 2 Piezas) (Par) (1 par ï¼ˆazulï¼‰), 74
Pet-supplies, KONG T2 Clásico Juguete para Perro, Medium, 74
Pet-supplies, Zumeca Cubierta Impermeable de Mascotas para el Asiento del Coche Anti-Deslizamiento y Blegable Esteras de Coches para…, 76
Pet-supplies, Cat Chow Purina Comida para Gato Adulto Hogareños 3Kg, 77
Pet-supplies, Dog Chow Comida para Perro Cachorro Minis y Pequeños con Extralife 4 Kg, 78
Pet-supplies, PEÑAFIEL, Fresada 2 l, Botella Pet, 4 piezas, 79
Pet-supplies, rabbitgoo Arnes Perro Pecho Grande Mediano Pequeño con Lineas Reflecantes Arnés Antitirones Perros Coche Adiesreamiento Bicicleda Correr Chaleco Acolchado Pechera Ajustable Tamaño Grande (Naranja, S), 81
Pet-supplies, Schweppes, Ginger Ale 1 L, Botella Pet, 12 Piezas, 81
Pet-supplies, Cat Chow Purina Comida para Gato Adulto Pescado 3Kg, 84
Pet-supplies, Fancy Pets Juguete para Gato Cilindro con Lienzos, 4 cm, 85
Pet-supplies, Fancypets Comedero Doble con 2 Platos, 16 oz, 88
Pet-supplies, Fancy Pets Ungüento Hidratante y Reparador, 40 g, 88
Pet-supplies, Royal Canin Croquetas Para Perros Grandes, Maxi Puppy, 2.72 Kg (El Empaque Puede Variar), 93
Pet-supplies, Fresh Step Advanced Extreme Clumping Cat Litter with Odor Control - Mountain Spring Scent, 18.5 LB, 96
Pet-supplies, Mindful Pet Bolsas Biodegradables con Asa para popó de Perro Kit con 240 Bolsas (16 Rollos) + 1 Dispensador., 97
Pet-supplies, Earth Rated Dog Poop Bags, 120 Extra Thick and Strong Poop Bags for Dogs, Guaranteed Leak-proof, Unscented, 8 Rolls, 15 Doggy Bags Per Roll, Each Dog Poop Bag Measures 9 x 13 Inches, 98
Pet-supplies, American Pet AM00040 Pasto Timothy Gold, Bolsa de 24oz, 100
Pet-supplies, Lumbor37 Tijeras de uñas para Mascotas Cortauñas Paw Grooming Trimmers con Safety Guard para Evitar el Exceso de Corte para Puppy Doggie Kitty, 105
Pet-supplies, Cortapelos Mascotas,Impermeable Eléctrico Clipper para Perros y Gatos,Pet Máquina de Afeitar de Pelo Inalámbrico Recargable Profesional de 2 Velocidades , Bajo Ruido, Rasuradoras Eléctricas,Recortador Perros, 108
Pet-supplies, MG+ Quitapelos y Rodillos para Mascotas, Removedor de pelo para mascotas, Quita Pelo para Perros y Rodillo de Pelo para…, 119
Pet-supplies, Fancypets TX11134 Cojín para Cama de Plástico, Color café, Grande (77 x 51 cm), 128
Pet-supplies, AmazonBasics - Bolsa mejorada para heces de perro con aditivos EPI y dispensador y pinza para correa - 540 unidades, 130
Pet-supplies, Red Kite Colibrís Alimentador Mini, 68 ml, 134
Pet-supplies, Hi Multipro Alimento Premium para Perro Adulto 15kg. con probióticos y Proteínas de Alto Valor biológico, 149
Pet-supplies, Fancypets TX11135 Cojín para Cama de Plástico, Color café oscuro, Extra Grande (90 x 69 cm), 158
Pet-supplies, rabbitgoo Arnes Perro Pecho Grande Mediano Pequeño con Lineas Reflecantes Arnés Antitirones Perros Coche Adiesreamiento Bicicleda Correr Chaleco Acolchado Pechera Ajustable Tamaño Pequeño Azul, 160
Pet-supplies, Jasonwell Arnés para Perro Pequeño Mediano Grande Sin Tirones Pechera para Perro con 1.2m Correa y Mango de Control Harnes Ajustable Reflectante Transpirable para Caminar Viajar Entrenar Perros Accesorios (Negro, L1), 170
Pet-supplies, Nupec Alimento Seco para Perro Raza Pequeña Senior, 8 kg, 1 Pack, 171
Pet-supplies, Un Dos Treats Catgrass Pasto de Trigo para Gatos, 1 Can, 172
Pet-supplies, Cepillado de guantes de baño para perros Higiene Eliminación de pelo de mascotas-RFAIKA Cepillo de guantes de maquillaje para caballos y perros, el diseño de cinco dedos puede resolver eficazmente gatos y perros de pelo corto y pelo largo, 179
Pet-supplies, Cat Chow Gatitos 1 a 12 Meses 1.5 Kg, 1 Count, 182
Pet-supplies, Earth Rated Dog Poop Bags, 120 Extra Thick and Strong Poop Bags for Dogs, Guaranteed Leak-proof, Unscented, 8 Rolls, 15…, 184
Pet-supplies, Fancy Pets Colchoneta Ortopédica Buggie, color Azul, Chica, 199
Pet-supplies, HARTZ Groomer's Best Fur Fetcher De-Shedder Cat Brush, 202
Pet-supplies, ALEBRIPETS Cama para Perro, Exterior a Prueba de Agua, cómoda, Lavable, Resistente a rasguños, 100% Mexicana (tamaño y Color a Escoger), 204
Pet-supplies, Pañales LAVABLES y REUTILIZABLES para PERROS HEMBRA por PETTING IS CARING - Paquete de 3 Unidades - Pañales para Perras…, 209
Pet-supplies, Fancy Pets Juguete de Caucho Aro con Cuerda, 211
Pet-supplies, Nupec Croquetas para Perros, Sensitive, 15 kg (el empaque puede variar), 213
Pet-supplies, Jasonwell Arnés para Perro Pequeño Mediano Grande Sin Tirones Pechera para Perro con 1.2m Correa y Mango de Control…, 224
Pet-supplies, Royal Canin Croquetas para Perros Grandes, Maxi Adult, 15.8 kg (El empaque puede variar), 227
Pet-supplies, Red Kite Colibrís Néctar Liquido, 2 l, 235
Pet-supplies, Atomzone Arnés para Perro ergonómico con Correa Ajustable - Máxima protección y Comodidad para tu Mascota en Todo…, 239
Pet-supplies, Fancy Pets Juguete de Caucho Hueso para Premio, 243
Pet-supplies, Comida para Perros Adultos, Dog Chow, Razas Minis y Pequeñas, 7.5 kg, 245
Pet-supplies, Hill's Science Diet, Alimento para Perro Adulto Raza Pequeña, Seco (bulto) 2kg, 256
Pet-supplies, Fancy Pets Repuesto Doggie Grass De Tapete Entrenador Con Pasto Sintético, Tamaño Chico, 260
Pet-supplies, Cubierta Asiento De Mascota Hamaca, Perro Coche Auto Asiento Trasero Cubierta Estilo Cubierta Anti-Deslizamiento Esteras de Coches (Hojas de Café), 260
Pet-supplies, Ganador® Premium 20kg, Alimento para Perros Adultos de Razas Medianas y Grandes., 261
Pet-supplies, Royal Canin Breed Health Nutrition, Yorkshire, Standart, standart, 4,53kg, 261
Pet-supplies, Fancypets FL8173 Plato de Acero Ligero, 24 oz, 262
Pet-supplies, Ganador Premium 20kg, Alimento para Perros Adultos de Razas Medianas y Grandes., 263
Pet-supplies, ALEBRIPETS Cama para Perro, Exterior a Prueba de Agua, cómoda, Lavable, Resistente a rasguños, 100% Mexicana (tamaño y…, 265
Pet-supplies, Hill's Science Diet, Treats de Entrenamiento para Alimento para Perro, Suaves y masticables, Pollo, 286
Pet-supplies, Earth Rated Bolsas con Aroma a Lavanda para Desechos de Perro, 120 Unidades, 8 Rollos de Repuesto, 294
Pet-supplies, GranVic Cortauña con Lima para Perro Gato, Tijeras de Uñas Cortador de Acero Inoxidable, Recortadora de Uñas Profesional, Higiene Cuidado de las Uñas para Mascota, Perros Grandes, Pastor aleman, Alaska, Golden Retriever, Pitbull (Grande), 305
Pet-supplies, Fancy Pets  Doggie Grass Tapete Entrenador Con Pasto Sintético, Tamaño Chico, 306
Pet-supplies, Nupec - Croquetas para Perros, Cachorro, Sabor a Carne, 2 kg (El empaque puede variar), 310
Pet-supplies, Nupec - Croquetas para Perros, Adulto, Sabor a Carne, 2 kg (Empaque puede variar), 310
Pet-supplies, TXG Eléctrico Clipper para Perros y Gatos, USB Recargable Razuradora para Perros 1200 mAh Horas de Tiempo de Trabajo…, 311
Pet-supplies, KONG Extreme Dog Toy (2 Pack), X-Large, 324
Pet-supplies, Royal Canin Croquetas para Chihuahua, 4.53 kg (El empaque puede variar), 330
Pet-supplies, Red Kite Colibrís Néctar Liquido, 1 gal, 366
Pet-supplies, Red Kite Colibrís Néctar Liquido, 1.5 l, 369
Pet-supplies, rabbitgoo Arnes Perro Pecho Grande Mediano Pequeño con Lineas Reflecantes Arnés Antitirones Perros Coche Adiesreamiento…, 387
Pet-supplies, GranVic Cortauña con Lima para Perro Gato, Tijeras de Uñas Cortador de Acero Inoxidable, Recortadora de Uñas Profesional…, 402
Pet-supplies, Nupec Croquetas para Perros, Cachorro, 2 kg (El empaque puede variar), 404
Pet-supplies, Nupec Croquetas para Perros, Adulto, 2 kg (El empaque puede variar), 404
Pet-supplies, Dog Chow Comida para Perros Adultos Medianos y Grandes con Extralife 7.5kg, 405
Pet-supplies, Fancy Pets Doggie Grass Tapete Entrenador Con Pasto Sintético, Tamaño Chico, 408
Pet-supplies, Felix Croquetas para Gato, Megamix, 1.5Kg, 408
Pet-supplies, American Kennel Club AKC Almohadillas de Entrenamiento, con Aroma a Lavanda, 409
Pet-supplies, Fancy Pets Plato de Acero Ligero, 16 oz, 451
Pet-supplies, Nupec PENU7135 - AAAAAA Premio para Perros Dental Care, 180 Gr (El empaque puede variar), 460
Pet-supplies, Beneful Minis Salmon Adultos Raza Pequeña 10 Kg, 1 Pouch, 462
Pet-supplies, "Fresh Step Arena para Gato Extreme con Febreze , 483
Pet-supplies, Fancy Pets Kit Dental con Pasta y Cepillo, 508
Pet-supplies, Nupec Croquetas para Perros, Cachorro R.P, 8 kg (El empaque puede variar), 515
Pet-supplies, , 540
Pet-supplies, Nupec Comida para Perros Weight Control, Sabor a Carne, 15 kg, 548
Pet-supplies, Fancy Pets Cama Maltes, 557
Pet-supplies, Furminator para Perros, Herramienta de deshedding para Perros, Cabello Corto, Standard Edition, Pequeño, 574
Pet-supplies, Nupec Comida para Perros, Senior, Sabor a Carne, 15 kg, 576
Pet-supplies, Fancy Pets Juguete de Caucho Pelota Spiny, 578
Pet-supplies, AmazonBasics - Bolsa mejorada para heces de perro con aditivos EPI y dispensador y pinza para correa - 270 unidades, 584
Pet-supplies, Nupec Alimento Seco para Gato Adulto, 3 kg, 1 Pack, 672
Pet-supplies, Fancy Pets Catnip para Gatos, 28 g, 672
Pet-supplies, Dry Pet Tapete Entrenador (Pads), 50 Piezas, 680
Pet-supplies, Purina - Cat Chow Comida para Gato, Adulto, Deli Mix, 15.0 kg, 693
Pet-supplies, Lazy Bones Pratiko Pet Carrier, grande, 55 x 36 x 36 cm, colores surtidos, 693
Pet-supplies, Tidy Cats 24/7 Performance, 4.5 kg, 708
Pet-supplies, Fancy Pets Collar con Ultra Grip y Bandas Reflejantes, color Azul, Chico, 708
Pet-supplies, Fancypets Atrayente para Cachorros, 710
Pet-supplies, AmazonBasics - Empapadores de adiestramiento para mascotas y cachorros, muy resistentes, XL, 25 unidades, 711
Pet-supplies, Royal Canin Croquetas para Razas Pequeñas, Mini Adult, 6.35 kg (El empaque puede variar), 713
Pet-supplies, Fancy Pets Rascador de Onda para Gato, 44 cm, 713
Pet-supplies, Beneful Purina Original Carne Adulto 10.1 kg, 713
Pet-supplies, Equilibrium Artroflex Complemento Alimenticio, Color Morado, Todos los Tamaños, 714
Pet-supplies, Red Kite Colibrís Alimentador Natural, 470 ml, 714
Pet-supplies, MPS Komoda Inodoro para gatos, Colores surtidos, 714
Pet-supplies, Nupec Croquetas para Perros, Adulto R.P, 2 kg (El empaque puede variar), 714
