Software, Microsoft 365 Familia, 714
Software, "Microsoft Office 365 Personal , 715
Software, Microsoft 365 Personal, 714
Software, CLIP STUDIO PAINT PRO - NEW Branding - for Microsoft Windows and MacOS, English Version, 712
Software, Microsoft Office 365 Hogar Premium (5PC o Mac), 714
Software, Microsoft Office 365 Personal para Windows y Mac - 1 Usuario Pc/Mac + 1 usuario Tableta, 714
Software, Corel PaintShop Pro 2020 - Photo Editing and Graphic Design Software [PC Disc], 90
Software, "Microsoft Office 365 Home , 715
Software, HonestechTwister, 713
Software, Vidbox Video Conversion for Mac, 713
Software, OfficeSuite Home & Business 2020 - licencia completa - Compatible con Microsoft® Office Word, Excel, PowerPoint® para PC Windows 10 8.1 8 7 (1PC/1Usuario), 303
Software, Microsoft Windows 10 Pro 32/64-bit, Box Pack, 1 License, 715
Software, Mini Smart LED 5050/3528 Colorido Tira de Luz Aplicación Gratuita Inalámbrica Control Remoto para iOS Android, 713
Software, ASHATA Traductor Auricular Bluetooth Inalámbrico， Traducción de Auricular Inteligente Oreja Sola para Android y iOS,Interpretación Simultánea en Tiempo Real,Apoyo 28 Idiomas,A2DP / HFP/BLE(Azul), 136
Software, CLIP STUDIO PAINT PRO - NUEVO - para Microsoft Windows y MacOS, Version en español, 713
Software, Lápiz U Disk portátil, 5 en 1 bolígrafo Disco de Memory Stick U, lápiz de Almacenamiento Memory Stick Memory Stick para Varias Marcas de PC y computadoras compatibles(64G), 74
Software, Dazzle DVD Recorder HD English, 713
Software, Roxio Easy VHS to DVD 3 Plus - Video to DVD Converter with 2 Extra DVDs - Exclusive [Key Card], 435
Software, Kalaok Estudio de grabación Insonorizado Cuña Espuma Sala de video Sonido Aislamiento de ruido Esponja Muro de aislamiento, 293
Software, Steinberg Key License Control Device - Software de licencias y actualizaciones, 715
Software, "Corel CorelDRAW Graphics Suite 2020 , 713
Software, Microsoft OEM Windows 10 Home, 64-Bit, 1-Pack, DVD, 712
Software, Sistema Operativo Microsoft Windows 10 Pro, 702
Software, Microsoft Office Hogar y Estudiantes 2016, 715
Software, Panasonic RF-P50 Pocket Am/FM Radio, Silver, 212
Software, Roxio Easy VHS to DVD with Video Capture USB Device, Box Pack, 1 User, 697
Software, Acer AH101-D8EY Windows Mixed Reality Headset and 2 Wireless Controllers, 715
Software, Baugger Estudio de grabación Esponja de aislamiento de sonido - Estudio de grabación Espuma de cuña insonorizada Sala de video Espuma de aislamiento de ruido Esponja Aislante de pared - Azul, 182
Software, Datacolor SpyderCheckr SCK100, 86
Software, Zotac ZT-P10710B-10P Tarjeta de Video, 70
Software, Native Instruments Maschine Mikro MK2 Estudio de producción de Ranura, Negro, 35
Software, Microsoft 79G-05210 Office Hogar y Estudiante 2019, 8 GB, Plateado/Negro, 679
Software, Richer-R Auriculares Inalámbricos,Auriculares Bluetooth,Traductor Inteligente Portátil,Auricular de Traducción Apoyo 22 Idiomas para Aprender, Viajar, Negocios y Reuniones. (Azul), 306
Software, EC Line EC-5890X - Terminal de punto de venta (POS, Térmica directa, 384 dots/line, Alámbrico, USB, Windows 2000, Windows 2000 Professional, Windows 98, Windows 98SE, Windows ME, Windows NT, Windows X), 306
Software, Sistema Operativo Microsoft Windows 10 Home, 184
Software, IRISPen Air 7, IRISPen Air 7, 700
Software, Yardwe Controlador Remoto con Caja de Almacenamiento de contenedores de 6 Rejillas, Soporte de teléfono Transparente, cosmético, 27
Software, Corel PaintShop Pro 2020 Ultimate - Photo Editing & Graphic Design with ParticleShop Plugin and 5-Brush Starter Pack [PC Disc], 41
Software, Dazzle DVD Recorder - Old Version, 27
Software, CLIP STUDIO PAINT PRO, 643
Software, Easy VHS to DVD 3 Plus, 627
Software, Synology IP Camera License Pack for 1 (CLP1), 257
Software, Tripp Lite MR2208G Soporte de Cristal para Monitor/Portátil, Patas de Aluminio, 381
Software, Windows Server Standard 2016 por Core 16 Microsoft, 27
Software, CorelDRAW Home & Student Suite 2019 for Windows  [PC Disc], 15
Software, Akabsh - Blusa de manga larga con botones sueltos, 15
Software, Microsoft Windows 10 Pro - Sistemas operativos (Fabricante de equipos originales (OEM), Full packaged product (FPP), 1 licencia(s), 20 GB, 2 GB, 1 GHz), 15
Software, Women Bags Handbag Shoulder Bags PU Leather Fashion Crossbody Purse, Black, 239
Software, Image Line FL Studio 20 Producer Edition Mac/Windows software de codificación de barra, 122
Software, Mackie Comprobador de cables, interruptor de 6 vías de prueba de conector alimentado por batería (MTest-1), 589
Software, Captura de Video,Tarjeta de Captura de Juegos HDMI USB 2.0, Dispositivo de grabación de Video Full HD 1080p 60FPS para transmisión Continua en Vivo para MPEG4 / MPEG2 / MPEG1, 93
Software, , 410
Software, Cherry-Lee Autofocus Webcam 1080p HD Free-Drivers Cámara Web con micrófono Cámara de computadora para videoconferencia Enseñanza en línea, 92
Software, Learn English: Rosetta Stone Bonus Pack ( Online Access + Book Set), 326
Software, AOMEI Partition Assistant Professional - Actualizaciones gratuitas de por vida - Descarga digital, 84
Software, Juego de brochas de maquillaje Laimeng_world 2018 de la marca Clearance Deals, 20 piezas de brochas de maquillaje, kit de herramientas cosméticas para regalo de San Valentín, E, B, 97
Software, Balscw-F Inteligente 28 Idioma instantáneo portátil traductor Auricular Voz Dispositivo inalámbrico Bluetooth Auriculares de Negocios, Negro, 225
Software, Learn French: Rosetta Stone Bonus Pack ( Online Access + Book Set), 87
Software, Adobe Acrobat, 20
Software, Microsoft 365 Empresa, 102
Software, JinMi European Fake Books Photo Props Libros Decorativos Adornos en Caja Simulación Booksmodern Classic Beautiful Home Furnishing, 117
Software, VEGAS Movie Studio 14 Suite – The complete suite for video editing, 427
Software, ULTECHNOVO Sensor de Temperatura 5Pcs Ntc 3950 Termistor de Sensor de Temperatura de Un Extremo Sellado de Vidrio Blanco 100K 1% Resistente a 300 Grados, 109
Software, Controlador de Motores, Eléctrico Regulador de Velocidad de Motor PWM de Bajo Voltaje de DC 1.8V-12V 2A, Interruptor de Controlador Ajustable de Regulación de Velocidad Constante, 109
Software, Typing Instructor for Kids Platinum 5, 104
Software, Microsoft Office Hogar y Empresas 2016, 184
Software, Mugast Proyector holográfico 3D para Publicidad en el Mercado, Ultra-Density LED Rotating Imaging, 150 ° Vision, Larga Vida útil, Ahorro de Espacio(Black), 115
Software, Pinnacle Studio 23 Ultimate - Advanced Video Editing and Screen Recording [PC Disc], 389
Software, Suzuki Violin School CD, Volume 1, 96
Software, Avid Db25-Xlr M+F AES/Ebu Digisnake 12' 16 canales (99402964500), 109
Software, Amplificador de guitarra Altavoz, Alta Sensibilidad, 5 W Amplificador de Guitarra Eléctrica Altavoz Control de Volumen Accesorio, 122
Software, Ableton Live 10 Suite 1 licencia(s) Electronic Software Download (ESD) - Software de licencias y actualizaciones (1 licencia(s), Electronic Software Download (ESD)), 109
Software, fineshelf Cámara Web Cámara Web HD de 1080p con micrófono estéreo omnidireccional Incorporado Micrófono automático con cancelación de Ruido, no se requieren Controladores Cámara de computadora, 118
Software, POPETPOP Alimentador automático de Peces Acuario del Tanque Temporizador alimentador Vacaciones Auto alimentador de Peces, 116
Software, Monitor de cuerda básico, 95
Software, Microsoft Office Hogar y Empresa 2019, 576
Software, ACID Music Studio 10, 333
Software, EDC Túnica de manga larga con botón, casual, suelta, lisa, talla grande, M-5XL, 260
Software, Restaurante Sistema de Llamadas de Paginación de Invitados con 1 Transmisor + 20 Localizadores Receptores -107dBm Sistema de Llamada de Cola Inalámbrica de Alta Sensibilidad 3 Modos de Indicación., 129
Software, Sweet Home 3D - Planificador de diseño de interiores con 1100 modelos 3D adicionales y un manual impreso, ideal para arquitectos y planificadores, para Windows 10-8-7-Vista-XP y MAC, 137
Software, Vegas Pro 14, 144
Software, Learn French: Rosetta Stone French - Level 1, 141
Software, Corel VideoStudio Pro X10, 147
Software, Kalaok V8 Tarjeta de sonido en vivo actualizada Volumen inteligente Mezclador de audio ajustable Tarjeta de sonido para computadora PC Sonido en vivo, 111
Software, Synology IP Camera License Pack for 4 (CLP4), 282
Software, Smart Caregiver Basic Pull String Monitor, 49
Software, VEGAS Movie Studio 14 - Create videos fast and easy with this movie editing software, 349
Software, VGEBY Luz de la Secuencia del Arce, Luces de la Secuencia de la Hoja de Arce con Pilas de 30 LED para la decoración casera del Banquete de Boda, 91
Software, Baugger Estudio de grabación Esponja de aislamiento de sonido - Estudio de grabación Espuma de cuña insonorizada Sala de video Espuma de aislamiento de ruido Esponja Aislamiento de pared-Negro, 89
Software, Adobe Photoshop Elements 2020 & Premiere Elements 2020 [PC/Mac Disc], 154
Software, Windows Pro 10 Spanish para PC, 334
Software, EarMaster 7 Professional - Ear Training, Sight-Singing, Rhythm Trainer, 189
Software, GYZCYQ funda transparente, patrón de diamante 3D transparente a prueba de golpes, delgada suave TPU Air Cushion tecnología Drop Protection Cover para mujeres y niñas, compatible para iPhone X y Xs (blanco), Blanco, 50
Software, Partituras Personal, Papel de escritura de manuscrito estándar de 5 líneas para la composición de notas y símbolos musicales del compositor de canciones - 50 páginas(1# amarillo), 50
Software, Adafruit Audio FX - Placa de sonido WAV/OGG con flash de 16 MB, 191
Software, Lozeguyc - Funda para iPhone XS Max de lujo, con soporte para anillos, suave silicona TPU a prueba de golpes, carcasa de cuerpo completo con pedrería de estrás y soporte giratorio de 360 grados para iPhone XS Max, Rosado, iPhone XS Max[6.5 Inch], 34
Software, Lozeguyc - Funda para iPhone XS Max de lujo, con soporte para anillos, suave silicona TPU a prueba de golpes, carcasa de…, 261
Software, Baugger Estudio de grabación Esponja de aislamiento de sonido - Estudio de grabación Espuma de cuña insonorizada Sala de…, 245
Software, GYZCYQ funda transparente, patrón de diamante 3D transparente a prueba de golpes, delgada suave TPU Air Cushion…, 118
Software, Partituras Personal, Papel de escritura de manuscrito estándar de 5 líneas para la composición de notas y símbolos…, 475
Software, OfficeSuite Home & Business 2020 - licencia completa - Compatible con Microsoft® Office Word, Excel, PowerPoint® para PC…, 393
Software, VGEBY Luz de la Secuencia del Arce, Luces de la Secuencia de la Hoja de Arce con Pilas de 30 LED para la decoración…, 98
Software, Kalaok V8 Tarjeta de sonido en vivo actualizada Volumen inteligente Mezclador de audio ajustable Tarjeta de sonido para…, 100
Software, Richer-R Auriculares Inalámbricos,Auriculares Bluetooth,Traductor Inteligente Portátil,Auricular de Traducción Apoyo 22…, 336
Software, EC Line EC-5890X - Terminal de punto de venta (POS, Térmica directa, 384 dots/line, Alámbrico, USB, Windows 2000…, 409
Software, Balscw-F Inteligente 28 Idioma instantáneo portátil traductor Auricular Voz Dispositivo inalámbrico Bluetooth…, 67
Software, Cat 6 Ethernet Cable 25 ft White Flat - Solid Internet Network Lan patch cord – Cat6 High Speed Computer wire With clips…, 407
Software, Microsoft Windows Server 2016 Standard 2 licencia(s) Point of Sale (PoS) Inglés - Software de licencias y…, 182
Software, Cyberlink PowerDVD 20 Ultra: Most Powerful Media Player for PCs, 179
Software, Nuance Dragon USB Headset, 211
Software, KUMTZO - Carcasa protectora para iPhone 11 Pro Max (TPU suave, antiarañazos, antigolpes, con patrón de diamantes…, 352
Software, "ELO 1723L Monitor LCD with Touchscreen 17"", 1280x1024", 186
Software, Juego de brochas de maquillaje Laimeng_world 2018 de la marca Clearance Deals, 20 piezas de brochas de maquillaje, kit…, 311
Software, Teléfono Retro/Antique/Madera Maciza Rotatorio/Tonos mecánicos y diales metálicos, con Cable de Madera y latón (Tamaño…, 179
Software, POPETPOP Tubo de alimentación de camarón, sólido Acrílico Transparente Bandeja de Tubo de comedero de camarón para…, 192
Software, Rosetta Stone Lifetime Agnostic, 199
Software, SUPVOX 2pcs Orquesta Baton Music Conductor Baton Concert Musical Accssory con Estuche (Negro + Marrón), 221
Software, Guitar Pro 7 - Tablature and Notation Editor, Score Player, Guitar Amp and FX Software, 255
Software, Learn to Play Chess with Fritz and Chesster, 185
Software, Lazmin PWM DC Controladores de Velocidad del Motor, 9-60V 20A 1200W 25KHz Regulador de Voltaje electrónico Regulador del…, 185
Software, Kullervo [Importado], 198
Software, Restaurante Sistema de Llamadas de Paginación de Invitados con 1 Transmisor + 20 Localizadores Receptores -107dBm…, 117
Software, Microsoft Windows 8.1 - Sistemas operativos (Full packaged product (FPP), ENG, DVD), 195
Software, Microsoft Windows 10 Pro - Sistemas operativos (Fabricante de equipos originales (OEM), Full packaged product (FPP), 1…, 69
Software, Adobe Premiere Elements 2020 [PC/Mac Disc], 140
Software, Magix Movie Edit Pro 2018 - El programa Que Hace divertida Edición de Vídeo, 136
Software, Office 365 Hogar suscripción, 118
Software, POEO Cámara de Documentos USB de Alta Definición, Escáneres Portátiles con la Toma de Imágenes Inteligentes para la…, 97
Software, Cherry-Lee Autofocus Webcam 1080p HD Free-Drivers Cámara Web con micrófono Cámara de computadora para videoconferencia…, 73
Software, Corel Pinnacle Studio 20 Standard - Software de video (Caja, Inglés, Francés, 3GP, AVCHD, AVI, DivX, H.263, HDV, MPEG1…, 68
Software, Acronis Disk Director 12, 3
Software, LeapFrog Olivia Learning Game (Works with LeapPad Tablets, LeapsterGS, and Leapster Explorer) by LeapFrog Enterprises, 50
Software, FL Studio 20 Fruity Edition (caja), 16
Software, Corel PDF Fusion, Mini-Box, 1u, ENG - Software de gráficos (Mini-Box, 1u, ENG, Inglés, Caja, PC, 250 MB, 512 MB, 1.3 GHz…, 16
Software, Acronis Disk Director 12, 3
Software, Microsoft Windows 10 Pro - Sistemas operativos (Fabricante de equipos originales (OEM), Full packaged product (FPP), 1 licencia(s), 20 GB, 2 GB, 1 GHz), 15
Software, Akabsh - Blusa de manga larga con botones sueltos, 15
Software, CorelDRAW Home & Student Suite 2019 for Windows  [PC Disc], 15
Software, Corel PDF Fusion, Mini-Box, 1u, ENG - Software de gráficos (Mini-Box, 1u, ENG, Inglés, Caja, PC, 250 MB, 512 MB, 1.3 GHz…, 16
Software, FL Studio 20 Fruity Edition (caja), 16
Software, Adobe Acrobat, 20
Software, Windows Server Standard 2016 por Core 16 Microsoft, 27
Software, Dazzle DVD Recorder - Old Version, 27
Software, Yardwe Controlador Remoto con Caja de Almacenamiento de contenedores de 6 Rejillas, Soporte de teléfono Transparente, cosmético, 27
Software, Lozeguyc - Funda para iPhone XS Max de lujo, con soporte para anillos, suave silicona TPU a prueba de golpes, carcasa de cuerpo completo con pedrería de estrás y soporte giratorio de 360 grados para iPhone XS Max, Rosado, iPhone XS Max[6.5 Inch], 34
Software, Native Instruments Maschine Mikro MK2 Estudio de producción de Ranura, Negro, 35
Software, Corel PaintShop Pro 2020 Ultimate - Photo Editing & Graphic Design with ParticleShop Plugin and 5-Brush Starter Pack [PC Disc], 41
Software, Smart Caregiver Basic Pull String Monitor, 49
Software, LeapFrog Olivia Learning Game (Works with LeapPad Tablets, LeapsterGS, and Leapster Explorer) by LeapFrog Enterprises, 50
Software, Partituras Personal, Papel de escritura de manuscrito estándar de 5 líneas para la composición de notas y símbolos musicales del compositor de canciones - 50 páginas(1# amarillo), 50
Software, GYZCYQ funda transparente, patrón de diamante 3D transparente a prueba de golpes, delgada suave TPU Air Cushion tecnología Drop Protection Cover para mujeres y niñas, compatible para iPhone X y Xs (blanco), Blanco, 50
Software, Balscw-F Inteligente 28 Idioma instantáneo portátil traductor Auricular Voz Dispositivo inalámbrico Bluetooth…, 67
Software, Corel Pinnacle Studio 20 Standard - Software de video (Caja, Inglés, Francés, 3GP, AVCHD, AVI, DivX, H.263, HDV, MPEG1…, 68
Software, Microsoft Windows 10 Pro - Sistemas operativos (Fabricante de equipos originales (OEM), Full packaged product (FPP), 1…, 69
Software, Zotac ZT-P10710B-10P Tarjeta de Video, 70
Software, Cherry-Lee Autofocus Webcam 1080p HD Free-Drivers Cámara Web con micrófono Cámara de computadora para videoconferencia…, 73
Software, Lápiz U Disk portátil, 5 en 1 bolígrafo Disco de Memory Stick U, lápiz de Almacenamiento Memory Stick Memory Stick para Varias Marcas de PC y computadoras compatibles(64G), 74
Software, AOMEI Partition Assistant Professional - Actualizaciones gratuitas de por vida - Descarga digital, 84
Software, Datacolor SpyderCheckr SCK100, 86
Software, Learn French: Rosetta Stone Bonus Pack ( Online Access + Book Set), 87
Software, Baugger Estudio de grabación Esponja de aislamiento de sonido - Estudio de grabación Espuma de cuña insonorizada Sala de video Espuma de aislamiento de ruido Esponja Aislamiento de pared-Negro, 89
Software, Corel PaintShop Pro 2020 - Photo Editing and Graphic Design Software [PC Disc], 90
Software, VGEBY Luz de la Secuencia del Arce, Luces de la Secuencia de la Hoja de Arce con Pilas de 30 LED para la decoración casera del Banquete de Boda, 91
Software, Cherry-Lee Autofocus Webcam 1080p HD Free-Drivers Cámara Web con micrófono Cámara de computadora para videoconferencia Enseñanza en línea, 92
Software, Captura de Video,Tarjeta de Captura de Juegos HDMI USB 2.0, Dispositivo de grabación de Video Full HD 1080p 60FPS para transmisión Continua en Vivo para MPEG4 / MPEG2 / MPEG1, 93
Software, Monitor de cuerda básico, 95
Software, Suzuki Violin School CD, Volume 1, 96
Software, POEO Cámara de Documentos USB de Alta Definición, Escáneres Portátiles con la Toma de Imágenes Inteligentes para la…, 97
Software, Juego de brochas de maquillaje Laimeng_world 2018 de la marca Clearance Deals, 20 piezas de brochas de maquillaje, kit de herramientas cosméticas para regalo de San Valentín, E, B, 97
Software, VGEBY Luz de la Secuencia del Arce, Luces de la Secuencia de la Hoja de Arce con Pilas de 30 LED para la decoración…, 98
Software, Kalaok V8 Tarjeta de sonido en vivo actualizada Volumen inteligente Mezclador de audio ajustable Tarjeta de sonido para…, 100
Software, Microsoft 365 Empresa, 102
Software, Typing Instructor for Kids Platinum 5, 104
Software, Ableton Live 10 Suite 1 licencia(s) Electronic Software Download (ESD) - Software de licencias y actualizaciones (1 licencia(s), Electronic Software Download (ESD)), 109
Software, Avid Db25-Xlr M+F AES/Ebu Digisnake 12' 16 canales (99402964500), 109
Software, Controlador de Motores, Eléctrico Regulador de Velocidad de Motor PWM de Bajo Voltaje de DC 1.8V-12V 2A, Interruptor de Controlador Ajustable de Regulación de Velocidad Constante, 109
Software, ULTECHNOVO Sensor de Temperatura 5Pcs Ntc 3950 Termistor de Sensor de Temperatura de Un Extremo Sellado de Vidrio Blanco 100K 1% Resistente a 300 Grados, 109
Software, Kalaok V8 Tarjeta de sonido en vivo actualizada Volumen inteligente Mezclador de audio ajustable Tarjeta de sonido para computadora PC Sonido en vivo, 111
Software, Mugast Proyector holográfico 3D para Publicidad en el Mercado, Ultra-Density LED Rotating Imaging, 150 ° Vision, Larga Vida útil, Ahorro de Espacio(Black), 115
Software, POPETPOP Alimentador automático de Peces Acuario del Tanque Temporizador alimentador Vacaciones Auto alimentador de Peces, 116
Software, Restaurante Sistema de Llamadas de Paginación de Invitados con 1 Transmisor + 20 Localizadores Receptores -107dBm…, 117
Software, JinMi European Fake Books Photo Props Libros Decorativos Adornos en Caja Simulación Booksmodern Classic Beautiful Home Furnishing, 117
Software, Office 365 Hogar suscripción, 118
Software, GYZCYQ funda transparente, patrón de diamante 3D transparente a prueba de golpes, delgada suave TPU Air Cushion…, 118
Software, fineshelf Cámara Web Cámara Web HD de 1080p con micrófono estéreo omnidireccional Incorporado Micrófono automático con cancelación de Ruido, no se requieren Controladores Cámara de computadora, 118
Software, Amplificador de guitarra Altavoz, Alta Sensibilidad, 5 W Amplificador de Guitarra Eléctrica Altavoz Control de Volumen Accesorio, 122
Software, Image Line FL Studio 20 Producer Edition Mac/Windows software de codificación de barra, 122
Software, Restaurante Sistema de Llamadas de Paginación de Invitados con 1 Transmisor + 20 Localizadores Receptores -107dBm Sistema de Llamada de Cola Inalámbrica de Alta Sensibilidad 3 Modos de Indicación., 129
Software, Magix Movie Edit Pro 2018 - El programa Que Hace divertida Edición de Vídeo, 136
Software, ASHATA Traductor Auricular Bluetooth Inalámbrico， Traducción de Auricular Inteligente Oreja Sola para Android y iOS,Interpretación Simultánea en Tiempo Real,Apoyo 28 Idiomas,A2DP / HFP/BLE(Azul), 136
Software, Sweet Home 3D - Planificador de diseño de interiores con 1100 modelos 3D adicionales y un manual impreso, ideal para arquitectos y planificadores, para Windows 10-8-7-Vista-XP y MAC, 137
Software, Adobe Premiere Elements 2020 [PC/Mac Disc], 140
Software, Learn French: Rosetta Stone French - Level 1, 141
Software, Vegas Pro 14, 144
Software, Corel VideoStudio Pro X10, 147
Software, Adobe Photoshop Elements 2020 & Premiere Elements 2020 [PC/Mac Disc], 154
Software, Teléfono Retro/Antique/Madera Maciza Rotatorio/Tonos mecánicos y diales metálicos, con Cable de Madera y latón (Tamaño…, 179
Software, Cyberlink PowerDVD 20 Ultra: Most Powerful Media Player for PCs, 179
Software, Microsoft Windows Server 2016 Standard 2 licencia(s) Point of Sale (PoS) Inglés - Software de licencias y…, 182
Software, Baugger Estudio de grabación Esponja de aislamiento de sonido - Estudio de grabación Espuma de cuña insonorizada Sala de video Espuma de aislamiento de ruido Esponja Aislante de pared - Azul, 182
Software, Microsoft Office Hogar y Empresas 2016, 184
Software, Sistema Operativo Microsoft Windows 10 Home, 184
Software, Lazmin PWM DC Controladores de Velocidad del Motor, 9-60V 20A 1200W 25KHz Regulador de Voltaje electrónico Regulador del…, 185
Software, Learn to Play Chess with Fritz and Chesster, 185
Software, "ELO 1723L Monitor LCD with Touchscreen 17"", 1280x1024", 186
Software, EarMaster 7 Professional - Ear Training, Sight-Singing, Rhythm Trainer, 189
Software, Adafruit Audio FX - Placa de sonido WAV/OGG con flash de 16 MB, 191
Software, POPETPOP Tubo de alimentación de camarón, sólido Acrílico Transparente Bandeja de Tubo de comedero de camarón para…, 192
Software, Microsoft Windows 8.1 - Sistemas operativos (Full packaged product (FPP), ENG, DVD), 195
Software, Kullervo [Importado], 198
Software, Rosetta Stone Lifetime Agnostic, 199
Software, Nuance Dragon USB Headset, 211
Software, Panasonic RF-P50 Pocket Am/FM Radio, Silver, 212
Software, SUPVOX 2pcs Orquesta Baton Music Conductor Baton Concert Musical Accssory con Estuche (Negro + Marrón), 221
Software, Balscw-F Inteligente 28 Idioma instantáneo portátil traductor Auricular Voz Dispositivo inalámbrico Bluetooth Auriculares de Negocios, Negro, 225
Software, Women Bags Handbag Shoulder Bags PU Leather Fashion Crossbody Purse, Black, 239
Software, Baugger Estudio de grabación Esponja de aislamiento de sonido - Estudio de grabación Espuma de cuña insonorizada Sala de…, 245
Software, Guitar Pro 7 - Tablature and Notation Editor, Score Player, Guitar Amp and FX Software, 255
Software, Synology IP Camera License Pack for 1 (CLP1), 257
Software, EDC Túnica de manga larga con botón, casual, suelta, lisa, talla grande, M-5XL, 260
Software, Lozeguyc - Funda para iPhone XS Max de lujo, con soporte para anillos, suave silicona TPU a prueba de golpes, carcasa de…, 261
Software, Synology IP Camera License Pack for 4 (CLP4), 282
Software, Kalaok Estudio de grabación Insonorizado Cuña Espuma Sala de video Sonido Aislamiento de ruido Esponja Muro de aislamiento, 293
Software, OfficeSuite Home & Business 2020 - licencia completa - Compatible con Microsoft® Office Word, Excel, PowerPoint® para PC Windows 10 8.1 8 7 (1PC/1Usuario), 303
Software, EC Line EC-5890X - Terminal de punto de venta (POS, Térmica directa, 384 dots/line, Alámbrico, USB, Windows 2000, Windows 2000 Professional, Windows 98, Windows 98SE, Windows ME, Windows NT, Windows X), 306
Software, Richer-R Auriculares Inalámbricos,Auriculares Bluetooth,Traductor Inteligente Portátil,Auricular de Traducción Apoyo 22 Idiomas para Aprender, Viajar, Negocios y Reuniones. (Azul), 306
Software, Juego de brochas de maquillaje Laimeng_world 2018 de la marca Clearance Deals, 20 piezas de brochas de maquillaje, kit…, 311
Software, Learn English: Rosetta Stone Bonus Pack ( Online Access + Book Set), 326
Software, ACID Music Studio 10, 333
Software, Windows Pro 10 Spanish para PC, 334
Software, Richer-R Auriculares Inalámbricos,Auriculares Bluetooth,Traductor Inteligente Portátil,Auricular de Traducción Apoyo 22…, 336
Software, VEGAS Movie Studio 14 - Create videos fast and easy with this movie editing software, 349
Software, KUMTZO - Carcasa protectora para iPhone 11 Pro Max (TPU suave, antiarañazos, antigolpes, con patrón de diamantes…, 352
Software, Tripp Lite MR2208G Soporte de Cristal para Monitor/Portátil, Patas de Aluminio, 381
Software, Pinnacle Studio 23 Ultimate - Advanced Video Editing and Screen Recording [PC Disc], 389
Software, OfficeSuite Home & Business 2020 - licencia completa - Compatible con Microsoft® Office Word, Excel, PowerPoint® para PC…, 393
Software, Cat 6 Ethernet Cable 25 ft White Flat - Solid Internet Network Lan patch cord – Cat6 High Speed Computer wire With clips…, 407
Software, EC Line EC-5890X - Terminal de punto de venta (POS, Térmica directa, 384 dots/line, Alámbrico, USB, Windows 2000…, 409
Software, , 410
Software, VEGAS Movie Studio 14 Suite – The complete suite for video editing, 427
Software, Roxio Easy VHS to DVD 3 Plus - Video to DVD Converter with 2 Extra DVDs - Exclusive [Key Card], 435
Software, Partituras Personal, Papel de escritura de manuscrito estándar de 5 líneas para la composición de notas y símbolos…, 475
Software, Microsoft Office Hogar y Empresa 2019, 576
Software, Mackie Comprobador de cables, interruptor de 6 vías de prueba de conector alimentado por batería (MTest-1), 589
Software, Easy VHS to DVD 3 Plus, 627
Software, CLIP STUDIO PAINT PRO, 643
Software, Microsoft 79G-05210 Office Hogar y Estudiante 2019, 8 GB, Plateado/Negro, 679
Software, Roxio Easy VHS to DVD with Video Capture USB Device, Box Pack, 1 User, 697
Software, IRISPen Air 7, IRISPen Air 7, 700
Software, Sistema Operativo Microsoft Windows 10 Pro, 702
Software, Microsoft OEM Windows 10 Home, 64-Bit, 1-Pack, DVD, 712
Software, CLIP STUDIO PAINT PRO - NEW Branding - for Microsoft Windows and MacOS, English Version, 712
Software, "Corel CorelDRAW Graphics Suite 2020 , 713
Software, Dazzle DVD Recorder HD English, 713
Software, CLIP STUDIO PAINT PRO - NUEVO - para Microsoft Windows y MacOS, Version en español, 713
Software, Mini Smart LED 5050/3528 Colorido Tira de Luz Aplicación Gratuita Inalámbrica Control Remoto para iOS Android, 713
Software, Vidbox Video Conversion for Mac, 713
Software, HonestechTwister, 713
Software, Microsoft Office 365 Personal para Windows y Mac - 1 Usuario Pc/Mac + 1 usuario Tableta, 714
Software, Microsoft Office 365 Hogar Premium (5PC o Mac), 714
Software, Microsoft 365 Personal, 714
Software, Microsoft 365 Familia, 714
Software, Acer AH101-D8EY Windows Mixed Reality Headset and 2 Wireless Controllers, 715
Software, Microsoft Office Hogar y Estudiantes 2016, 715
Software, Steinberg Key License Control Device - Software de licencias y actualizaciones, 715
Software, Microsoft Windows 10 Pro 32/64-bit, Box Pack, 1 License, 715
Software, "Microsoft Office 365 Home , 715
Software, "Microsoft Office 365 Personal , 715
