Shoes, Duracell Pila Especializada de Litio Modelo 2032 Tipo Moneda de 3V Contiene 1 Paquete con 1 Pila, 15
Shoes, Amazon Essentials Chamarra Deportivo Tela Abrigo de Vestir para Hombre, 73
Shoes, Goodthreads Amazon Brand, Camisa de Popelina de Manga Larga estándar para Hombre, 153
Shoes, Amazon Essentials Abrigo Resistente al Agua. Chaqueta para Mujer, 36
Shoes, Irevial Women Pajamas Sets Striped Short Sleeve Cotton Sleepwear Nightwear Pjs Sets, 15
Shoes, Lark & Ro Vestido de Manga con Detalles ahumados. Vestido para Mujer, 33
Shoes, Goodthreads Sudadera de Manga Larga con Capucha Camiseta para Hombre, 46
Shoes, Duracell Pila Tamaño 2025 1 Pza, Pila Eizada, Pack of 1, 184
Shoes, Brasier de Lactancia Deportivo de Diseño de Fácil Apertura, Copas Ajustables y Tirantes Amplios Que Facilitan la Sujeción de los Senos, 307
Shoes, Hanes Men's Pullover EcoSmart Fleece Hooded Sweatshirt, 716
Shoes, Hudson Baby - Set de Playera, Bebé, Unisex, 700
Shoes, Champion - Playera clásica de Manga Corta para Hombre, 374
Shoes, Amazon Essentials Paquete de 2 Camisetas de Manga Larga con Cuello Redondo Camiseta para Mujer, 108
Shoes, GJP #8031 Mochila Bolsos Cadera Táctica Militar Multiusos, Multifuncional Diseño Uso Rudo con Sistema Molle Monedero para Deporte al Aire Libre Escalada Ciclismo Pesca Campismo Senderismo Porta Celular Accesorios Audífonos Power Bank (KAKI), 85
Shoes, Cyxus Filtro de Luz Azul Gafas de Computadora Anti Fatiga de Ojos Lentes Transparentes para Hombres y Mujeres Bloqueo UV, 717
Shoes, Champion Mens Big and Tall Cotton Graphic Tee, 716
Shoes, Hanes Beefy Henley - Camiseta de manga larga para hombre, 685
Shoes, TANTOO - Mocasines cómodos con Plataforma y cuña para Mujer, 373
Shoes, Amazon Brand - Pantalones Chinos de Sarga elástica con Botones para Hombre de Ajuste Recto de 5 Bolsillos, fácil Cuidado, 115
Shoes, Hudson Baby Animal Plush Bathrobe, Leopard, 437
Shoes, Cámaras de la red con micrófonos, cámaras de la red informática de alta resolución 1080 P, cámaras de la red USB 2.0 PC para los medios de comunicación de corriente, las llamadas de vídeo, los estudios, las reuniones, las grabaciones, las transmisiones en vivo, los Juegos rotatorios, Skype, YouTube, 207
Shoes, Champion Men's Jersey Short With Pockets, 589
Shoes, Luvable Friends Paquete de 3 Pantalones con puño en Cintura y Tobillo, para bebé y niño, 711
Shoes, Nautica - Polo de Manga Corta para Hombre (algodón Suave), 185
Shoes, Simple Joys by Carter's Baby - Pantalón para niña (4 Unidades), 280
Shoes, WonderWink Women's Plus Size Scrubs Bravo 5-Pocket V-Neck Top, 39
Shoes, Simple Joys by Carter's Baby Girls - Body de Manga Larga, 5 Unidades, 596
Shoes, Panty Luk CL-605 4 Pack Bikini Corte Laser SIN Costuras Tela Microfibra Muy Suave Y Comoda …, 717
Shoes, Amazon Essentials Polo de algodón con Punta de piqué. Camisa para Hombre, 381
Shoes, Calvin Klein Calzoncillos Calzones clásicos de algodón para Hombre, Paquete de 5, 18
Shoes, EMAGIE Paraguas Automático de Viaje Paraguas Plegable Grande de Golf Sombrilla de Viaje Protección UV Paraguas para lluvia Anti-Viento Portátil Compacto Seca Rápido 46 Pulgadas, 39
Shoes, MERAKI Amazon Brand Tronco de algodón para Hombre, Multicolor, 1
Shoes, MERAKI Marca Amazon – Chamarra Vaquera estándar para Hombre, 1
Shoes, ASICS Unisex Cojín Corte bajo, 422
Shoes, Goorin Bros. Men's Animal Farm Snap Back Trucker Hat, 535
Shoes, Silver Plate Polo Polos para Hombre, 185
Shoes, Umenice Paraguas de viaje, 44
Shoes, SOJOS Gafas de Filtro de Luz Azul para Computador Lentes Antireflejantes para Mujer Ojo de Gato Marco de metal SJ5027 She Young, 204
Shoes, Luvable Friends - Calcetines unisex para bebé recién nacido y bebé de rizo, 536
Shoes, Nautica Men's Short Sleeve Solid Crew Neck T-Shirt, 545
Shoes, Simple Joys by Carter's Girls' 2-Pack Cotton Footed Sleep and Play, 231
Shoes, Nautica Boys' Uniform Full-Zip Fleece Jacket, 1
Shoes, Simple Joys by Carter's Baby 8-Pack Short-Sleeve Bodysuit, 51
Shoes, Amazon Essentials Cadencia Bota tobillera para Hombre, 43
Shoes, Luvable Friends 7 Piece Flannel Receiving Blanket, Basic Elephant, One Size, 107
Shoes, Fruit of the Loom - Brasier sin Costuras para Mujer, 356
Shoes, Fruit of the Loom Men's Pocketed Open-Bottom Sweatpants - Extra Sizes, 159
Shoes, Simple Joys by Carter´s- Mameluco para dormir y jugar de niño, paquete de 2., 501
Shoes, Hanes - Pantalones para mujer, 615
Shoes, STELLE - Brasier de Lactancia sin Costuras con Almohadillas para Orejas, Extensores y Clips, 205
Shoes, Adidas Performance Boxer - Calzoncillos para Ropa Interior (3 Unidades) Ropa Interior para Hombre, 23
Shoes, Simple Joys by Carter's enterito de Manga Larga para bebé, Paquete de 5, 203
Shoes, FITTOO Mallas Pantalones Deportivos Mujer Elásticos Transpirables para Yoga Running Fitness, 8
Shoes, New Balance - Ropa Interior de Boxeo para Hombre de Alto Rendimiento de 15,24 cm (Paquete de 3), 431
Shoes, Marvel Marvel Casco con Visión Capitán América Costume, 4
Shoes, Simple Joys by Carter's Baby - Set de 6 Personajes, 8
Shoes, Wilson 6 Piezas Tin para Hombre, Afelpado, Color Multicolor, Talla Única, 8375, 578
Shoes, Simple Joys by Carter's Conjunto de 6 Piezas de Body para niña (Manga Corta y Larga) y Pantalones, 60
Shoes, Panty Luk 883 Baby Doll Mujer Sexy Dama Sensual Set Encaje Straps Rojo y Azul Marino Lenceria Erótica, 268
Shoes, , 390
Shoes, Wilson 10 Piezas Tin para Hombre, Afelpado, Color Negro , Talla Única, 8792, 4
Shoes, Columbia Tamiami II - Camisa de manga larga para hombre, 17
Shoes, Leggings Depot Women's Printed Solid Activewear Jogger Track Cuff Sweatpants Inner Pockets, 100
Shoes, Columbia Men 's Bahama II Camisa de manga corta para hombre, 4
Shoes, Touched by Nature Baby - Pantalones de algodón orgánico, 10
Shoes, Amazon Essentials pantalones cortos clásicos de 9 pulgadas para hombre, 23
Shoes, Bolsa de Aseo de Viaje Colgante Organizador y Baño Dopp Higiene Kit con Gancho para Accesorios de Viaje Artículos de Tocador Baño, Afeitado y Maquillaje para Hombres y Mujeres, 25
Shoes, Champion Raglan - Playera de béisbol para Hombre, 238
Shoes, Simple Joys by Carter's Baby and bebé - Calcetines para niño (12 unidades), 106
Shoes, Duracell Pila Especializada de Litio Modelo 2032 Tipo Moneda de 3V Contiene 1 Paquete con 1 Pila, Plateado, 702
Shoes, Fruit of the Loom para Mujer, 91
Shoes, Reloj Casio Illuminator con World Time para Hombres 45mm, pulsera de Acero Inoxidable, 18
Shoes, Reloj Casio Analógico Illuminator con World Time para Hombres 45mm, 13
Shoes, Essentials by Seven Apparel, 62
Shoes, Citizen CH-453 Medidor de Presión Arterial, blanco/azul, 333
Shoes, Goodthreads Camisa de Manga Larga de Doble Cara Camisa de Botones para Hombre, 63
Shoes, Touched by Nature - Vestido de Manga Corta para niña de algodón orgánico, 81
Shoes, Amazon Essentials chamarra acolchada Chaqueta para Hombre, 35
Shoes, Truper BOT-25I, Bota industrial de PVC talla 25, 128
Shoes, Amazon Essentials Shoreham Mocasín para Hombre, 13
Shoes, Skechers Zapatillas de Deporte para Mujer, 287
Shoes, find. Amazon Brand Botas de Piel para Mujer Andy Classic Chelsea, 10
Shoes, 28 Palms Pantalón de Lino elástico con cordón. Pantalones Casuales para Hombre, 14
Shoes, Amazon Essentials Playera de Manga Corta con Cuello en V para Mujer, 2 Unidades, 67
Shoes, Columbia para niños, 5
Shoes, i play. Unisex Baby Solid Flap Sun Protection Hat UPF 50+, 229
Shoes, Russell Athletic Men's Essenital Short Sleeve tee, 140
Shoes, Simple Joys by Carter's Pijama de algodón con pies Ajustados para bebés y niños pequeños, Paquete de 3, 245
Shoes, The Children's Place Jeans de Pierna Recta para niños, 62
Shoes, Ditmo Uniformes Juego Quirúrgico Buenos Aires para Dama, 5
Shoes, Panam 0084-092 Tenis para Adulto Unisex, 12
Shoes, Relojes Oro Rosa Reloj para Mujer de Pulsera Esfera de Reloj Mesh Acero Inoxidable Mesh Correa Impermeable Relojes, 5
Shoes, DREAM PAIRS Zapatillas de Correr para Hombre, 49
Shoes, Shark Shoes Zapato Acuatico, 570
Shoes, lentes para computadora Niños Luz azul Gafas de bloqueo Anti Eyestrain Computadora UV Gafas Lente no recetada edad 3-10, 151
Shoes, Simple Joys by Carter's Girls' - Conjunto de 3 Pijama de Forro Polar Resistente al Fuego, 423
Shoes, PLstar Cosmos Moda y diversión Sudadera con Capucha de impresión en 3D Sudadera para Hombre para Mujer Sudadera Casual con Capucha Harajuku, 3
Shoes, Crocs Crocband Chanclas para Mujer, Sandalias de Verano Casuales, Zapatos de Playa y Ducha Chancletas para Mujer, 35
Shoes, Duracell Pilas Aa 6 Pza, Alcalinas, Color, Aa, Pack Of aquete de 12, 170
Shoes, Cyxus Filtro de Luz Azul Gafas Anti Tensión de Ojos para Hombres y Mujeres Retro Marco Metal Clásico Lente Transparentes Mejor Dormir (2 Piezas(Oro y Plata)), 179
Shoes, Calvin Klein - Ropa Interior para niño, de algodón, Varios Colores, 1
Shoes, Bragas de Mujer Algodón Calzones tipo bikini Puro Cintura Elástica Antibacterial Grafeno Permeable al Aire Traje de Tres Piezas de Hipster Deportivos Comodidad Pantaletas Ligeras para Levantar la Cadera, Cintura y Estómago ASHOWIN, 3
Shoes, Fruit of the Loom Men's Crew Neck T-Shirt Multipack, 1
Shoes, Hanes Boys' Toddler Low Cut Sock 10-Pack, 8
Shoes, SojoS Gafas De Sol Para Hombres Y Mujeres Aviador Clásico Marco Metal Lentes Espejo Polarizadas SJ1054, 7
Shoes, Adidas Youth Parma 16 - Pantalones Cortos, 12
Shoes, IBAX® Pijama para niños y Adultos, Ropa para Dormir de Animales y Personajes., 52
Shoes, Simple Joys by Carter's Baby Girls' 2-Pack de Forro Polar para Dormir y Jugar, 152
Shoes, find. Midi Denim Corbata Cintura Camisa Vestido Vestidos Informales para Mujer, 3
Shoes, Amazon Essentials Pantalón elástico Ligero Pantalones para Hombre, 43
Shoes, Goodthreads Amazon Brand, Playera de Manga Larga Chambray para Hombre, 58
Shoes, Hanes Camiseta de Manga Larga Playera para para Mujer, 204
Shoes, Achiou - Bufanda para el cuello, protección solar, ligera, resistente al viento, transpirable, pesca, senderismo, correr, ciclismo, 31
Shoes, Wrangler Authentics Mens Classic Regular-Fit Jean, 40
Shoes, Ditmo Uniformes Filipina Duquesa para Dama con Cierre, 158
Shoes, Fruit of the Loom 5CBB001 Bóxeres Ajustados para Hombre, Multicolor (Colores pueden variar), 202
Shoes, 2paquetes Gafas de Filtro de Luz Azul Lentes Antireflejantes Mujer y Hombres Lentes de Computadora para Anti Tensión de Ojos Lentes Transparentes Bloqueo UV (Marco negro mate, leopardo) ASHOWIN, 121
Shoes, Tenis de deporte para rendimiento para Correr Micro G Pursuit para Hombre Under Armour, 6
Shoes, SOJOS Gafas de Filtro de Luz Azul de Redondo de TR90 para Computador Lentes Antireflejantes para Mujer SJ9001 Ashley, 261
Shoes, Lecoon Traje de Baño Hombre Bañador Corto para Playa Natación Piscina Secado Rápido con Forro de Mallas, 15
Shoes, SIGLO® Cartera para Hombre Minimalista con Clip de Billetes y Bloqueo RFID, Billetera para Hombre Diseño Slim, 43
Shoes, Bolsa Térmica de Comida, Bolsa Porta Alimentos Bandolera para Hombres y Mujeres con Correa de Hombro Ajustable, Bolso Nevera de Alimentos de Tamaño Medio de 8 Latas para Trabajo y Colegio (Gris)), 29
Shoes, Brasier Deportivo con Cierre Frontal para Mujer, sin Costuras con Copas extraíbles, Tela Absorbente (2 Unidades), 4
Shoes, Archer Watch Straps - Repuesto de Correa Reloj de Silicona para Hombre y Mujer, Caucho Fácil de Abrochar para Relojes y Smartwatch - Varios Colores, 16mm, 18mm, 20mm, 22mm, 24mm, 8
Shoes, Hanes, 34
Shoes, Goodthreads Pantalón de Lona elástico de Ajuste Recto Pantalones Casuales para Hombre, 4
Shoes, Adidas Gorra Adidas Trucker Logo Gorra para Hombre, 2
Shoes, Gildan Playera Cuello Redondo, multipaquete Ropa Interior para Hombre, 323
Shoes, Gorra para Ejercicio y Acondicionamiento Físico Men's Blitzing 3.0 Cap para Hombre Under Armour, 302
Shoes, Nadole XSRTT Cangurera Deportiva, 2 Unidades Deportes CinturÃ³n Elastic Waist de Pack con Doble Bolsa para Auricular y Llaves, RiÃ±oneras Deportivo de Hombres y Mujeres para Correr, Ciclismo, Gimnasio, 15
Shoes, Gildan G2000 Ultra Cotton Playera para Adultos, Paquete de 2 Camiseta para Hombre, 2
Shoes, Nautica - Polo de Manga Corta para Hombre, 47
Shoes, Amazon Essentials Pantalón ajustado Pantalones para Hombre, 1
Shoes, The Children's Place - Jeans para bebé, 6
Shoes, Protector de Zapatos Impermeable Cubiertas de Zapatos a Prueba de Agua Lluvia Nieve Cubrebotas con Cremalleras Resistentes y Tacones Reflectantes para Hombre o Mujer -Exteriores Bicicleta Motocicleta Cubrebotas Viaje Antideslizante Reutilizable Botas Cubierta(L), 20
Shoes, PUMA Tazon 6 Fracture FM Tenis para Hombre, 10
Shoes, find. Amazon Brand Ropa Interior de algodón elástico para Hombre, 4
Shoes, PUMA Evercat Runway - bolsa deportiva, 6
Shoes, CHEROKEE Pantalón con cordón a la Moda Acampanados para Mujer, 6
Shoes, Calvin Klein Little Modern Bralette de algodón para niñas, 19
Shoes, NICEWIN - Mallas de ciclismo para hombre, acolchadas 3D de secado rápido, 41
Shoes, Champion Attribute Riñonera, 6
Shoes, Hanes Bóxeres para Hombre, 36
Shoes, Levi's Relaxed Fit Jeans Mezclilla para Hombre, 17
Shoes, Fruit of the Loom 6DLRBHM Pantaleta para Mujer, Multicolor, PAQUETE DE 6, (Colores pueden variar), 199
Shoes, Amazon Essentials Pack de 5 Calzoncillos de Punto Bóxer para Hombre, 7
Shoes, Simpsons Camiseta Camiseta para Hombre, 3
Shoes, PUMA ESS Hoody FL Big Logo Sudadera con Capucha para Hombre, 20
Shoes, CHEROKEE Workwear - Camisa elstica Uniformes médicos para Mujer, 15
Shoes, NAVISKIN Playera Casual UPF 50+ de Manga Larga para Hombre con Capucha Camiseta Deportiva de Térmica Acampada Campismo Senderismo Deporte Marcha Ligera Secado Rápido, 3
Shoes, Calvin Klein tobogán para alberca Sandalia de Meter para Hombre, 3
Shoes, Hanes Women's Nano Premium Cotton tee, 75
Shoes, Ultra Game NFL - Sudadera con Capucha para Hombre, 11
Shoes, Calvin Klein Ck19720s - anteojos de sol cuadradas para hombre, 11
Shoes, Goodthreads Pantalón Chino elástico de Ajuste atlético con 5 Bolsillos Pantalones Casuales para Hombre, 10
Shoes, Goodthreads Amazon Brand, Playera de Manga Larga para Hombre, 31
Shoes, Calvin Klein 780, 10
Shoes, Calvin Klein 045, 9
Shoes, Amazon Essentials Camisa de franela a cuadros de manga larga de ajuste delgado Camisa de botones para Hombre, 4
Shoes, Nautica Sudadera de Manga Larga con Capucha. Camiseta para Hombre, 10
Shoes, Gildan - Camiseta interior cuello-V Paquete de 5 para Hombres, 556
Shoes, PUMA Rayos X Tenis para Unisex Adulto, 5
Shoes, find. Fnd0055am Abrigo para Hombre, 13
Shoes, TECHVIDA Relojes Caja de Reloj con 12 Compartimentos para Joyería Caja Organizador Oficina Escritorio Armario Negro Caja de Reloj de Piel PU con Terciopelo Suave Regalo para Hombre y Mujer 12 Ranuras(Negro), 153
Shoes, Wilson 6 Piezas Tin para Ho mbre, Afelpado, Color Multicolor, Talla Única, 8377, 20
Shoes, Nautica - Polo de piqué de Manga Corta para Hombre, 23
Shoes, Hudson Baby, 235
Shoes, Cyxus lentes transparentes vidrios ordinarios clásico moda marco gafas unisexo(hombres/mujeres) ligeras cómodas, 92
Shoes, Umenice Paraguas de viaje a prueba de viento Compacto Automático Abierto Cierre Pequeño Paraguas plegables Ajuste Golf Mochila Mochila Resistente al viento para hombres y mujeres Viajeros (AC306NV), 2
Shoes, FITTOO Pantalones Cortos Deportivos Leggings Mujer Yoga de Alta Cintura para Yoga Running Fitness, 4
Shoes, Bumkins Silicone Grip Dish, Azul, 105
Shoes, Bobois - Playeras Polo Hombre Casuales Moda Camisas Cuello Mao, 1
Shoes, XSRTT Sombrero para el Sol Protector Gorro Pescador Anti-UV UPF50+ Gorra Pesca Solar ala Ancha Transpirable Multiusos con Velo y Mosquitera Protección Cuello Al Aire Libre, 6
Shoes, NEWKIBOU Cubierta del Zapato Impermeable Portátil con Cremallera Lluvia Nieve Protección contra el Barro Ducha de Lluvia Contramedida de Lluvia Aplicable a Hombres y Mujeres, 9
Shoes, Simple Joys por Carter's Traje de baño de 2 Piezas para bebé y niño pequeño Tronco y Rashguard, 6
Shoes, Ultra Game NBA Playera sin Mangas para Hombre, Playera sin Mangas Muscle, Negro, Mediano, 26
Shoes, CHEROKEE, 89
Shoes, Emoly - Poncho impermeable para niños, portátil, reutilizable, para niños de 6 a 12 años de edad, para camping, senderismo, viajes, mochilero, color amarillo, 6
Shoes, Simple Joys by Carter's Baby - Body de Manga Larga, 5 Unidades, 56
Shoes, Touched by Nature - Vestido y cárdigan de algodón orgánico para niña, 47
Shoes, Cinturones trenzados de tela elástica de tela elástica multicolor, 9
Shoes, JSBelle Caja de joyería, Caja de cuero del organizador de la joyería del viaje del portable para las pulseras del collar de los pendientes de los anillos (Blanco), 3
Shoes, Adar Uniforms médicos Unisex - Uniformes médicos Unisex con cordón, 2
Shoes, Champion Men 's powerblend forro polar sudadera con capucha, 40
Shoes, Dickies Signature - Camisa para Hombre con Cuello en V, 168
Shoes, "Active Jungle , 7
Shoes, Amazon Essentials Men's Regular-Fit Short-Sleeve Casual Poplin Shirt, 1
Shoes, Waliwell Paraguas Automático de Viaje, Paraguas Invertido con 10 Costillas, Paraguas Plegables para Hombre y Mujer, Paraguas de Lluvia & Sombrilla & Protección UV, 105cm, 5
Shoes, Hanes Playera de Manga Larga con Cuello en V. Camisa para Mujer, 15
Shoes, Ultra Game NBA Oklahoma City Thunder - Sudadera de Forro Polar para Hombre (Talla XL), Color Negro, 4
Shoes, Little Me Unisex, 4
Shoes, RockDove - Zapatillas de Espuma de Memoria para Hombre, 5
Shoes, Amazon Essentials Pantalón Corto elástico de Ajuste Regular. Pantalones Cortos para Hombre, 55
Shoes, Levi's 501® '93 Straight Jeans para Hombre, 11
Shoes, Levi's Skinny Taper Jeans Jeans para Hombre, 11
Shoes, Levi's 502 Regular Taper Jeans para Hombre, 11
Shoes, Levi's 511™ Slim Fit Jeans Jeans para Hombre, 11
Shoes, Goodthreads Chino de 5 Bolsillos Ajustado Pantalones Casuales para Hombre, 12
Shoes, Levi's Graphic Po Hoodie - G Sudadera para Hombre, 6
Shoes, Reloj para Mujer de Frida Kahlo Dibujo Animado con Correa de Tela Ajustable Trenzada Multi Color Movimiento Análogo, 6
Shoes, Energizer 2025 Lithium Coin Cell Battery (4Count), 2
Shoes, Levi's 721 High-Rise Skinny Jeans Jeans para Mujer, 3
Shoes, Cheelom Hormas Ensanchadoras de Zapatos Ajustable de 5 pares Moldeador de Zapatos y Camilla de Ideal para todos los zapatos, tacones y zapatillas de deporte - para hombres y mujeres - Plástico Premium, 40
Shoes, Campeon BodyBeat Fajas para Mujer Fajas Reductoras Corsé Waist Trainer Corset Reductor Adelgazante Fajas Colombianas, 3
Shoes, Ditmo Uniformes Pantalon 869, 55
Shoes, Calzoncillos térmicos para mujer, ultra suaves, largos, capa base, esquí, invierno, cálido y parte superior e inferior, 63
Shoes, Paraguas Invertido Paraguas de Doble Capa Lluvia Sombrilla Protección UV con Doble Refuerzo Resistente a Vientos y Lluvias Fuertes con Mango Ergonómico Tipo C para Hombre y Mujer(Estrella), 7
Shoes, Gerber Baby Girls' Paquete de 4 Sleep 'N Play, 7
Shoes, Jerzees - Polo de Manga Corta para Hombre, 20
Shoes, MOTOR CASUAL Shorts Cargo de Sarga para Hombres Shorts Holgados de Carga Suelta de algodón, 4
Shoes, Lecoon Shorts Deportivos Hombre Pantalones Cortos para Correr 2 en 1 con Forro de Bolsillo Incorporado Secado Rápido Transpirable para Running Gym Entrenamiento, 33
Shoes, AmazonBasics Báscula digital para equipaje, 36
Shoes, ATG by Wrangler Men's Trail Jacket, 4
Shoes, Yimidear® Unisex Cálido Pijamas para Adultos Cosplay Animales de Vestuario Ropa de dormir, 6
Shoes, Gildan Heavy Blend G18500 - Sudadera con Capucha Camisa para Hombre, 7
Shoes, Crocs Crocband Clog K Sandalias con Correa de Tobillo Unisex Niños, 40
Shoes, Umenice Paraguas de viaje a prueba de viento Compacto Automático Abierto Cierre Pequeño Paraguas plegables Ajuste Golf Mochila Mochila Resistente al viento para hombres y mujeres Viajeros (AC306BK), 8
Shoes, Champion Men's Graphic Powerblend Fleece Crew, 4
Shoes, Fruit of the Loom Coolzone - Calzoncillos Calzones para Hombre, 8
Shoes, Fruit of the Loom Ropa Interior de algodón para niñas, 465
Shoes, Amazon Essentials Women's Plush Button-Front Coat, 5
Shoes, Nautica Young Polo de piqué elástico de Manga Corta para Hombre, 29
Shoes, Reloj Digital Deportivo Militar, Doble hora, Dual Time, Timer, Cronómetro, Luz, Pantalla Retroiluminada, Resistente al Agua, Alarma y fecha, Correa Ajustable Modelo 1251, 14
Shoes, Puma Women 's paquete de 6 calcetines de corte bajo, 3
Shoes, Conjunto de ropa de verano para bebé y niña, 5
Shoes, Coleman 9-Can Suave Enfriador con Forro Duro, 5
Shoes, Amazon Essentials chamarra de golf con cierre frontal resistente al agua. Chaqueta para Hombre, 40
Shoes, Columbia Ivo Trail Breeze - Zapatillas de Senderismo y Correr Zapatos para senderimo para Hombre, 21
Shoes, livho Lentes Para Computadora Niños y Niña de 3 a 15 años, Redondos Gamer Gafas Filtro Luz Azul Antireflejantes Vista Cansadalentes, 23
Shoes, Buttoned Down Jersey de Lana de Merino Italiano con Cuello Redondo Chamarra sin botón para Hombre, 11
Shoes, LOB Casual Cubrebocas para Unisex adulto, 40
Shoes, LOB Casual Cubrebocas para Niños, 7
Shoes, DKNY Calzoncillos elásticos cepillados, Paquete de 3 Slip para Hombre, 59
Shoes, New Balance Tanga 24v1 Sandalia para Adulto, Unisex, 22
Shoes, Goodthreads Camisa de Popelina de Manga Larga con Cuello Abotonado Camisa de Botones para Hombre, 38
Shoes, Anteojos de bloqueo de luz azul para niños y niñas, para proteger la vista, para niños de 3 a 12 años, 2 unidades, Negro + gris negro., 13
Shoes, Calvin Klein Cuello Redondo de Rayas de Manga Corta. Camiseta para Niños, 12
Shoes, Hudson - Body de algodón sin Mangas para bebé, 5 Unidades, 20
Shoes, Gorra para Golf Men's Elevated TB Tour Cap para Hombre Under Armour, 88
Shoes, Calvin Klein - Juego de 2 pantalones para camisa y pantalón para niño, 5
Shoes, FETY Leggings de entrenamiento para mujer con bolsillos de cintura alta, pantalones de yoga de longitud completa, control de barriga de 4 vías, pantalones elásticos para mujer, 11
Shoes, OshKosh B'Gosh Ignición (Ignition) Tenis para Bebé-Niños, 5
Shoes, Goodthreads Jeans Ajustados de Tiro Alto Jeans para Mujer, 11
Shoes, Goodthreads Chamarra Moto Chaqueta para Hombre, 45
Shoes, Duracell Pilas Alcalinas Duralock AA con 6 unidades, 230
Shoes, Livho anteojos de bloqueo de luz azul para niños, anteojos de TV para juegos de computadora, para niños y niñas de 3 a 15 años, antirreflejos, tren y filtro Blu-ray, Azul, Mediano, 101
Shoes, Southpole Men's Classic Graphic Tee, 9
Shoes, Kipling Money Land portafolios RFID para mujer, 11
Shoes, GOGOEY Reloj Para Mujer de Movimiento Análogo, Corte Diamante, Cuarzo, Detalle en Carátula Zirconias, Universo, Espacio, Galaxia con Extensible Metálico, Broche de Imán, Elegante, 22
Shoes, Sandalia Wedge Barbara - para Mujer - Yayas - Hecho en México - Siempre Sexy con Tus Sandalias Yayas Barbara de Cuña., 11
Shoes, CHEROKEE Workwear Scrubs Men's Cargo Pant, 25
Shoes, Kipling City Pack Mochila sólida, 7
Shoes, Kipling City Pack Mochila mediana, 8
Shoes, Travelon - Bolso de hombro clásico antirrobo, Forro de color gris oscuro., One_Size, 21
Shoes, Goodthreads para Hombre Slim-fit Camisa de Placed-Stripe Bolsillo Oxford de Manga, 141
Shoes, AT ESS barrel bag, 12
Shoes, SOUTHPOLE Flex Stretch Basic Skinny Fit Jeans Jeans para Hombre, 4
Shoes, CARSINEL Oro Blanco Mujer Chapado en circonita Solitario circonita Pendientes del Collar de la, 4
Shoes, Calvin Klein QF4844-082 Tanga para Mujer, 6
Shoes, Southpole Men's 6181 Straight Fit Basic Streaky Denim Pants, 6
Shoes, HAOSHIDUO Zapatillas de Tenis para Mujer Ligeras cómodas de Malla Calzado de Caminata para Mujer sin Cordones, 25
Shoes, Kids Headquarters Juego de Leggings Juego de 2 Leggings para bebés niñas, 4
Shoes, Goodthreads Amazon Brand, Camisa Oxford de Manga Larga para Hombre, 11
Shoes, Goodthreads Camisa de Manga Larga con Estampado de Cambray Camisa de Botones para Hombre, 23
Shoes, Amazon Essentials - Conjunto de 3 piezas de chamarra para niño, 11
Shoes, One Step Up Túnica Tejida y Juego de Leggings Juego de Pantalones para Niñas, 8
Shoes, Goodthreads Blazer de Lana de Ajuste estándar. Americana para Hombre, 62
Shoes, TRUTH & FABLE Bodycon de torsión estándar para Mujer, 14
Shoes, Goodthreads Blazer de Lana Ajustado Americana para Hombre, 11
Shoes, Goodthreads - Playera de Manga Larga para Hombre, 107
Shoes, FIND - Zapato de tacón de Piel con Punta Redonda para Mujer, 4
Shoes, Goodthreads Blazer de Sarga elástico de Ajuste Delgado Americana para Hombre, 13
Shoes, Little Me Vestido de ocasión Especial para niña, 1
Shoes, YAYAS PIEL Bolsa Napa De Piel Unitalla - Leather Handbag - Bolsa Tote 100% de Piel - Hecho en México. Hecha a Mano, 4
Shoes, find. Marca de Amazon. Andros Slip, 14
Shoes, KOI Lite Women's Lightweight & Athletic Philosophy Scrub Top, 10
Shoes, Goodthreads Camisa de Jean de Manga Larga con Cuello en Banda. Camisa de Botones para Hombre, 7
Shoes, find. Amazon Brand – Encontrar Zapatos de Gamuza para Hombre en Acabado de Piel de Doble Monje, 18
Shoes, Gerber Baby, 7
Shoes, Jenny-BaBy Tie The Knot - Pulsera de abalorio Personalizable con Letras del Alfabeto, Regalo para Damas de Honor, 3
Shoes, Goodthreads - Playera Oxford de Manga Larga para Hombre, 74
Shoes, Amazon Essentials Camisa Oxford de manga larga con ajuste regular para hombre, 27
Shoes, Fruit of the Loom - Alambre sin Costuras para Mujer, 3
Shoes, Casio - Reloj Casual De Cuarzo Inspirado En Diver Para Hombre, 6
Shoes, DC Flash 2 TX MX M Shoe 5bd Vino Tenis Casual Unisex, 17
Shoes, CHEROKEE Pantalones Cargo de Pierna Recta de Corte Medio Pantalones quirúrgicos para Mujer, 5
Shoes, KOI lite 721 Women's Peace Scrub Pant, 5
Shoes, Fruit of the Loom Women's 6-Pack Assorted Cotton Bikini Panties, 2
Shoes, RockDove - Zapatillas de espuma viscoelástica para mujer, 23
Shoes, PUMA Cabana Racer Malla Velcro niños Tenis para Unisex niños, 45
Shoes, Amazon Essentials Watson Oxford para Hombre, 45
Shoes, Cyxus Gafas de Filtro de Luz Azul para Niños y Adolescentes (Lente Transparente) Bloqueo uv Anti Fatiga de Ojos, Grandioso para Teléfono y iPad (Azul Claro 6006), 8
Shoes, U.S. Polo Assn. Conjunto de Pantalones Juego de Pantalones para Niños, 90
Shoes, DKNY Calzoncillos de algodón elástico, Paquete de 3 Slip para Hombre, 12
Shoes, Ditmo Uniformes Filipina de Intendencia Classic para Dama de Botón, 7
Shoes, Skechers Go Walk Skechweave Suave Cintura Movimiento II Corto Pantalones Cortos para Hombre, 18
Shoes, Goodthreads Jeans Selvedge de Corte Ajustado. Jeans para Hombre, 8
Shoes, New Balance Ct20 V1. Tenis para Hombre, 55
Shoes, CUENA Reloj para Hombre, Diseño Ejecutivo, Elegante, Contemporáneo, Clásico, Correa de Metal, Fechador Automático, Broche de Presión, 2
Shoes, PAVOI - arete de plata de ley 925 bañados en oro de 14 quilates con circonitas cúbicas brillantes y redondas, para mujer, con clip, para cartílago, 4
Shoes, Calvin Klein Women's Invisibles Hipster Panty, 16
Shoes, New Balance 009 V1 Tenis para niños, 6
Shoes, Amazon Brand - Find. Calcetines tobilleros de algodón para hombre, paquete de 12, 2
Shoes, Casio De los hombres negro Analog anti Reverse Bisel reloj, 18
Shoes, Anne Klein AK/1980TMGB Women's Analog Display Japanese Quartz Beige Watch, 53
Shoes, Goodthreads Chino Pantalones Casuales para Hombre, 139
Shoes, find. Encontrar., 70
Shoes, Amazon Essentials Camiseta de Manga Larga con Cuello en V 100% algodón. Camiseta para Mujer, 2
Shoes, Goodthreads Blazer de Lino Ajustado Americana para Hombre, 94
Shoes, TRUTH & FABLE Amazon Brand Overol Multiway para Mujer, 7
Shoes, SHHORS Reloj Digital Unisex, Bloques, con Múltiples Funciones, Cronómetro, Alarma, Luz, Calendario, para Niño o Adulto, Niña, Extensible Ajustable a Cualquier Talla, Personaliza los Colores, Diferente, Divertido, Casual, Infantil, Moderno, Colorido, 13
Shoes, Gaoye - anteojos de bloqueo de luz azul para mujer y hombre, bisagra de resorte TR90, marco ligero, lente anti UV, GY1696, 2
Shoes, UNK NBA Sudadera con Capucha para Hombre, con Forro Polar, Color del Equipo, 15
Shoes, Goodthreads, suéter Ligero de Lana Merino y acrílico con Cierre Completa, Azul Marino Grande, 28
Shoes, SHHORS Reloj Digital Unisex, Bloques, con Múltiples Funciones, Cronómetro, Alarma, Luz, Calendario, para Niño o Adulto…, 12
Shoes, Livho anteojos de bloqueo de luz azul para niños, anteojos de TV para juegos de computadora, para niños y niñas de 3 a…, 245
Shoes, Cyxus Filtro de Luz Azul Gafas Anti Tensión de Ojos para Hombres y Mujeres Retro Marco Metal Clásico Lente Transparentes…, 105
Shoes, Brasier de Lactancia Deportivo de Diseño de Fácil Apertura, Copas Ajustables y Tirantes Amplios Que Facilitan la…, 165
Shoes, SOJOS Gafas de Filtro de Luz Azul para Computador Lentes Antireflejantes para Mujer Ojo de Gato Marco de metal SJ5027…, 161
Shoes, Cheelom Hormas Ensanchadoras de Zapatos Ajustable de 5 pares Moldeador de Zapatos y Camilla de Ideal para todos los…, 36
Shoes, 2paquetes Gafas de Filtro de Luz Azul Lentes Antireflejantes Mujer y Hombres Lentes de Computadora para Anti Tensión de…, 91
Shoes, Ditmo Uniformes Filipina Luisa Estampada para Dama, 10
Shoes, Cámaras de la red con micrófonos, cámaras de la red informática de alta resolución 1080 P, cámaras de la red USB 2.0 PC…, 40
Shoes, DC Shoes Tenis Hombre Method TX BB2 Negro, 35
Shoes, Amazon Essentials Pantalones de vestir elásticos resistentes a las arrugas, ajuste clásico. Pantalones para vestir para…, 3
Shoes, Goodthreads Selvedge Slim-fit Jean Jeans para Hombre, 8
Shoes, Wrangler Jean de Cintura Flexible y Ajuste Regular para Hombre, 139
Shoes, Goodthreads Suéter Henley de algodón Suave. Chamarra para Hombre, 48
Shoes, Goodthreads Playera de Manga Larga de Ante Henley Playera Henley para Hombre, 30
Shoes, Camiseta Interior Deportiva para Reducir Tallas en el Torso, Faja de Compresión Modeladora de Abdomen para Hombre…, 10
Shoes, FETY Leggings de entrenamiento para mujer con bolsillos de cintura alta, pantalones de yoga de longitud completa…, 12
Shoes, NEWKIBOU Cubierta del Zapato Impermeable Portátil con Cremallera Lluvia Nieve Protección contra el Barro Ducha de Lluvia…, 16
Shoes, Allen & Sean Women's One Piece Cute Curvy Swimsuits Tummy Control Slimming Swimwear Backless V-Neck Halter Top Bathing…, 3
Shoes, Crocs Crocband III Slide Sandalia de Meter para Unisex Adulto, 86
Shoes, Goodthreads Manga Larga índigo Henley Playera Henley para Hombre, 2
Shoes, find., 54
Shoes, Goodthreads Pantalones Cortos de Lona elásticos con Bolsillo para Porkchop de 27,94 cm Shorts Casuales para Hombre, 12
Shoes, PUMA Smash v2 Buck calzado de Deporte Unisex Adulto, 39
Shoes, Anteojos de bloqueo de luz azul para niños y niñas, para proteger la vista, para niños de 3 a 12 años, 2 unidades, Negro…, 41
Shoes, Fruit of the Loom Women's 6 pack Cotton Brief Panties, 78
Shoes, PUMA 190556 07 Zapatillas de Deporte Unisex Adulto, 71
Shoes, 28 Palms Camisa Tipo Polo de piqué de Alto Rendimiento Hawaiana de Ajuste estándar. Polo para Hombre, 28
Shoes, PUMA Flyer Runner Tenis para Correr para Unisex Adulto, 10
Shoes, Reloj Casio Digital Retro Unisex 33mm, pulsera de Acero Inoxidable, 79
Shoes, PUMA Zapatillas de Deporte para Unisex Adulto, 7
Shoes, DC Shoes Method TX M Tenis Hombre, Gris, 27.0 cm, 3
Shoes, CARE OF BY PUMA - sudadera de manga larga para hombre con cuello redondo y cuello redondo, 22
Shoes, Amazon Essentials Control Tech - Camiseta térmica de Manga Larga Camisa para Hombre, 18
Shoes, Reloj Casio Digital Core Unisex 57mm, 4
Shoes, Core 10 - Leggings para Mujer, Talla Mediana, Cortos, Regulares y Altos, 66
Shoes, Buttoned Down- Camisa de Vestir, para hombre, 88
Shoes, 28 Palms Amazon Brand Camisa Hawaiana de Ajuste Relajado 100% Seda Texturizada, 7
Shoes, CARE OF by PUMA - Zapatillas de piel para hombre de, 67
Shoes, Perry Ellis, 32
Shoes, CARE OF by PUMA - Zapatillas de satén para mujer de la marca, 27
Shoes, BLACK MAMUT Paraguas Invertido, Reversible, Doble Capa, Grande, Resistente al Viento, Protección UV, Ergonómico, Fácil…, 30
Shoes, PUMA Noos Pantalones Cortos Deportivos para Hombre, 5
Shoes, Dickies - Overol de Manga Corta para Hombre, 2
Shoes, CARE OF by PUMA - Zapatillas de deporte para mujer, 69
Shoes, Buttoned Down Pantalón de vestir para hombre, 47
Shoes, Buttoned Down Suéter Supima® de algodón con Cierre de Cuarto Chamarra para Hombre, 30
Shoes, Core 10 - Pantalones Cortos para Yoga para Mujer (Tallas XS a XL, Tallas Grandes 1 a 3X), 28
Shoes, PUMA Active Woven Short 5, 22
Shoes, Pantalón de vestir para hombre Buttoned Down, 24
Shoes, Champion Paquete de 4 Camisetas de Secado Doble. Camisa para Hombre, 11
Shoes, MAIZENA FECULA DE MAIZ ATOLE Sabor Fresa 3 sobres de 47g c/u, 17
Shoes, PUMA Wired Cage Zapatillas de Deporte para Unisex Adulto, 13
Shoes, Adela, 2
Shoes, Carter's Pelele de una Sola Pieza, Paquete de 2 Mono Largo para bebés niños, 12
Shoes, PUMA 36818501 Adela, 6
Shoes, Goodthreads Suéter de Cuello en V Marled Supersuave. Chamarra para Hombre, 17
Shoes, PUMA Retaliate Tenis para Correr para Hombre, 6
Shoes, Bolsa de Aseo de Viaje Colgante Organizador y Baño Dopp Higiene Kit con Gancho para Accesorios de Viaje Artículos de…, 5
Shoes, PUMA Adela, 151
Shoes, Peak Velocity Cremallera Completa Impermeable. Chaqueta Impermeable para Hombre, 11
Shoes, PUMA Flyer Runner Zapatillas de Deporte Exterior para Unisex Adulto, 8
Shoes, DC Midway Sn MX Negro Tenis Casuales Hombre, 2
Shoes, DC Shoes Tenis Hombre Method TX M Mod. Adys100397., 3
Shoes, Archer Watch Straps - Repuesto de Correa Reloj de Silicona para Hombre y Mujer, Caucho Fácil de Abrochar para Relojes y…, 10
Shoes, Goodthreads Camisa de manga larga para hombre, 3
Shoes, Lit Litex - Paquete 2 Playeras Premiun Slim fit para Hombre con Cuello Redondo y Manga Corta, 1
Shoes, Duracell Pila Especializada Alcalina Modelo 21/23 Pila de 12V Contiene 1 Paquete con 1 Pila, 303
Shoes, PUMA Anzarun Lite Bold Zapatillas de Deporte para Unisex Adulto, 14
Shoes, 28 Palms Relaxed-fit 100% Seda Tropical Leaves Jacquard Camisa Camisa de Botones para Hombre, 16
Shoes, Cyxus Filtro de Luz Azul Gafas para Mujeres y Hombres, Marco de Metal de Moda Anti Tensión de Ojos Lente Transparentes…, 204
Shoes, Bsubseach Mujer Vestido de Playa Verano Bordado Cubrir Bikini Camisola y Pareos Cover up, 2
Shoes, Bragas de Mujer Algodón Calzones tipo bikini Puro Cintura Elástica Antibacterial Grafeno Permeable al Aire Traje de Tres…, 11
Shoes, Sivvan Camiseta Manga Larga para Mujer, 4
Shoes, XSRTT Sombrero para el Sol Protector Gorro Pescador Anti-UV UPF50+ Gorra Pesca Solar ala Ancha Transpirable Multiusos…, 3
Shoes, Buttoned Down Suéter Supima® de algodón con Cuello en V Chamarra para Hombre, 19
Shoes, Little Treasure - Body unisex de algodón para bebé, 3
Shoes, PUMA Flyer Runner Sport Zapatillas de Deporte para Unisex Adulto, 3
Shoes, Simple Joys by Carter's Playeras de Manga Larga con diseño gráfico, 3 Unidades Set de Playera para Niñas, 6
Shoes, Gerber Baby Girls 2 Pack Sleep 'N Play, 5
Shoes, PUMA 90s Runner Zapatillas de Deporte para Unisex Adulto, 4
Shoes, Buttoned Down – Chaqueta Classic Fit Cuello sólido vestido, No necesita planchado Camisa, 7
Shoes, Simple Joys por Carter's Little Kid y Conjunto de Pijama de 4 Piezas para niñas pequeñas, 115
Shoes, Amazon Essentials para hombre estándar Slim-fit algodón piqué Polo de manga corta, 7
Shoes, TECHVIDA Relojes Caja de Reloj con 12 Compartimentos para Joyería Caja Organizador Oficina Escritorio Armario Negro Caja…, 35
Shoes, Under Armour Run Intelliknit suéter para Hombre, 3
Shoes, TIRANNA - Sandalia de Meter/Estilo Slide Unisex, F*CK COVID Color Blanco Tornasol, 22
Shoes, PUMA Popcat Sandalia de Meter para Unisex Adulto, 1
Shoes, Goodthreads, suéter Ligero de Lana Merino y acrílico, Talla XL, Color Negro, 12
Shoes, Simple Joys by Carter's Baby and Toddler Boys' 3-Pack Loose Fit Fleece Footed Pajamas, 204
Shoes, Nautica Playera de Manga Corta con Cuello en V y Ajuste Entallado. Camiseta para Hombre, 40
Shoes, "Outerstuff - Sudadera con Capucha para niña con Texto ""Claim to Fame""", 10
Shoes, DXDXL Motocicletas Harley Davidson Gorras de béisbol Ajustables Sombreros de Mezclilla Sombrero de Vaquero Retro Gorra…, 9
Shoes, Anne Klein - Reloj de pulsera para mujer con cristales de Swarovski, color oro rosa, 1
Shoes, MERAKI Casual Comfort Jersey Blazer Saco Casual para Hombre, 1
Shoes, Panasonic PIPANCR2032/5B Pila Litio Cr2032 3V, Color Pack of/Paquete de 1, 53
Shoes, Under Armour Jersey de Manga Corta Jersey de Manga Corta para Hombre, 2
Shoes, Skechers Zapatillas de Deporte para Hombre, 227
Shoes, Marvel Comics - Camiseta con Logo clásico Sencillo Camiseta para Hombre, 26
Shoes, PUMA Kids' BMW MMS Kart Cat Velcro Sneaker, 96
Shoes, Little Treasure - Body de algodón para bebé, 6
Shoes, Simple Joys de Carter's Baby - Playera de Manga Larga para niño (3 Unidades), 11
Shoes, Nautica - Polo de Manga Corta de algodón Suave para Hombre, 5
Shoes, Simple Joys by Carter's Paquete de 2 Sudaderas de Forro Polar con Cierre Completa. Sudadera con Capucha para bebés niños, 29
Shoes, PUMA Camiseta Camiseta para Hombre, 39
Shoes, EMAGIE Paraguas Automático de Viaje Paraguas Plegable Grande de Golf Sombrilla de Viaje Protección UV Paraguas para…, 6
Shoes, Mochila Jansport, 8
Shoes, Gaoye - anteojos de bloqueo de luz azul para mujer y hombre, montura redonda de Cateye con filtro de rayos UV, GY1696, 3
Shoes, PUMA Escaper Malla Velcro Tenis para Hombre, 26
Shoes, Amazon Essentials Pantalón Ligero de 5 Bolsillos para Exteriores Pantalones para Hombre, 202
Shoes, Buttoned Down Pantaln Chino de Corte Relajado con Parte Delantera Plana sin Plancha Pantalones para Vestir para Hombre, 39
Shoes, Simple Joys by Carter's - Juego de Pijama (4 Piezas), 38
Shoes, Touched by Nature Vestido de algodón orgánico Vestido Casual para Mujer, 11
Shoes, Invicta Men's Pro Diver Quartz Watch with Stainless Steel Strap, 19
Shoes, PUMA Love Patent Wn's Zapatillas de Deporte Exterior para Mujer, 48
Shoes, Invicta 22416 Watch Men's Pro Diver Quartz Stainless Steel Casual, 3
Shoes, Reloj INVICTA para Hombres 43mm, pulsera de Acero Inoxidable, 16
Shoes, Aditivo Playera con Estampado Charra, diseño patrio de México, de Manga Larga para Mujer., 7
Shoes, Warner's Blissful Benefits No Muffin Parte Superior - Bragas (3 Unidades) Calzones para Mujer, 140
Shoes, Carter's, 12
Shoes, Duracell Copper & Black Pilas Alcalinas AAA Pilas Multiusos de 1.5 V Incluye 1 Paquete con 12 Pilas, 135
Shoes, CARNIVAL Brasier con Encaje Copa Completa para Mujer, 15
Shoes, CARNIVAL Conjunto Liso Top y bóxer para Mujer, 15
Shoes, CARNIVAL Top Deportivo a Dos Tonos con Espalda Cruzada Modelo 4732, 8
Shoes, Fruit of the Loom Bóxeres Ajustados para Hombre, 53
Shoes, Calvin Klein- Calzones tipo bikini, QP1094M, Para mujer, 23
Shoes, Zephyr NCAA Flota Hypercool Performance Gorra para Hombre, diseño Puede Variar, 12
Shoes, Adidas MLS - Gorro de Punto con pompón para Hombre, 12
Shoes, CARNIVAL Brasier con Encaje Escote Profundo para Mujer, 1
Shoes, Simple Joys by Carter's Paquete de 2 Sudaderas de Forro Polar con Cierre Completa. Sudadera con Capucha para bebés…, 13
Shoes, MERAKI Cárdigan de algodón con Cuello Redondo para Mujer Chamarra de Punto para Mujer, 23
Shoes, PUMA 306504 02 Sneaker para Unisex Adulto, 31
Shoes, Adidas Fast and Confident All Over Print - Chamarra con Capucha para Hombre, 11
Shoes, Fruit of the Loom Front Close Builtup Brasier Deportivo Sujetador Deportivo para Mujer, 84
Shoes, DC Shoes Tenis Hombre Method TX M Adys100238 Bmg, 20
Shoes, Kenneth Cole Witter, sin Cordones Mocasín para Hombre, 23
Shoes, Nintendo Little Super Mario - Juego de gorro y guantes para niños (4-7 años), 32
Shoes, Achiou - Bufanda para el cuello, protección solar, ligera, resistente al viento, transpirable, pesca, senderismo, correr…, 56
Shoes, PUMA 306509 02 Sneaker para Unisex Adulto, 5
Shoes, JSBelle Caja de joyería, Caja de cuero del organizador de la joyería del viaje del portable para las pulseras del collar…, 22
Shoes, PUMA Super Levitate Tenis para Hombre, 4
Shoes, Realtree - Playera térmica de Manga Larga para Hombre, 5
Shoes, Realtree - Pantalones térmicos para Hombre, 2
Shoes, Calvin Klein Immerge French Terry Jogger para Hombre, 33
Shoes, Calvin Klein Juego de 2 Piezas. Juego de Pantalones para Niños, 105
Shoes, Simple Joys by Carter's Juego de Pijama de Navidad de algodón de 3 Piezas Juego de Pijama para Niños, 14
Shoes, New Balance Calzoncillos Tipo Calzones de Malla de 5 Pulgadas sin Mosca, Ropa Interior atlética de compresión (Paquete…, 27
Shoes, Cyxus Lentes Transparentes de Gafas de para Hombres/Mujeres Unisexo Vidrios Ordinarios Marco Ligeras y Cómodas Clásico…, 22
Shoes, Dickies Dri-tech - Calcetines deportivos para hombre (control de la humedad, multipaquete), 43
Shoes, Lecoon Shorts Deportivos Hombre Pantalones Cortos para Correr 2 en 1 con Forro de Bolsillo Incorporado Secado Rápido…, 7
Shoes, Little Treasure - Body Unisex de algodón para bebé, 15
Shoes, Disney de los Hombres Olaf Jersey, Color, 25
Shoes, Buttoned DownCamisa de vestir hombre ajuste a medida spread-collar sólido de no necesita planchado, 38
Shoes, Disney Suéter de Navidad Feo Chamarra sin botón para Mujer, 46
Shoes, Buttoned Down Camisa de algodón de Lino de Corte Ajustado Camisa de Botones para Hombre, 3
Shoes, Nintendo Nintendo Super Mario - Gorro de invierno para niños de 4 a 7 años Set de accesorios de invierno para Niños, 22
Shoes, Vampirina Spooktastic Spookylele with Gloves Doll, 48
Shoes, AmazonBasics Anti-Theft Roll Top Backpack - Grey, 33
Shoes, Escante - Bragas de Entrepierna Abierta para Mujer, 3
Shoes, Paraguas Invertido Paraguas de Doble Capa Lluvia Sombrilla Protección UV con Doble Refuerzo Resistente a Vientos y…, 6
Shoes, Skechers Zapatillas de deporte para Hombre, 82
Shoes, Adidas Must Haves - Playera Reflectante con Capucha para Hombre, 3 Rayas, 23
Shoes, Madden Girl - Bandolera de reciclaje, color negro, 2
Shoes, Nintendo Ugly Christmas Crew - Sudadera Sudadera para niños Unisex, 19
Shoes, FILA Men's F-13 Weather Tech Hiking Boot, Castlerock/Black/Dark Silver, 7 M US, 3
Shoes, SweatyRocks - Pantalones deportivos ligeros de secado rápido para mujer con bolsillo, 3
Shoes, Simple Joys by Carter's Baby and bebé - Leggings para niña (3 Unidades), 8
Shoes, Adidas Essentials - Chamarra de 3 Rayas para Hombre, 15
Shoes, MASHO Saco de Dormir para niños Invierno, 48
Shoes, Simple Joys by Carter's Baby, Little Kid, and bebé Girls' - Juego de Pijama de Navidad (3 Piezas, algodón), 10
Shoes, Goodthreads Manga Corta índigo Henley Playera Henley para Hombre, 21
Shoes, Luvable Friends, 1
Shoes, Gerber, 1
Shoes, Loly in the Sky Britzia Zapatilla Tenis Mujer Negro Material Sintético Vegano Made in México Cómodos Talla Fiel Zapato…, 27
Shoes, Kanu Surf Riviera - Bañador para Hombre, 10
Shoes, PUMA BMW MMS Smash Tenis para Unisex Adulto, 22
Shoes, Redlemon Mochila Transporte para Nintendo Switch Carrier Bag, Ideal para viajes, 24
Shoes, Hudson Baby - Saco de Dormir Unisex de Felpa para bebé, 3
Shoes, Kanu Surf - Bañador para Hombre, diseño de Estrella de mar, Secado rápido, para Playa, 7
Shoes, OTS NHL - Sudadera de Forro Polar con Cierre 1/4 para Mujer, 14
Shoes, Loly in the Sky Alda Zapatilla Tenis Mujer Blanca Material Sintético Vegano Made in México Cómodos Talla Fiel Zapato…, 17
Shoes, Soffe Men's Training Fleece Crew Sweatshirt, 14
Shoes, US Polo Association - chamarra de burbujas para niños (más estilos disponibles), 12
Shoes, Goodthreads Suéter de Cuello Redondo Marled Supersuave. Chamarra para Hombre, 12
Shoes, Kids Headquarters Conjunto de Pantalones Cortos para niños de la sede Infantil, 36
Shoes, DKNY - Conjunto de Pantalones Cortos para bebé, 8
Shoes, Hanes Men's Full-Zip EcoSmart Fleece Hoodie, 34
Shoes, Llivho Lentes Para Computadora Niños y Niña de 3 a 15 Años, Redondos Gamer Gafas Filtro Luz Azul Antireflejantes Vista…, 46
Shoes, OTS NBA Sudadera con Capucha y Forro Polar para Mujer, 8
Shoes, 2/3/4 Piezas Gafas de Filtro de Luz Azul para Niños, Lentes Antirreflejos de Computadora Anteojos de Juego Antifatiga…, 57
Shoes, Invicta Pro Diver - Reloj para hombre (37,5 mm, acero inoxidable y tono dorado), 10
Shoes, Simple Joys por Carter's Baby 4 Piezas Bodysuit, pantalón, Babero y Gorra Set, 15
Shoes, Goodthreads Playera de Manga Larga de Ajuste estándar. Camisa de Botones para Hombre, 80
Shoes, Columbia - Equipo de Control de Humedad para Hombre, 4
Shoes, Bolsa Térmica de Comida, Bolsa Porta Alimentos Bandolera para Hombres y Mujeres con Correa de Hombro Ajustable, Bolso…, 17
Shoes, Amazon Essentials Polo Ajustado de algodón con Punta de piqué Camisa para Hombre, 50
Shoes, Mae Bralette para mujer cuello espalda cruzada, 19
Shoes, Helly-Hansen HH LIFA - Playera térmica de Manga Larga con Cuello Redondo y Manga Larga, 17
Shoes, Villini - Funda de piel con tapa para tarjeta de identificaciÃ³n, diseÃ±o de bloqueo RFID, 5
Shoes, GUESS Camiseta para Hombre, 14
Shoes, Lataly - brasier de lactancia sin costuras para mujer, 10
Shoes, 2 pares Levantamiento de Cubierta Sujetador silicona Sujetador adhesivo invisible Reutilizable Sin tirantes Sin respaldo…, 9
Shoes, Spotted Zebra Disney Star Wars Marvel - Leggings de Princesa Frozen Leggings para Niñas, 11
Shoes, Kiwi Shoe Shampoo, 246 gr., 5
Shoes, Goodthreads Men's Standard-Fit Long-Sleeve Banker Striped Shirt, 24
Shoes, TRUTH & FABLE Amazon Brand Maxi Vestido de satén para Mujer, 3
Shoes, OTS NFL Poly Dot Polo para Hombre, 18
Shoes, TCK Digital Camo Aware Over The Becerro Calcetines Rosa Lazo Sóftbol Fútbol, 9
Shoes, Ultra Game NBA Playera sin Mangas para Hombre, 2
Shoes, Solstice Apparel - Playera de Viaje de Manga Corta para Hombre, 12
Shoes, Simple Joys by Carter's Baby - Pantalón para niño (4 Unidades), 57
Shoes, Simple Joys by Carter's Girls' - Conjunto de 3 Pijama de algodón, 8
Shoes, Warner's Blissful Benefits - Brasier sin Aros Sujetador para Camiseta para Mujer, 29
Shoes, Adidas Gorra de España Sombrero para Unisex Adulto, 1
Shoes, Bruno Marc Botas para Hombres Calzado Trabajo Chukka Boots, 3
Shoes, Hanes Cami de algodón elástico con Brasier con Estante Integrado. Camiseta de Tirantes para Mujer, 3
Shoes, FITTOO Pantalones Deportivos Mujer Yoga Leggings de Alta Cintura elásticos y Transpirables para Running Fitness con Gran…, 9
Shoes, Cold Crush Women's Ugly Christmas Sweater, 3
Shoes, Majoxin Reparación de relojes del reloj Herramienta Reparación 19 Conjuntos De Juego de herramientas en Split Ver…, 9
Shoes, No Nonsense, 4
Shoes, Hanes Playera Sin Mangas con Doble Tecnología Paquete de 2 Piezas Camiseta Deportiva para Hombre, 12
Shoes, Solstice Apparel - Camisa de Viaje de Manga Corta para Hombre, 1
Shoes, Bolso de Pecho Antirrobo Mochila Cruzada Impermeable Mini con Puerto USB y Puerto para Auriculares Bandolera…, 21
Shoes, Zephyr NCAA Archive Vault Collection Snapback Sombrero para Hombre, 13
Shoes, Amazon Essentials - Polo de algodón con Punta de piqué para Hombre, 25
Shoes, EREACH Pantalones Cortos para Hombres Shorts Deportivos para Correr 2 en 1 para Hombre Fitness Ciclismo Running Training…, 18
Shoes, DailyShoes - Zapatillas Deportivas de Espuma viscoelástica para Mujer, 6207l Black Lime Mesh, 24
Shoes, PUMA Camiseta Camiseta para Niños, 13
Shoes, Kenneth Cole Stand Sneaker PT Tenis para Hombre, 6
Shoes, Puma, 21
Shoes, MARC JOSEPH NEW YORK Zapato de Vestir con Cordones de Piel para Hombre Oxford para Hombre, 7
Shoes, Kiwi Espuma Limpiadora de Calzado Deportivo, 156 g, 5
Shoes, SweatyRocks - playera de tirantes para mujer, diseño de letras, 10
Shoes, Goodthreads Pantalones Cortos de Lona elásticos con Bolsillo para Porkchop de 22,86 cm Shorts Casuales para Hombre, 10
Shoes, Wrangler Authentics - Jeans de Ajuste Regular para Hombre, 22
Shoes, SweatyRocks - playera sin mangas para mujer, 10
Shoes, Calvin Klein Men's Denim Trucker Jacket, 6
Shoes, Kenneth Cole New York, 4
Shoes, Camisa de vestir para hombre Calvin Klein Xtreme Slim Fit, 16
Shoes, Calvin Klein Camisa de vestir para hombre, 16
Shoes, Calvin Klein camiseta de vestir para hombre, 16
Shoes, Calvin Klein Camisa de vestir Slim Fit para hombre, 15
Shoes, Abalorios de cerdo de cocodrilo, 15
Shoes, Hudson Baby Body Unisex de algodón de Manga Larga para bebé, 16
Shoes, Goodthreads Camisa de Manga Larga Ajustada. Camisa de Botones para Hombre, 16
Shoes, Abalorios de globo para zapatos y pulseras, 12 abalorios incluidos, 8
Shoes, Lark & Ro Vestido sin Mangas Vestido para Mujer, 16
Shoes, Yageyan - Zapatillas de lona para mujer, con cordones, estilo casual, 5
Shoes, Ereach Invierno Gorros de Punto con Bufanda de Hombre Conjunto de Bufanda Sombrero con Forro de Lana para Hombre de…, 5
Shoes, PUMA Cool Cat Sandalia de Meter para Unisex Adulto, 5
Shoes, PUMA Turin II 366962 04 Zapatillas de Deporte para Unisex Adulto, 5
Shoes, Van Heusen Camisa de vestir, ajuste regular, para hombre, 2
Shoes, Ultra Game NBA Playera sin Mangas para Hombre, Playera sin Mangas Muscle, Negro, X-Large, 14
Shoes, XOXO Jeanna Bota para Senderismo para Mujer, 3
Shoes, Buttoned Down Jersey de Lana de Merino Italiano con Cuello en V Chamarra sin botón para Hombre, 8
Shoes, Hudson Baby Baby Cozy Fleece Booties with Non Skid Bottom, 4
Shoes, Adidas Essentials - Chamarra de Tricot para Hombre (3 Rayas), 4
Shoes, Fruit of the Loom - Calcetines de doble defensa para hombre, 12 pares, 1
Shoes, Fruit of the Loom - Calcetines de doble defensa para hombre, 12 pares, 1
Shoes, Solstice Apparel - Camisa de Viaje de Manga Corta para Hombre, 1
Shoes, Adidas Gorra de España Sombrero para Unisex Adulto, 1
Shoes, Gerber, 1
Shoes, Luvable Friends, 1
Shoes, CARNIVAL Brasier con Encaje Escote Profundo para Mujer, 1
Shoes, MERAKI Casual Comfort Jersey Blazer Saco Casual para Hombre, 1
Shoes, Anne Klein - Reloj de pulsera para mujer con cristales de Swarovski, color oro rosa, 1
Shoes, PUMA Popcat Sandalia de Meter para Unisex Adulto, 1
Shoes, Lit Litex - Paquete 2 Playeras Premiun Slim fit para Hombre con Cuello Redondo y Manga Corta, 1
Shoes, Little Me Vestido de ocasión Especial para niña, 1
Shoes, Amazon Essentials Men's Regular-Fit Short-Sleeve Casual Poplin Shirt, 1
Shoes, Bobois - Playeras Polo Hombre Casuales Moda Camisas Cuello Mao, 1
Shoes, Amazon Essentials Pantalón ajustado Pantalones para Hombre, 1
Shoes, Fruit of the Loom Men's Crew Neck T-Shirt Multipack, 1
Shoes, Calvin Klein - Ropa Interior para niño, de algodón, Varios Colores, 1
Shoes, Nautica Boys' Uniform Full-Zip Fleece Jacket, 1
Shoes, MERAKI Marca Amazon – Chamarra Vaquera estándar para Hombre, 1
Shoes, MERAKI Amazon Brand Tronco de algodón para Hombre, Multicolor, 1
Shoes, Van Heusen Camisa de vestir, ajuste regular, para hombre, 2
Shoes, Ultra Game NBA Playera sin Mangas para Hombre, 2
Shoes, Madden Girl - Bandolera de reciclaje, color negro, 2
Shoes, Realtree - Pantalones térmicos para Hombre, 2
Shoes, Under Armour Jersey de Manga Corta Jersey de Manga Corta para Hombre, 2
Shoes, Bsubseach Mujer Vestido de Playa Verano Bordado Cubrir Bikini Camisola y Pareos Cover up, 2
Shoes, DC Midway Sn MX Negro Tenis Casuales Hombre, 2
Shoes, Adela, 2
Shoes, Dickies - Overol de Manga Corta para Hombre, 2
Shoes, Goodthreads Manga Larga índigo Henley Playera Henley para Hombre, 2
Shoes, Gaoye - anteojos de bloqueo de luz azul para mujer y hombre, bisagra de resorte TR90, marco ligero, lente anti UV, GY1696, 2
Shoes, Amazon Essentials Camiseta de Manga Larga con Cuello en V 100% algodón. Camiseta para Mujer, 2
Shoes, Amazon Brand - Find. Calcetines tobilleros de algodón para hombre, paquete de 12, 2
Shoes, CUENA Reloj para Hombre, Diseño Ejecutivo, Elegante, Contemporáneo, Clásico, Correa de Metal, Fechador Automático, Broche de Presión, 2
Shoes, Fruit of the Loom Women's 6-Pack Assorted Cotton Bikini Panties, 2
Shoes, Energizer 2025 Lithium Coin Cell Battery (4Count), 2
Shoes, Adar Uniforms médicos Unisex - Uniformes médicos Unisex con cordón, 2
Shoes, Umenice Paraguas de viaje a prueba de viento Compacto Automático Abierto Cierre Pequeño Paraguas plegables Ajuste Golf Mochila Mochila Resistente al viento para hombres y mujeres Viajeros (AC306NV), 2
Shoes, Gildan G2000 Ultra Cotton Playera para Adultos, Paquete de 2 Camiseta para Hombre, 2
Shoes, Adidas Gorra Adidas Trucker Logo Gorra para Hombre, 2
Shoes, XOXO Jeanna Bota para Senderismo para Mujer, 3
Shoes, Cold Crush Women's Ugly Christmas Sweater, 3
Shoes, Hanes Cami de algodón elástico con Brasier con Estante Integrado. Camiseta de Tirantes para Mujer, 3
Shoes, Bruno Marc Botas para Hombres Calzado Trabajo Chukka Boots, 3
Shoes, TRUTH & FABLE Amazon Brand Maxi Vestido de satén para Mujer, 3
Shoes, Hudson Baby - Saco de Dormir Unisex de Felpa para bebé, 3
Shoes, SweatyRocks - Pantalones deportivos ligeros de secado rápido para mujer con bolsillo, 3
Shoes, FILA Men's F-13 Weather Tech Hiking Boot, Castlerock/Black/Dark Silver, 7 M US, 3
Shoes, Escante - Bragas de Entrepierna Abierta para Mujer, 3
Shoes, Buttoned Down Camisa de algodón de Lino de Corte Ajustado Camisa de Botones para Hombre, 3
Shoes, Invicta 22416 Watch Men's Pro Diver Quartz Stainless Steel Casual, 3
Shoes, Gaoye - anteojos de bloqueo de luz azul para mujer y hombre, montura redonda de Cateye con filtro de rayos UV, GY1696, 3
Shoes, Under Armour Run Intelliknit suéter para Hombre, 3
Shoes, PUMA Flyer Runner Sport Zapatillas de Deporte para Unisex Adulto, 3
Shoes, Little Treasure - Body unisex de algodón para bebé, 3
Shoes, XSRTT Sombrero para el Sol Protector Gorro Pescador Anti-UV UPF50+ Gorra Pesca Solar ala Ancha Transpirable Multiusos…, 3
Shoes, Goodthreads Camisa de manga larga para hombre, 3
Shoes, DC Shoes Tenis Hombre Method TX M Mod. Adys100397., 3
Shoes, DC Shoes Method TX M Tenis Hombre, Gris, 27.0 cm, 3
Shoes, Allen & Sean Women's One Piece Cute Curvy Swimsuits Tummy Control Slimming Swimwear Backless V-Neck Halter Top Bathing…, 3
Shoes, Amazon Essentials Pantalones de vestir elásticos resistentes a las arrugas, ajuste clásico. Pantalones para vestir para…, 3
Shoes, Fruit of the Loom - Alambre sin Costuras para Mujer, 3
Shoes, Jenny-BaBy Tie The Knot - Pulsera de abalorio Personalizable con Letras del Alfabeto, Regalo para Damas de Honor, 3
Shoes, Puma Women 's paquete de 6 calcetines de corte bajo, 3
Shoes, Campeon BodyBeat Fajas para Mujer Fajas Reductoras Corsé Waist Trainer Corset Reductor Adelgazante Fajas Colombianas, 3
Shoes, Levi's 721 High-Rise Skinny Jeans Jeans para Mujer, 3
Shoes, JSBelle Caja de joyería, Caja de cuero del organizador de la joyería del viaje del portable para las pulseras del collar de los pendientes de los anillos (Blanco), 3
Shoes, Calvin Klein tobogán para alberca Sandalia de Meter para Hombre, 3
Shoes, NAVISKIN Playera Casual UPF 50+ de Manga Larga para Hombre con Capucha Camiseta Deportiva de Térmica Acampada Campismo Senderismo Deporte Marcha Ligera Secado Rápido, 3
Shoes, Simpsons Camiseta Camiseta para Hombre, 3
Shoes, find. Midi Denim Corbata Cintura Camisa Vestido Vestidos Informales para Mujer, 3
Shoes, Bragas de Mujer Algodón Calzones tipo bikini Puro Cintura Elástica Antibacterial Grafeno Permeable al Aire Traje de Tres Piezas de Hipster Deportivos Comodidad Pantaletas Ligeras para Levantar la Cadera, Cintura y Estómago ASHOWIN, 3
Shoes, PLstar Cosmos Moda y diversión Sudadera con Capucha de impresión en 3D Sudadera para Hombre para Mujer Sudadera Casual con Capucha Harajuku, 3
Shoes, Adidas Essentials - Chamarra de Tricot para Hombre (3 Rayas), 4
Shoes, Hudson Baby Baby Cozy Fleece Booties with Non Skid Bottom, 4
Shoes, Kenneth Cole New York, 4
Shoes, No Nonsense, 4
Shoes, Columbia - Equipo de Control de Humedad para Hombre, 4
Shoes, PUMA Super Levitate Tenis para Hombre, 4
Shoes, PUMA 90s Runner Zapatillas de Deporte para Unisex Adulto, 4
Shoes, Sivvan Camiseta Manga Larga para Mujer, 4
Shoes, Reloj Casio Digital Core Unisex 57mm, 4
Shoes, PAVOI - arete de plata de ley 925 bañados en oro de 14 quilates con circonitas cúbicas brillantes y redondas, para mujer, con clip, para cartílago, 4
Shoes, YAYAS PIEL Bolsa Napa De Piel Unitalla - Leather Handbag - Bolsa Tote 100% de Piel - Hecho en México. Hecha a Mano, 4
Shoes, FIND - Zapato de tacón de Piel con Punta Redonda para Mujer, 4
Shoes, Kids Headquarters Juego de Leggings Juego de 2 Leggings para bebés niñas, 4
Shoes, CARSINEL Oro Blanco Mujer Chapado en circonita Solitario circonita Pendientes del Collar de la, 4
Shoes, SOUTHPOLE Flex Stretch Basic Skinny Fit Jeans Jeans para Hombre, 4
Shoes, Champion Men's Graphic Powerblend Fleece Crew, 4
Shoes, ATG by Wrangler Men's Trail Jacket, 4
Shoes, MOTOR CASUAL Shorts Cargo de Sarga para Hombres Shorts Holgados de Carga Suelta de algodón, 4
Shoes, Little Me Unisex, 4
Shoes, Ultra Game NBA Oklahoma City Thunder - Sudadera de Forro Polar para Hombre (Talla XL), Color Negro, 4
Shoes, FITTOO Pantalones Cortos Deportivos Leggings Mujer Yoga de Alta Cintura para Yoga Running Fitness, 4
Shoes, Amazon Essentials Camisa de franela a cuadros de manga larga de ajuste delgado Camisa de botones para Hombre, 4
Shoes, find. Amazon Brand Ropa Interior de algodón elástico para Hombre, 4
Shoes, Goodthreads Pantalón de Lona elástico de Ajuste Recto Pantalones Casuales para Hombre, 4
Shoes, Brasier Deportivo con Cierre Frontal para Mujer, sin Costuras con Copas extraíbles, Tela Absorbente (2 Unidades), 4
Shoes, Columbia Men 's Bahama II Camisa de manga corta para hombre, 4
Shoes, Wilson 10 Piezas Tin para Hombre, Afelpado, Color Negro , Talla Única, 8792, 4
Shoes, Marvel Marvel Casco con Visión Capitán América Costume, 4
Shoes, PUMA Turin II 366962 04 Zapatillas de Deporte para Unisex Adulto, 5
Shoes, PUMA Cool Cat Sandalia de Meter para Unisex Adulto, 5
Shoes, Ereach Invierno Gorros de Punto con Bufanda de Hombre Conjunto de Bufanda Sombrero con Forro de Lana para Hombre de…, 5
Shoes, Yageyan - Zapatillas de lona para mujer, con cordones, estilo casual, 5
Shoes, Kiwi Espuma Limpiadora de Calzado Deportivo, 156 g, 5
Shoes, Kiwi Shoe Shampoo, 246 gr., 5
Shoes, Villini - Funda de piel con tapa para tarjeta de identificaciÃ³n, diseÃ±o de bloqueo RFID, 5
Shoes, Realtree - Playera térmica de Manga Larga para Hombre, 5
Shoes, PUMA 306509 02 Sneaker para Unisex Adulto, 5
Shoes, Nautica - Polo de Manga Corta de algodón Suave para Hombre, 5
Shoes, Gerber Baby Girls 2 Pack Sleep 'N Play, 5
Shoes, Bolsa de Aseo de Viaje Colgante Organizador y Baño Dopp Higiene Kit con Gancho para Accesorios de Viaje Artículos de…, 5
Shoes, PUMA Noos Pantalones Cortos Deportivos para Hombre, 5
Shoes, KOI lite 721 Women's Peace Scrub Pant, 5
Shoes, CHEROKEE Pantalones Cargo de Pierna Recta de Corte Medio Pantalones quirúrgicos para Mujer, 5
Shoes, OshKosh B'Gosh Ignición (Ignition) Tenis para Bebé-Niños, 5
Shoes, Calvin Klein - Juego de 2 pantalones para camisa y pantalón para niño, 5
Shoes, Coleman 9-Can Suave Enfriador con Forro Duro, 5
Shoes, Conjunto de ropa de verano para bebé y niña, 5
Shoes, Amazon Essentials Women's Plush Button-Front Coat, 5
Shoes, RockDove - Zapatillas de Espuma de Memoria para Hombre, 5
Shoes, Waliwell Paraguas Automático de Viaje, Paraguas Invertido con 10 Costillas, Paraguas Plegables para Hombre y Mujer, Paraguas de Lluvia & Sombrilla & Protección UV, 105cm, 5
Shoes, PUMA Rayos X Tenis para Unisex Adulto, 5
Shoes, Relojes Oro Rosa Reloj para Mujer de Pulsera Esfera de Reloj Mesh Acero Inoxidable Mesh Correa Impermeable Relojes, 5
Shoes, Ditmo Uniformes Juego Quirúrgico Buenos Aires para Dama, 5
Shoes, Columbia para niños, 5
Shoes, Calvin Klein Men's Denim Trucker Jacket, 6
Shoes, Kenneth Cole Stand Sneaker PT Tenis para Hombre, 6
Shoes, Paraguas Invertido Paraguas de Doble Capa Lluvia Sombrilla Protección UV con Doble Refuerzo Resistente a Vientos y…, 6
Shoes, EMAGIE Paraguas Automático de Viaje Paraguas Plegable Grande de Golf Sombrilla de Viaje Protección UV Paraguas para…, 6
Shoes, Little Treasure - Body de algodón para bebé, 6
Shoes, Simple Joys by Carter's Playeras de Manga Larga con diseño gráfico, 3 Unidades Set de Playera para Niñas, 6
Shoes, PUMA Retaliate Tenis para Correr para Hombre, 6
Shoes, PUMA 36818501 Adela, 6
Shoes, New Balance 009 V1 Tenis para niños, 6
Shoes, Casio - Reloj Casual De Cuarzo Inspirado En Diver Para Hombre, 6
Shoes, Southpole Men's 6181 Straight Fit Basic Streaky Denim Pants, 6
Shoes, Calvin Klein QF4844-082 Tanga para Mujer, 6
Shoes, Yimidear® Unisex Cálido Pijamas para Adultos Cosplay Animales de Vestuario Ropa de dormir, 6
Shoes, Reloj para Mujer de Frida Kahlo Dibujo Animado con Correa de Tela Ajustable Trenzada Multi Color Movimiento Análogo, 6
Shoes, Levi's Graphic Po Hoodie - G Sudadera para Hombre, 6
Shoes, Emoly - Poncho impermeable para niños, portátil, reutilizable, para niños de 6 a 12 años de edad, para camping, senderismo, viajes, mochilero, color amarillo, 6
Shoes, Simple Joys por Carter's Traje de baño de 2 Piezas para bebé y niño pequeño Tronco y Rashguard, 6
Shoes, XSRTT Sombrero para el Sol Protector Gorro Pescador Anti-UV UPF50+ Gorra Pesca Solar ala Ancha Transpirable Multiusos con Velo y Mosquitera Protección Cuello Al Aire Libre, 6
Shoes, Champion Attribute Riñonera, 6
Shoes, CHEROKEE Pantalón con cordón a la Moda Acampanados para Mujer, 6
Shoes, PUMA Evercat Runway - bolsa deportiva, 6
Shoes, The Children's Place - Jeans para bebé, 6
Shoes, Tenis de deporte para rendimiento para Correr Micro G Pursuit para Hombre Under Armour, 6
Shoes, MARC JOSEPH NEW YORK Zapato de Vestir con Cordones de Piel para Hombre Oxford para Hombre, 7
Shoes, Kanu Surf - Bañador para Hombre, diseño de Estrella de mar, Secado rápido, para Playa, 7
Shoes, Lecoon Shorts Deportivos Hombre Pantalones Cortos para Correr 2 en 1 con Forro de Bolsillo Incorporado Secado Rápido…, 7
Shoes, Aditivo Playera con Estampado Charra, diseño patrio de México, de Manga Larga para Mujer., 7
Shoes, Amazon Essentials para hombre estándar Slim-fit algodón piqué Polo de manga corta, 7
Shoes, Buttoned Down – Chaqueta Classic Fit Cuello sólido vestido, No necesita planchado Camisa, 7
Shoes, 28 Palms Amazon Brand Camisa Hawaiana de Ajuste Relajado 100% Seda Texturizada, 7
Shoes, PUMA Zapatillas de Deporte para Unisex Adulto, 7
Shoes, TRUTH & FABLE Amazon Brand Overol Multiway para Mujer, 7
Shoes, Ditmo Uniformes Filipina de Intendencia Classic para Dama de Botón, 7
Shoes, Gerber Baby, 7
Shoes, Goodthreads Camisa de Jean de Manga Larga con Cuello en Banda. Camisa de Botones para Hombre, 7
Shoes, Kipling City Pack Mochila sólida, 7
Shoes, LOB Casual Cubrebocas para Niños, 7
Shoes, Gildan Heavy Blend G18500 - Sudadera con Capucha Camisa para Hombre, 7
Shoes, Gerber Baby Girls' Paquete de 4 Sleep 'N Play, 7
Shoes, Paraguas Invertido Paraguas de Doble Capa Lluvia Sombrilla Protección UV con Doble Refuerzo Resistente a Vientos y Lluvias Fuertes con Mango Ergonómico Tipo C para Hombre y Mujer(Estrella), 7
Shoes, "Active Jungle , 7
Shoes, Amazon Essentials Pack de 5 Calzoncillos de Punto Bóxer para Hombre, 7
Shoes, SojoS Gafas De Sol Para Hombres Y Mujeres Aviador Clásico Marco Metal Lentes Espejo Polarizadas SJ1054, 7
Shoes, Buttoned Down Jersey de Lana de Merino Italiano con Cuello en V Chamarra sin botón para Hombre, 8
Shoes, Abalorios de globo para zapatos y pulseras, 12 abalorios incluidos, 8
Shoes, Simple Joys by Carter's Girls' - Conjunto de 3 Pijama de algodón, 8
Shoes, OTS NBA Sudadera con Capucha y Forro Polar para Mujer, 8
Shoes, DKNY - Conjunto de Pantalones Cortos para bebé, 8
Shoes, Simple Joys by Carter's Baby and bebé - Leggings para niña (3 Unidades), 8
Shoes, CARNIVAL Top Deportivo a Dos Tonos con Espalda Cruzada Modelo 4732, 8
Shoes, Mochila Jansport, 8
Shoes, PUMA Flyer Runner Zapatillas de Deporte Exterior para Unisex Adulto, 8
Shoes, Goodthreads Selvedge Slim-fit Jean Jeans para Hombre, 8
Shoes, Goodthreads Jeans Selvedge de Corte Ajustado. Jeans para Hombre, 8
Shoes, Cyxus Gafas de Filtro de Luz Azul para Niños y Adolescentes (Lente Transparente) Bloqueo uv Anti Fatiga de Ojos, Grandioso para Teléfono y iPad (Azul Claro 6006), 8
Shoes, One Step Up Túnica Tejida y Juego de Leggings Juego de Pantalones para Niñas, 8
Shoes, Kipling City Pack Mochila mediana, 8
Shoes, Fruit of the Loom Coolzone - Calzoncillos Calzones para Hombre, 8
Shoes, Umenice Paraguas de viaje a prueba de viento Compacto Automático Abierto Cierre Pequeño Paraguas plegables Ajuste Golf Mochila Mochila Resistente al viento para hombres y mujeres Viajeros (AC306BK), 8
Shoes, Archer Watch Straps - Repuesto de Correa Reloj de Silicona para Hombre y Mujer, Caucho Fácil de Abrochar para Relojes y Smartwatch - Varios Colores, 16mm, 18mm, 20mm, 22mm, 24mm, 8
Shoes, Hanes Boys' Toddler Low Cut Sock 10-Pack, 8
Shoes, Simple Joys by Carter's Baby - Set de 6 Personajes, 8
Shoes, FITTOO Mallas Pantalones Deportivos Mujer Elásticos Transpirables para Yoga Running Fitness, 8
Shoes, Majoxin Reparación de relojes del reloj Herramienta Reparación 19 Conjuntos De Juego de herramientas en Split Ver…, 9
Shoes, FITTOO Pantalones Deportivos Mujer Yoga Leggings de Alta Cintura elásticos y Transpirables para Running Fitness con Gran…, 9
Shoes, TCK Digital Camo Aware Over The Becerro Calcetines Rosa Lazo Sóftbol Fútbol, 9
Shoes, 2 pares Levantamiento de Cubierta Sujetador silicona Sujetador adhesivo invisible Reutilizable Sin tirantes Sin respaldo…, 9
Shoes, DXDXL Motocicletas Harley Davidson Gorras de béisbol Ajustables Sombreros de Mezclilla Sombrero de Vaquero Retro Gorra…, 9
Shoes, Southpole Men's Classic Graphic Tee, 9
Shoes, Cinturones trenzados de tela elástica de tela elástica multicolor, 9
Shoes, NEWKIBOU Cubierta del Zapato Impermeable Portátil con Cremallera Lluvia Nieve Protección contra el Barro Ducha de Lluvia Contramedida de Lluvia Aplicable a Hombres y Mujeres, 9
Shoes, Calvin Klein 045, 9
Shoes, SweatyRocks - playera sin mangas para mujer, 10
Shoes, Goodthreads Pantalones Cortos de Lona elásticos con Bolsillo para Porkchop de 22,86 cm Shorts Casuales para Hombre, 10
Shoes, SweatyRocks - playera de tirantes para mujer, diseño de letras, 10
Shoes, Lataly - brasier de lactancia sin costuras para mujer, 10
Shoes, Invicta Pro Diver - Reloj para hombre (37,5 mm, acero inoxidable y tono dorado), 10
Shoes, Kanu Surf Riviera - Bañador para Hombre, 10
Shoes, Simple Joys by Carter's Baby, Little Kid, and bebé Girls' - Juego de Pijama de Navidad (3 Piezas, algodón), 10
Shoes, "Outerstuff - Sudadera con Capucha para niña con Texto ""Claim to Fame""", 10
Shoes, Archer Watch Straps - Repuesto de Correa Reloj de Silicona para Hombre y Mujer, Caucho Fácil de Abrochar para Relojes y…, 10
Shoes, PUMA Flyer Runner Tenis para Correr para Unisex Adulto, 10
Shoes, Camiseta Interior Deportiva para Reducir Tallas en el Torso, Faja de Compresión Modeladora de Abdomen para Hombre…, 10
Shoes, Ditmo Uniformes Filipina Luisa Estampada para Dama, 10
Shoes, KOI Lite Women's Lightweight & Athletic Philosophy Scrub Top, 10
Shoes, Nautica Sudadera de Manga Larga con Capucha. Camiseta para Hombre, 10
Shoes, Calvin Klein 780, 10
Shoes, Goodthreads Pantalón Chino elástico de Ajuste atlético con 5 Bolsillos Pantalones Casuales para Hombre, 10
Shoes, PUMA Tazon 6 Fracture FM Tenis para Hombre, 10
Shoes, find. Amazon Brand Botas de Piel para Mujer Andy Classic Chelsea, 10
Shoes, Touched by Nature Baby - Pantalones de algodón orgánico, 10
Shoes, Spotted Zebra Disney Star Wars Marvel - Leggings de Princesa Frozen Leggings para Niñas, 11
Shoes, Adidas Fast and Confident All Over Print - Chamarra con Capucha para Hombre, 11
Shoes, Touched by Nature Vestido de algodón orgánico Vestido Casual para Mujer, 11
Shoes, Simple Joys de Carter's Baby - Playera de Manga Larga para niño (3 Unidades), 11
Shoes, Bragas de Mujer Algodón Calzones tipo bikini Puro Cintura Elástica Antibacterial Grafeno Permeable al Aire Traje de Tres…, 11
Shoes, Peak Velocity Cremallera Completa Impermeable. Chaqueta Impermeable para Hombre, 11
Shoes, Champion Paquete de 4 Camisetas de Secado Doble. Camisa para Hombre, 11
Shoes, Goodthreads Blazer de Lana Ajustado Americana para Hombre, 11
Shoes, Amazon Essentials - Conjunto de 3 piezas de chamarra para niño, 11
Shoes, Goodthreads Amazon Brand, Camisa Oxford de Manga Larga para Hombre, 11
Shoes, Sandalia Wedge Barbara - para Mujer - Yayas - Hecho en México - Siempre Sexy con Tus Sandalias Yayas Barbara de Cuña., 11
Shoes, Kipling Money Land portafolios RFID para mujer, 11
Shoes, Goodthreads Jeans Ajustados de Tiro Alto Jeans para Mujer, 11
Shoes, FETY Leggings de entrenamiento para mujer con bolsillos de cintura alta, pantalones de yoga de longitud completa, control de barriga de 4 vías, pantalones elásticos para mujer, 11
Shoes, Buttoned Down Jersey de Lana de Merino Italiano con Cuello Redondo Chamarra sin botón para Hombre, 11
Shoes, Levi's 511™ Slim Fit Jeans Jeans para Hombre, 11
Shoes, Levi's 502 Regular Taper Jeans para Hombre, 11
Shoes, Levi's Skinny Taper Jeans Jeans para Hombre, 11
Shoes, Levi's 501® '93 Straight Jeans para Hombre, 11
Shoes, Calvin Klein Ck19720s - anteojos de sol cuadradas para hombre, 11
Shoes, Ultra Game NFL - Sudadera con Capucha para Hombre, 11
Shoes, Hanes Playera Sin Mangas con Doble Tecnología Paquete de 2 Piezas Camiseta Deportiva para Hombre, 12
Shoes, Solstice Apparel - Playera de Viaje de Manga Corta para Hombre, 12
Shoes, Goodthreads Suéter de Cuello Redondo Marled Supersuave. Chamarra para Hombre, 12
Shoes, US Polo Association - chamarra de burbujas para niños (más estilos disponibles), 12
Shoes, Adidas MLS - Gorro de Punto con pompón para Hombre, 12
Shoes, Zephyr NCAA Flota Hypercool Performance Gorra para Hombre, diseño Puede Variar, 12
Shoes, Carter's, 12
Shoes, Goodthreads, suéter Ligero de Lana Merino y acrílico, Talla XL, Color Negro, 12
Shoes, Carter's Pelele de una Sola Pieza, Paquete de 2 Mono Largo para bebés niños, 12
Shoes, Goodthreads Pantalones Cortos de Lona elásticos con Bolsillo para Porkchop de 27,94 cm Shorts Casuales para Hombre, 12
Shoes, FETY Leggings de entrenamiento para mujer con bolsillos de cintura alta, pantalones de yoga de longitud completa…, 12
Shoes, SHHORS Reloj Digital Unisex, Bloques, con Múltiples Funciones, Cronómetro, Alarma, Luz, Calendario, para Niño o Adulto…, 12
Shoes, DKNY Calzoncillos de algodón elástico, Paquete de 3 Slip para Hombre, 12
Shoes, AT ESS barrel bag, 12
Shoes, Calvin Klein Cuello Redondo de Rayas de Manga Corta. Camiseta para Niños, 12
Shoes, Goodthreads Chino de 5 Bolsillos Ajustado Pantalones Casuales para Hombre, 12
Shoes, Adidas Youth Parma 16 - Pantalones Cortos, 12
Shoes, Panam 0084-092 Tenis para Adulto Unisex, 12
Shoes, PUMA Camiseta Camiseta para Niños, 13
Shoes, Zephyr NCAA Archive Vault Collection Snapback Sombrero para Hombre, 13
Shoes, Simple Joys by Carter's Paquete de 2 Sudaderas de Forro Polar con Cierre Completa. Sudadera con Capucha para bebés…, 13
Shoes, PUMA Wired Cage Zapatillas de Deporte para Unisex Adulto, 13
Shoes, SHHORS Reloj Digital Unisex, Bloques, con Múltiples Funciones, Cronómetro, Alarma, Luz, Calendario, para Niño o Adulto, Niña, Extensible Ajustable a Cualquier Talla, Personaliza los Colores, Diferente, Divertido, Casual, Infantil, Moderno, Colorido, 13
Shoes, Goodthreads Blazer de Sarga elástico de Ajuste Delgado Americana para Hombre, 13
Shoes, Anteojos de bloqueo de luz azul para niños y niñas, para proteger la vista, para niños de 3 a 12 años, 2 unidades, Negro + gris negro., 13
Shoes, find. Fnd0055am Abrigo para Hombre, 13
Shoes, Amazon Essentials Shoreham Mocasín para Hombre, 13
Shoes, Reloj Casio Analógico Illuminator con World Time para Hombres 45mm, 13
Shoes, Ultra Game NBA Playera sin Mangas para Hombre, Playera sin Mangas Muscle, Negro, X-Large, 14
Shoes, GUESS Camiseta para Hombre, 14
Shoes, Soffe Men's Training Fleece Crew Sweatshirt, 14
Shoes, OTS NHL - Sudadera de Forro Polar con Cierre 1/4 para Mujer, 14
Shoes, Simple Joys by Carter's Juego de Pijama de Navidad de algodón de 3 Piezas Juego de Pijama para Niños, 14
Shoes, PUMA Anzarun Lite Bold Zapatillas de Deporte para Unisex Adulto, 14
Shoes, find. Marca de Amazon. Andros Slip, 14
Shoes, TRUTH & FABLE Bodycon de torsión estándar para Mujer, 14
Shoes, Reloj Digital Deportivo Militar, Doble hora, Dual Time, Timer, Cronómetro, Luz, Pantalla Retroiluminada, Resistente al Agua, Alarma y fecha, Correa Ajustable Modelo 1251, 14
Shoes, 28 Palms Pantalón de Lino elástico con cordón. Pantalones Casuales para Hombre, 14
Shoes, Abalorios de cerdo de cocodrilo, 15
Shoes, Calvin Klein Camisa de vestir Slim Fit para hombre, 15
Shoes, Simple Joys por Carter's Baby 4 Piezas Bodysuit, pantalón, Babero y Gorra Set, 15
Shoes, Adidas Essentials - Chamarra de 3 Rayas para Hombre, 15
Shoes, Little Treasure - Body Unisex de algodón para bebé, 15
Shoes, CARNIVAL Conjunto Liso Top y bóxer para Mujer, 15
Shoes, CARNIVAL Brasier con Encaje Copa Completa para Mujer, 15
Shoes, UNK NBA Sudadera con Capucha para Hombre, con Forro Polar, Color del Equipo, 15
Shoes, Hanes Playera de Manga Larga con Cuello en V. Camisa para Mujer, 15
Shoes, CHEROKEE Workwear - Camisa elstica Uniformes médicos para Mujer, 15
Shoes, Nadole XSRTT Cangurera Deportiva, 2 Unidades Deportes CinturÃ³n Elastic Waist de Pack con Doble Bolsa para Auricular y Llaves, RiÃ±oneras Deportivo de Hombres y Mujeres para Correr, Ciclismo, Gimnasio, 15
Shoes, Lecoon Traje de Baño Hombre Bañador Corto para Playa Natación Piscina Secado Rápido con Forro de Mallas, 15
Shoes, Irevial Women Pajamas Sets Striped Short Sleeve Cotton Sleepwear Nightwear Pjs Sets, 15
Shoes, Duracell Pila Especializada de Litio Modelo 2032 Tipo Moneda de 3V Contiene 1 Paquete con 1 Pila, 15
Shoes, Lark & Ro Vestido sin Mangas Vestido para Mujer, 16
Shoes, Goodthreads Camisa de Manga Larga Ajustada. Camisa de Botones para Hombre, 16
Shoes, Hudson Baby Body Unisex de algodón de Manga Larga para bebé, 16
Shoes, Calvin Klein camiseta de vestir para hombre, 16
Shoes, Calvin Klein Camisa de vestir para hombre, 16
Shoes, Camisa de vestir para hombre Calvin Klein Xtreme Slim Fit, 16
Shoes, Reloj INVICTA para Hombres 43mm, pulsera de Acero Inoxidable, 16
Shoes, 28 Palms Relaxed-fit 100% Seda Tropical Leaves Jacquard Camisa Camisa de Botones para Hombre, 16
Shoes, NEWKIBOU Cubierta del Zapato Impermeable Portátil con Cremallera Lluvia Nieve Protección contra el Barro Ducha de Lluvia…, 16
Shoes, Calvin Klein Women's Invisibles Hipster Panty, 16
Shoes, Helly-Hansen HH LIFA - Playera térmica de Manga Larga con Cuello Redondo y Manga Larga, 17
Shoes, Bolsa Térmica de Comida, Bolsa Porta Alimentos Bandolera para Hombres y Mujeres con Correa de Hombro Ajustable, Bolso…, 17
Shoes, Loly in the Sky Alda Zapatilla Tenis Mujer Blanca Material Sintético Vegano Made in México Cómodos Talla Fiel Zapato…, 17
Shoes, Goodthreads Suéter de Cuello en V Marled Supersuave. Chamarra para Hombre, 17
Shoes, MAIZENA FECULA DE MAIZ ATOLE Sabor Fresa 3 sobres de 47g c/u, 17
Shoes, DC Flash 2 TX MX M Shoe 5bd Vino Tenis Casual Unisex, 17
Shoes, Levi's Relaxed Fit Jeans Mezclilla para Hombre, 17
Shoes, Columbia Tamiami II - Camisa de manga larga para hombre, 17
Shoes, EREACH Pantalones Cortos para Hombres Shorts Deportivos para Correr 2 en 1 para Hombre Fitness Ciclismo Running Training…, 18
Shoes, OTS NFL Poly Dot Polo para Hombre, 18
Shoes, Amazon Essentials Control Tech - Camiseta térmica de Manga Larga Camisa para Hombre, 18
Shoes, Casio De los hombres negro Analog anti Reverse Bisel reloj, 18
Shoes, Skechers Go Walk Skechweave Suave Cintura Movimiento II Corto Pantalones Cortos para Hombre, 18
Shoes, find. Amazon Brand – Encontrar Zapatos de Gamuza para Hombre en Acabado de Piel de Doble Monje, 18
Shoes, Reloj Casio Illuminator con World Time para Hombres 45mm, pulsera de Acero Inoxidable, 18
Shoes, Calvin Klein Calzoncillos Calzones clásicos de algodón para Hombre, Paquete de 5, 18
Shoes, Mae Bralette para mujer cuello espalda cruzada, 19
Shoes, Nintendo Ugly Christmas Crew - Sudadera Sudadera para niños Unisex, 19
Shoes, Invicta Men's Pro Diver Quartz Watch with Stainless Steel Strap, 19
Shoes, Buttoned Down Suéter Supima® de algodón con Cuello en V Chamarra para Hombre, 19
Shoes, Calvin Klein Little Modern Bralette de algodón para niñas, 19
Shoes, DC Shoes Tenis Hombre Method TX M Adys100238 Bmg, 20
Shoes, Hudson - Body de algodón sin Mangas para bebé, 5 Unidades, 20
Shoes, Jerzees - Polo de Manga Corta para Hombre, 20
Shoes, Wilson 6 Piezas Tin para Ho mbre, Afelpado, Color Multicolor, Talla Única, 8377, 20
Shoes, PUMA ESS Hoody FL Big Logo Sudadera con Capucha para Hombre, 20
Shoes, Protector de Zapatos Impermeable Cubiertas de Zapatos a Prueba de Agua Lluvia Nieve Cubrebotas con Cremalleras Resistentes y Tacones Reflectantes para Hombre o Mujer -Exteriores Bicicleta Motocicleta Cubrebotas Viaje Antideslizante Reutilizable Botas Cubierta(L), 20
Shoes, Puma, 21
Shoes, Bolso de Pecho Antirrobo Mochila Cruzada Impermeable Mini con Puerto USB y Puerto para Auriculares Bandolera…, 21
Shoes, Goodthreads Manga Corta índigo Henley Playera Henley para Hombre, 21
Shoes, Travelon - Bolso de hombro clásico antirrobo, Forro de color gris oscuro., One_Size, 21
Shoes, Columbia Ivo Trail Breeze - Zapatillas de Senderismo y Correr Zapatos para senderimo para Hombre, 21
Shoes, Wrangler Authentics - Jeans de Ajuste Regular para Hombre, 22
Shoes, PUMA BMW MMS Smash Tenis para Unisex Adulto, 22
Shoes, Nintendo Nintendo Super Mario - Gorro de invierno para niños de 4 a 7 años Set de accesorios de invierno para Niños, 22
Shoes, Cyxus Lentes Transparentes de Gafas de para Hombres/Mujeres Unisexo Vidrios Ordinarios Marco Ligeras y Cómodas Clásico…, 22
Shoes, JSBelle Caja de joyería, Caja de cuero del organizador de la joyería del viaje del portable para las pulseras del collar…, 22
Shoes, TIRANNA - Sandalia de Meter/Estilo Slide Unisex, F*CK COVID Color Blanco Tornasol, 22
Shoes, PUMA Active Woven Short 5, 22
Shoes, CARE OF BY PUMA - sudadera de manga larga para hombre con cuello redondo y cuello redondo, 22
Shoes, GOGOEY Reloj Para Mujer de Movimiento Análogo, Corte Diamante, Cuarzo, Detalle en Carátula Zirconias, Universo, Espacio, Galaxia con Extensible Metálico, Broche de Imán, Elegante, 22
Shoes, New Balance Tanga 24v1 Sandalia para Adulto, Unisex, 22
Shoes, Adidas Must Haves - Playera Reflectante con Capucha para Hombre, 3 Rayas, 23
Shoes, Kenneth Cole Witter, sin Cordones Mocasín para Hombre, 23
Shoes, MERAKI Cárdigan de algodón con Cuello Redondo para Mujer Chamarra de Punto para Mujer, 23
Shoes, Calvin Klein- Calzones tipo bikini, QP1094M, Para mujer, 23
Shoes, RockDove - Zapatillas de espuma viscoelástica para mujer, 23
Shoes, Goodthreads Camisa de Manga Larga con Estampado de Cambray Camisa de Botones para Hombre, 23
Shoes, livho Lentes Para Computadora Niños y Niña de 3 a 15 años, Redondos Gamer Gafas Filtro Luz Azul Antireflejantes Vista Cansadalentes, 23
Shoes, Nautica - Polo de piqué de Manga Corta para Hombre, 23
Shoes, Amazon Essentials pantalones cortos clásicos de 9 pulgadas para hombre, 23
Shoes, Adidas Performance Boxer - Calzoncillos para Ropa Interior (3 Unidades) Ropa Interior para Hombre, 23
Shoes, DailyShoes - Zapatillas Deportivas de Espuma viscoelástica para Mujer, 6207l Black Lime Mesh, 24
Shoes, Goodthreads Men's Standard-Fit Long-Sleeve Banker Striped Shirt, 24
Shoes, Redlemon Mochila Transporte para Nintendo Switch Carrier Bag, Ideal para viajes, 24
Shoes, Pantalón de vestir para hombre Buttoned Down, 24
Shoes, Amazon Essentials - Polo de algodón con Punta de piqué para Hombre, 25
Shoes, Disney de los Hombres Olaf Jersey, Color, 25
Shoes, HAOSHIDUO Zapatillas de Tenis para Mujer Ligeras cómodas de Malla Calzado de Caminata para Mujer sin Cordones, 25
Shoes, CHEROKEE Workwear Scrubs Men's Cargo Pant, 25
Shoes, Bolsa de Aseo de Viaje Colgante Organizador y Baño Dopp Higiene Kit con Gancho para Accesorios de Viaje Artículos de Tocador Baño, Afeitado y Maquillaje para Hombres y Mujeres, 25
Shoes, PUMA Escaper Malla Velcro Tenis para Hombre, 26
Shoes, Marvel Comics - Camiseta con Logo clásico Sencillo Camiseta para Hombre, 26
Shoes, Ultra Game NBA Playera sin Mangas para Hombre, Playera sin Mangas Muscle, Negro, Mediano, 26
Shoes, Loly in the Sky Britzia Zapatilla Tenis Mujer Negro Material Sintético Vegano Made in México Cómodos Talla Fiel Zapato…, 27
Shoes, New Balance Calzoncillos Tipo Calzones de Malla de 5 Pulgadas sin Mosca, Ropa Interior atlética de compresión (Paquete…, 27
Shoes, CARE OF by PUMA - Zapatillas de satén para mujer de la marca, 27
Shoes, Amazon Essentials Camisa Oxford de manga larga con ajuste regular para hombre, 27
Shoes, Core 10 - Pantalones Cortos para Yoga para Mujer (Tallas XS a XL, Tallas Grandes 1 a 3X), 28
Shoes, 28 Palms Camisa Tipo Polo de piqué de Alto Rendimiento Hawaiana de Ajuste estándar. Polo para Hombre, 28
Shoes, Goodthreads, suéter Ligero de Lana Merino y acrílico con Cierre Completa, Azul Marino Grande, 28
Shoes, Warner's Blissful Benefits - Brasier sin Aros Sujetador para Camiseta para Mujer, 29
Shoes, Simple Joys by Carter's Paquete de 2 Sudaderas de Forro Polar con Cierre Completa. Sudadera con Capucha para bebés niños, 29
Shoes, Nautica Young Polo de piqué elástico de Manga Corta para Hombre, 29
Shoes, Bolsa Térmica de Comida, Bolsa Porta Alimentos Bandolera para Hombres y Mujeres con Correa de Hombro Ajustable, Bolso Nevera de Alimentos de Tamaño Medio de 8 Latas para Trabajo y Colegio (Gris)), 29
Shoes, Buttoned Down Suéter Supima® de algodón con Cierre de Cuarto Chamarra para Hombre, 30
Shoes, BLACK MAMUT Paraguas Invertido, Reversible, Doble Capa, Grande, Resistente al Viento, Protección UV, Ergonómico, Fácil…, 30
Shoes, Goodthreads Playera de Manga Larga de Ante Henley Playera Henley para Hombre, 30
Shoes, PUMA 306504 02 Sneaker para Unisex Adulto, 31
Shoes, Goodthreads Amazon Brand, Playera de Manga Larga para Hombre, 31
Shoes, Achiou - Bufanda para el cuello, protección solar, ligera, resistente al viento, transpirable, pesca, senderismo, correr, ciclismo, 31
Shoes, Nintendo Little Super Mario - Juego de gorro y guantes para niños (4-7 años), 32
Shoes, Perry Ellis, 32
Shoes, AmazonBasics Anti-Theft Roll Top Backpack - Grey, 33
Shoes, Calvin Klein Immerge French Terry Jogger para Hombre, 33
Shoes, Lecoon Shorts Deportivos Hombre Pantalones Cortos para Correr 2 en 1 con Forro de Bolsillo Incorporado Secado Rápido Transpirable para Running Gym Entrenamiento, 33
Shoes, Lark & Ro Vestido de Manga con Detalles ahumados. Vestido para Mujer, 33
Shoes, Hanes Men's Full-Zip EcoSmart Fleece Hoodie, 34
Shoes, Hanes, 34
Shoes, TECHVIDA Relojes Caja de Reloj con 12 Compartimentos para Joyería Caja Organizador Oficina Escritorio Armario Negro Caja…, 35
Shoes, DC Shoes Tenis Hombre Method TX BB2 Negro, 35
Shoes, Crocs Crocband Chanclas para Mujer, Sandalias de Verano Casuales, Zapatos de Playa y Ducha Chancletas para Mujer, 35
Shoes, Amazon Essentials chamarra acolchada Chaqueta para Hombre, 35
Shoes, Kids Headquarters Conjunto de Pantalones Cortos para niños de la sede Infantil, 36
Shoes, Cheelom Hormas Ensanchadoras de Zapatos Ajustable de 5 pares Moldeador de Zapatos y Camilla de Ideal para todos los…, 36
Shoes, AmazonBasics Báscula digital para equipaje, 36
Shoes, Hanes Bóxeres para Hombre, 36
Shoes, Amazon Essentials Abrigo Resistente al Agua. Chaqueta para Mujer, 36
Shoes, Buttoned DownCamisa de vestir hombre ajuste a medida spread-collar sólido de no necesita planchado, 38
Shoes, Simple Joys by Carter's - Juego de Pijama (4 Piezas), 38
Shoes, Goodthreads Camisa de Popelina de Manga Larga con Cuello Abotonado Camisa de Botones para Hombre, 38
Shoes, Buttoned Down Pantaln Chino de Corte Relajado con Parte Delantera Plana sin Plancha Pantalones para Vestir para Hombre, 39
Shoes, PUMA Camiseta Camiseta para Hombre, 39
Shoes, PUMA Smash v2 Buck calzado de Deporte Unisex Adulto, 39
Shoes, EMAGIE Paraguas Automático de Viaje Paraguas Plegable Grande de Golf Sombrilla de Viaje Protección UV Paraguas para lluvia Anti-Viento Portátil Compacto Seca Rápido 46 Pulgadas, 39
Shoes, WonderWink Women's Plus Size Scrubs Bravo 5-Pocket V-Neck Top, 39
Shoes, Nautica Playera de Manga Corta con Cuello en V y Ajuste Entallado. Camiseta para Hombre, 40
Shoes, Cámaras de la red con micrófonos, cámaras de la red informática de alta resolución 1080 P, cámaras de la red USB 2.0 PC…, 40
Shoes, LOB Casual Cubrebocas para Unisex adulto, 40
Shoes, Amazon Essentials chamarra de golf con cierre frontal resistente al agua. Chaqueta para Hombre, 40
Shoes, Crocs Crocband Clog K Sandalias con Correa de Tobillo Unisex Niños, 40
Shoes, Cheelom Hormas Ensanchadoras de Zapatos Ajustable de 5 pares Moldeador de Zapatos y Camilla de Ideal para todos los zapatos, tacones y zapatillas de deporte - para hombres y mujeres - Plástico Premium, 40
Shoes, Champion Men 's powerblend forro polar sudadera con capucha, 40
Shoes, Wrangler Authentics Mens Classic Regular-Fit Jean, 40
Shoes, Anteojos de bloqueo de luz azul para niños y niñas, para proteger la vista, para niños de 3 a 12 años, 2 unidades, Negro…, 41
Shoes, NICEWIN - Mallas de ciclismo para hombre, acolchadas 3D de secado rápido, 41
Shoes, Dickies Dri-tech - Calcetines deportivos para hombre (control de la humedad, multipaquete), 43
Shoes, SIGLO® Cartera para Hombre Minimalista con Clip de Billetes y Bloqueo RFID, Billetera para Hombre Diseño Slim, 43
Shoes, Amazon Essentials Pantalón elástico Ligero Pantalones para Hombre, 43
Shoes, Amazon Essentials Cadencia Bota tobillera para Hombre, 43
Shoes, Umenice Paraguas de viaje, 44
Shoes, Amazon Essentials Watson Oxford para Hombre, 45
Shoes, PUMA Cabana Racer Malla Velcro niños Tenis para Unisex niños, 45
Shoes, Goodthreads Chamarra Moto Chaqueta para Hombre, 45
Shoes, Llivho Lentes Para Computadora Niños y Niña de 3 a 15 Años, Redondos Gamer Gafas Filtro Luz Azul Antireflejantes Vista…, 46
Shoes, Disney Suéter de Navidad Feo Chamarra sin botón para Mujer, 46
Shoes, Goodthreads Sudadera de Manga Larga con Capucha Camiseta para Hombre, 46
Shoes, Buttoned Down Pantalón de vestir para hombre, 47
Shoes, Touched by Nature - Vestido y cárdigan de algodón orgánico para niña, 47
Shoes, Nautica - Polo de Manga Corta para Hombre, 47
Shoes, MASHO Saco de Dormir para niños Invierno, 48
Shoes, Vampirina Spooktastic Spookylele with Gloves Doll, 48
Shoes, PUMA Love Patent Wn's Zapatillas de Deporte Exterior para Mujer, 48
Shoes, Goodthreads Suéter Henley de algodón Suave. Chamarra para Hombre, 48
Shoes, DREAM PAIRS Zapatillas de Correr para Hombre, 49
Shoes, Amazon Essentials Polo Ajustado de algodón con Punta de piqué Camisa para Hombre, 50
Shoes, Simple Joys by Carter's Baby 8-Pack Short-Sleeve Bodysuit, 51
Shoes, IBAX® Pijama para niños y Adultos, Ropa para Dormir de Animales y Personajes., 52
Shoes, Fruit of the Loom Bóxeres Ajustados para Hombre, 53
Shoes, Panasonic PIPANCR2032/5B Pila Litio Cr2032 3V, Color Pack of/Paquete de 1, 53
Shoes, Anne Klein AK/1980TMGB Women's Analog Display Japanese Quartz Beige Watch, 53
Shoes, find., 54
Shoes, New Balance Ct20 V1. Tenis para Hombre, 55
Shoes, Ditmo Uniformes Pantalon 869, 55
Shoes, Amazon Essentials Pantalón Corto elástico de Ajuste Regular. Pantalones Cortos para Hombre, 55
Shoes, Achiou - Bufanda para el cuello, protección solar, ligera, resistente al viento, transpirable, pesca, senderismo, correr…, 56
Shoes, Simple Joys by Carter's Baby - Body de Manga Larga, 5 Unidades, 56
Shoes, Simple Joys by Carter's Baby - Pantalón para niño (4 Unidades), 57
Shoes, 2/3/4 Piezas Gafas de Filtro de Luz Azul para Niños, Lentes Antirreflejos de Computadora Anteojos de Juego Antifatiga…, 57
Shoes, Goodthreads Amazon Brand, Playera de Manga Larga Chambray para Hombre, 58
Shoes, DKNY Calzoncillos elásticos cepillados, Paquete de 3 Slip para Hombre, 59
Shoes, Simple Joys by Carter's Conjunto de 6 Piezas de Body para niña (Manga Corta y Larga) y Pantalones, 60
Shoes, Goodthreads Blazer de Lana de Ajuste estándar. Americana para Hombre, 62
Shoes, The Children's Place Jeans de Pierna Recta para niños, 62
Shoes, Essentials by Seven Apparel, 62
Shoes, Calzoncillos térmicos para mujer, ultra suaves, largos, capa base, esquí, invierno, cálido y parte superior e inferior, 63
Shoes, Goodthreads Camisa de Manga Larga de Doble Cara Camisa de Botones para Hombre, 63
Shoes, Core 10 - Leggings para Mujer, Talla Mediana, Cortos, Regulares y Altos, 66
Shoes, CARE OF by PUMA - Zapatillas de piel para hombre de, 67
Shoes, Amazon Essentials Playera de Manga Corta con Cuello en V para Mujer, 2 Unidades, 67
Shoes, CARE OF by PUMA - Zapatillas de deporte para mujer, 69
Shoes, find. Encontrar., 70
Shoes, PUMA 190556 07 Zapatillas de Deporte Unisex Adulto, 71
Shoes, Amazon Essentials Chamarra Deportivo Tela Abrigo de Vestir para Hombre, 73
Shoes, Goodthreads - Playera Oxford de Manga Larga para Hombre, 74
Shoes, Hanes Women's Nano Premium Cotton tee, 75
Shoes, Fruit of the Loom Women's 6 pack Cotton Brief Panties, 78
Shoes, Reloj Casio Digital Retro Unisex 33mm, pulsera de Acero Inoxidable, 79
Shoes, Goodthreads Playera de Manga Larga de Ajuste estándar. Camisa de Botones para Hombre, 80
Shoes, Touched by Nature - Vestido de Manga Corta para niña de algodón orgánico, 81
Shoes, Skechers Zapatillas de deporte para Hombre, 82
Shoes, Fruit of the Loom Front Close Builtup Brasier Deportivo Sujetador Deportivo para Mujer, 84
Shoes, GJP #8031 Mochila Bolsos Cadera Táctica Militar Multiusos, Multifuncional Diseño Uso Rudo con Sistema Molle Monedero para Deporte al Aire Libre Escalada Ciclismo Pesca Campismo Senderismo Porta Celular Accesorios Audífonos Power Bank (KAKI), 85
Shoes, Crocs Crocband III Slide Sandalia de Meter para Unisex Adulto, 86
Shoes, Buttoned Down- Camisa de Vestir, para hombre, 88
Shoes, Gorra para Golf Men's Elevated TB Tour Cap para Hombre Under Armour, 88
Shoes, CHEROKEE, 89
Shoes, U.S. Polo Assn. Conjunto de Pantalones Juego de Pantalones para Niños, 90
Shoes, 2paquetes Gafas de Filtro de Luz Azul Lentes Antireflejantes Mujer y Hombres Lentes de Computadora para Anti Tensión de…, 91
Shoes, Fruit of the Loom para Mujer, 91
Shoes, Cyxus lentes transparentes vidrios ordinarios clásico moda marco gafas unisexo(hombres/mujeres) ligeras cómodas, 92
Shoes, Goodthreads Blazer de Lino Ajustado Americana para Hombre, 94
Shoes, PUMA Kids' BMW MMS Kart Cat Velcro Sneaker, 96
Shoes, Leggings Depot Women's Printed Solid Activewear Jogger Track Cuff Sweatpants Inner Pockets, 100
Shoes, Livho anteojos de bloqueo de luz azul para niños, anteojos de TV para juegos de computadora, para niños y niñas de 3 a 15 años, antirreflejos, tren y filtro Blu-ray, Azul, Mediano, 101
Shoes, Calvin Klein Juego de 2 Piezas. Juego de Pantalones para Niños, 105
Shoes, Cyxus Filtro de Luz Azul Gafas Anti Tensión de Ojos para Hombres y Mujeres Retro Marco Metal Clásico Lente Transparentes…, 105
Shoes, Bumkins Silicone Grip Dish, Azul, 105
Shoes, Simple Joys by Carter's Baby and bebé - Calcetines para niño (12 unidades), 106
Shoes, Goodthreads - Playera de Manga Larga para Hombre, 107
Shoes, Luvable Friends 7 Piece Flannel Receiving Blanket, Basic Elephant, One Size, 107
Shoes, Amazon Essentials Paquete de 2 Camisetas de Manga Larga con Cuello Redondo Camiseta para Mujer, 108
Shoes, Simple Joys por Carter's Little Kid y Conjunto de Pijama de 4 Piezas para niñas pequeñas, 115
Shoes, Amazon Brand - Pantalones Chinos de Sarga elástica con Botones para Hombre de Ajuste Recto de 5 Bolsillos, fácil Cuidado, 115
Shoes, 2paquetes Gafas de Filtro de Luz Azul Lentes Antireflejantes Mujer y Hombres Lentes de Computadora para Anti Tensión de Ojos Lentes Transparentes Bloqueo UV (Marco negro mate, leopardo) ASHOWIN, 121
Shoes, Truper BOT-25I, Bota industrial de PVC talla 25, 128
Shoes, Duracell Copper & Black Pilas Alcalinas AAA Pilas Multiusos de 1.5 V Incluye 1 Paquete con 12 Pilas, 135
Shoes, Wrangler Jean de Cintura Flexible y Ajuste Regular para Hombre, 139
Shoes, Goodthreads Chino Pantalones Casuales para Hombre, 139
Shoes, Warner's Blissful Benefits No Muffin Parte Superior - Bragas (3 Unidades) Calzones para Mujer, 140
Shoes, Russell Athletic Men's Essenital Short Sleeve tee, 140
Shoes, Goodthreads para Hombre Slim-fit Camisa de Placed-Stripe Bolsillo Oxford de Manga, 141
Shoes, PUMA Adela, 151
Shoes, lentes para computadora Niños Luz azul Gafas de bloqueo Anti Eyestrain Computadora UV Gafas Lente no recetada edad 3-10, 151
Shoes, Simple Joys by Carter's Baby Girls' 2-Pack de Forro Polar para Dormir y Jugar, 152
Shoes, TECHVIDA Relojes Caja de Reloj con 12 Compartimentos para Joyería Caja Organizador Oficina Escritorio Armario Negro Caja de Reloj de Piel PU con Terciopelo Suave Regalo para Hombre y Mujer 12 Ranuras(Negro), 153
Shoes, Goodthreads Amazon Brand, Camisa de Popelina de Manga Larga estándar para Hombre, 153
Shoes, Ditmo Uniformes Filipina Duquesa para Dama con Cierre, 158
Shoes, Fruit of the Loom Men's Pocketed Open-Bottom Sweatpants - Extra Sizes, 159
Shoes, SOJOS Gafas de Filtro de Luz Azul para Computador Lentes Antireflejantes para Mujer Ojo de Gato Marco de metal SJ5027…, 161
Shoes, Brasier de Lactancia Deportivo de Diseño de Fácil Apertura, Copas Ajustables y Tirantes Amplios Que Facilitan la…, 165
Shoes, Dickies Signature - Camisa para Hombre con Cuello en V, 168
Shoes, Duracell Pilas Aa 6 Pza, Alcalinas, Color, Aa, Pack Of aquete de 12, 170
Shoes, Cyxus Filtro de Luz Azul Gafas Anti Tensión de Ojos para Hombres y Mujeres Retro Marco Metal Clásico Lente Transparentes Mejor Dormir (2 Piezas(Oro y Plata)), 179
Shoes, Duracell Pila Tamaño 2025 1 Pza, Pila Eizada, Pack of 1, 184
Shoes, Silver Plate Polo Polos para Hombre, 185
Shoes, Nautica - Polo de Manga Corta para Hombre (algodón Suave), 185
Shoes, Fruit of the Loom 6DLRBHM Pantaleta para Mujer, Multicolor, PAQUETE DE 6, (Colores pueden variar), 199
Shoes, Amazon Essentials Pantalón Ligero de 5 Bolsillos para Exteriores Pantalones para Hombre, 202
Shoes, Fruit of the Loom 5CBB001 Bóxeres Ajustados para Hombre, Multicolor (Colores pueden variar), 202
Shoes, Simple Joys by Carter's enterito de Manga Larga para bebé, Paquete de 5, 203
Shoes, Simple Joys by Carter's Baby and Toddler Boys' 3-Pack Loose Fit Fleece Footed Pajamas, 204
Shoes, Cyxus Filtro de Luz Azul Gafas para Mujeres y Hombres, Marco de Metal de Moda Anti Tensión de Ojos Lente Transparentes…, 204
Shoes, Hanes Camiseta de Manga Larga Playera para para Mujer, 204
Shoes, SOJOS Gafas de Filtro de Luz Azul para Computador Lentes Antireflejantes para Mujer Ojo de Gato Marco de metal SJ5027 She Young, 204
Shoes, STELLE - Brasier de Lactancia sin Costuras con Almohadillas para Orejas, Extensores y Clips, 205
Shoes, Cámaras de la red con micrófonos, cámaras de la red informática de alta resolución 1080 P, cámaras de la red USB 2.0 PC para los medios de comunicación de corriente, las llamadas de vídeo, los estudios, las reuniones, las grabaciones, las transmisiones en vivo, los Juegos rotatorios, Skype, YouTube, 207
Shoes, Skechers Zapatillas de Deporte para Hombre, 227
Shoes, i play. Unisex Baby Solid Flap Sun Protection Hat UPF 50+, 229
Shoes, Duracell Pilas Alcalinas Duralock AA con 6 unidades, 230
Shoes, Simple Joys by Carter's Girls' 2-Pack Cotton Footed Sleep and Play, 231
Shoes, Hudson Baby, 235
Shoes, Champion Raglan - Playera de béisbol para Hombre, 238
Shoes, Livho anteojos de bloqueo de luz azul para niños, anteojos de TV para juegos de computadora, para niños y niñas de 3 a…, 245
Shoes, Simple Joys by Carter's Pijama de algodón con pies Ajustados para bebés y niños pequeños, Paquete de 3, 245
Shoes, SOJOS Gafas de Filtro de Luz Azul de Redondo de TR90 para Computador Lentes Antireflejantes para Mujer SJ9001 Ashley, 261
Shoes, Panty Luk 883 Baby Doll Mujer Sexy Dama Sensual Set Encaje Straps Rojo y Azul Marino Lenceria Erótica, 268
Shoes, Simple Joys by Carter's Baby - Pantalón para niña (4 Unidades), 280
Shoes, Skechers Zapatillas de Deporte para Mujer, 287
Shoes, Gorra para Ejercicio y Acondicionamiento Físico Men's Blitzing 3.0 Cap para Hombre Under Armour, 302
Shoes, Duracell Pila Especializada Alcalina Modelo 21/23 Pila de 12V Contiene 1 Paquete con 1 Pila, 303
Shoes, Brasier de Lactancia Deportivo de Diseño de Fácil Apertura, Copas Ajustables y Tirantes Amplios Que Facilitan la Sujeción de los Senos, 307
Shoes, Gildan Playera Cuello Redondo, multipaquete Ropa Interior para Hombre, 323
Shoes, Citizen CH-453 Medidor de Presión Arterial, blanco/azul, 333
Shoes, Fruit of the Loom - Brasier sin Costuras para Mujer, 356
Shoes, TANTOO - Mocasines cómodos con Plataforma y cuña para Mujer, 373
Shoes, Champion - Playera clásica de Manga Corta para Hombre, 374
Shoes, Amazon Essentials Polo de algodón con Punta de piqué. Camisa para Hombre, 381
Shoes, , 390
Shoes, ASICS Unisex Cojín Corte bajo, 422
Shoes, Simple Joys by Carter's Girls' - Conjunto de 3 Pijama de Forro Polar Resistente al Fuego, 423
Shoes, New Balance - Ropa Interior de Boxeo para Hombre de Alto Rendimiento de 15,24 cm (Paquete de 3), 431
Shoes, Hudson Baby Animal Plush Bathrobe, Leopard, 437
Shoes, Fruit of the Loom Ropa Interior de algodón para niñas, 465
Shoes, Simple Joys by Carter´s- Mameluco para dormir y jugar de niño, paquete de 2., 501
Shoes, Goorin Bros. Men's Animal Farm Snap Back Trucker Hat, 535
Shoes, Luvable Friends - Calcetines unisex para bebé recién nacido y bebé de rizo, 536
Shoes, Nautica Men's Short Sleeve Solid Crew Neck T-Shirt, 545
Shoes, Gildan - Camiseta interior cuello-V Paquete de 5 para Hombres, 556
Shoes, Shark Shoes Zapato Acuatico, 570
Shoes, Wilson 6 Piezas Tin para Hombre, Afelpado, Color Multicolor, Talla Única, 8375, 578
Shoes, Champion Men's Jersey Short With Pockets, 589
Shoes, Simple Joys by Carter's Baby Girls - Body de Manga Larga, 5 Unidades, 596
Shoes, Hanes - Pantalones para mujer, 615
Shoes, Hanes Beefy Henley - Camiseta de manga larga para hombre, 685
Shoes, Hudson Baby - Set de Playera, Bebé, Unisex, 700
Shoes, Duracell Pila Especializada de Litio Modelo 2032 Tipo Moneda de 3V Contiene 1 Paquete con 1 Pila, Plateado, 702
Shoes, Luvable Friends Paquete de 3 Pantalones con puño en Cintura y Tobillo, para bebé y niño, 711
Shoes, Champion Mens Big and Tall Cotton Graphic Tee, 716
Shoes, Hanes Men's Pullover EcoSmart Fleece Hooded Sweatshirt, 716
Shoes, Panty Luk CL-605 4 Pack Bikini Corte Laser SIN Costuras Tela Microfibra Muy Suave Y Comoda …, 717
Shoes, Cyxus Filtro de Luz Azul Gafas de Computadora Anti Fatiga de Ojos Lentes Transparentes para Hombres y Mujeres Bloqueo UV, 717
