Tools, Cubrebocas Termosellado 3 capas por Joyas Derby 50pz, 721
Tools, Uvex Stealth S3960C - anteojos de seguridad con revestimiento antivaho Uvextreme, 355
Tools, DEWALT DPG82-11/DPG82-11CTR Concealer Clear Anti-Fog Dual Mold Safety Goggle, 647
Tools, OPTIMA Cubrebocas de Tela Mascarilla Reutilizable Paquete con 10 Tapabocas Lavable para Adulto (Negro), 715
Tools, Bonalto Mascarilla de Seguridad Industrial Estándar -9-5- de Filtración (3 Piezas), 324
Tools, Moderno Careta Protectora, 277
Tools, The Deals Store Paquete de 6 Cubrebocas De Tela Lavable Reusable Antipolvo Unisex Colores Surtidos, 539
Tools, "Active Jungle, 1785
Tools, Bowin Cubrebocas Mascarilla con Certificación Fda KN95 (20 Piezas Incluidas), 719
Tools, """N/A"" Paquete de 10 Caretas Faciales para Bioseguridad de Moda", 89
Tools, Paquete de 8 cubrebocas AJUSTABLE- Lavables/reutilizables de triple capa de suave tela de algodón Repelente al agua. AJUSTABLE- Medidas para Adulto. COLOR AZUL MARINO, 98
Tools, CRAFTSMAN V20* Kit de taladro/destornillador inalámbrico (CMCD701C2), 15
Tools, "Neiko® 53875B Anti-Fog Safety Goggles with Wide-Vision , 583
Tools, Máscara protectora para la boca, transpirable, transpirable, desechable, para uso individual y familiar, para interiores, exteriores, hogar, oficina, viajes (50 unidades), 295
Tools, Yale YSV/200/DB1 Value Compact Safe Small - Caja de seguridad electrónica, Chica, 20 x 20 x 31 cm, 23
Tools, Torosqui Protector Facial Premium 3 Pack (Blanco), 197
Tools, The Deals Store Paquete de 6 Cubrebocas De Tela Lavable Reusable Antipolvo Unisex Negro, 547
Tools, G4 Cubrebocas de Neopreno con válvula, Lavable Reutilizable. Triple Capa. Paquete 5 pzas. Color Negro de México, 1
Tools, Lurko Caretas Niños (Azul y Rojo), 259
Tools, "Rotomartillo 1/2"", profesional, 600 W, 5A", 163
Tools, Truper EST-5, Estante plástico uso rudo, 5 repisas ventiladas, 719
Tools, Taurus - Careta Protectora Transparente de Seguridad - Escudo Facial Lavable y Reutilizable - Protector de Cara Completa con Materiales Asépticos - Pack 2 Unidades (Abatible), 173
Tools, rivcoim Cubrebocas 3 Capas Mascarilla Reutilizable 5pz Lavable, 15
Tools, TRUPER JOY-32, Desarmador de joyero con 30 Puntas y extensión, 648
Tools, Pretul EST-4P, Estante plástico, 4 repisas, 704
Tools, CUBREBOCAS Doble vista 100% LINO – Lavable – PUENTE NASAL ajustable – SOPORTE TRASERO con elástico para liberar presión de orejas – CÓMODO – PLIEGUES AJUSTABLES al todo tipo de rostro – UNISEX – ELEGANTE – DOBLE capa de LINO – Prueba de aerosol SUPERADA – SEGURO – BOLSA de REGALO en color trigo para la PORTABILIDAD del cubrebocas., 135
Tools, (4 Pack ) Careta Protectora Facial Transparente de PET / Protector Facial Cubre Cara, Boca, Ojos, Nariz y Oídos 25cm Alto X 50cm Ultra Ligera / Lavable Ideal para uso prolongado, RESTAURANTES / HOTELES / ESCUELAS / OFICINAS / SERVICIOS /MAQUILA, 156
Tools, Aztec Secret Indian Healing Clay Deep Pore Cleansing Facial & Healing Body Mask, 1 Lb, 217
Tools, Taurus - Careta Protectora Transparente de Seguridad - Escudo Facial Lavable y Reutilizable - Protector de Cara Completa con Materiales Asépticos - Pack 10 Unidades, 309
Tools, Un Paquete de Dos Palancas de Reemplazo, El Joystick del Sensor Analógico de la Palanca del Pulgar se Reemplaza Con la Herramienta de Instalación Correspondiente para el Controlador Nintendo Switch Joy-Con(16packs), 179
Tools, BN-LINK Enchufe inteligente WiFi de alta resistencia, sin hub, con función de monitorización de energía y temporizador, color blanco, compatible con Alexa y Google Assistant, Paquete de 4, 174
Tools, TCI Lentes De Seguridad Anti Virus Protectores Gafas Protectoras Transparentes Protecciones para Los Ojos Lentes Transparentes, de Visión Amplia, Ajustable, 123
Tools, Taurus HOGTAUMIFA Ventilador de Escritorio, Metálico, 4 Pulgadas, 422
Tools, Generico Paquete de 10 Caretas Faciales Protectoras de Ojos, Nariz y Boca Totalmente Transparente. Comodidad, Reutilizable y Lavable., 93
Tools, Sablón 2 Pack Careta Protectora Transparente Paquete con 2 caretas Protector Facial Completas, 47
Tools, 3M Safety anteojos, SecureFit, 1 par, ANSI Z87, antiniebla, antiarañazos, lente transparente, marco verde/negro, ajuste seguro, junta de espuma extraíble, 64
Tools, "Velcro Brand - ONE-WRAP Thin Ties: Reusable, Light Duty - 15"" x 1/2"" Ties, 30 Ct, Black/Gray (94257)", 305
Tools, AstroAI Máscara de Anticontaminación Mascarilla Antipolvo para los Adultos Cubrebocas Reutilizables del Deporte Bandanas Lavables Faciales Negro, 29
Tools, Gel Antibacterial Fraiche con 70% alcohol, Azul, 300 ml, 99
Tools, Cubrebocas Reutilizable con Repuestos de Filtros de 4 Capas ( Paquete 4 pzas), 28
Tools, na Torosqui Protector Facial Infantil 3 Pack (Niñas), 61
Tools, "DIABETELIFE LIFESTYLE AND PREVENTION Careta protección facial retráctil reutilizable , 151
Tools, Pretul LP-34B, Lona blanca de 3 x 4 m, 110 g/m², 133
Tools, Paquete de 5 Cubrebocas Helsa Mask (Adulto), 5 capas, color negro, reutilizable, ecologico, tela SMS, tecnología alemana, Segunda Generación, 77
Tools, "Truper CLICK-SET, Juego de 2 conectores rápidos, 3/4"", sistema click", 1
Tools, Pretul SET-133, Juego de herramienta, 133 piezas, 61
Tools, "Truper T-68, Tijera para poda (una mano) acero / nylon 8"" cuchilla de paso", 127
Tools, , 352
Tools, Mack's Ear Care Ultra Soft Foam Earplugs, 50 Pair, 97
Tools, Craftsman (CMAF1224) Juego de puntas de destornillador, 24 piezas, 46
Tools, XTREPID Lentes de Seguridad, Gafas de Protección Visual Transparentes, Paquete 4pzs, Anteojos Anti Salpicaduras, Protege contra Polvo y Cualquier partícula volátil dañinos para los Ojos, 188
Tools, KARIDUN Lavable Reutilizable Media Cara Algodón Boca Algodón con Anillo de Goma Ajustable Transpirable 2 Inserto reemplazable, 276
Tools, Enchufe Inteligente TP-LINK HS103P2 Wifi 2 Pack -Blanco, 326
Tools, Smith and Wesson, Cuchillo Extreme Ops, SWA24S, 124
Tools, Kit de soldadura de cautin electronica, 60 W temperatura ajustable, tubo de soldadura, soporte para soldador, cortador de alambre diagonal, 5 piezas puntas del soldador, pasta de soldadura, bomba de vacío desoldadora, 2 piezas pinzas, kit de contracción térmica, 100
Tools, TU AMBIENTE. Careta Protectora, 82
Tools, Health Dress HEALTHDRESS Cubrebocas con Válvula Tapabocas Lavable Reutilizable Adulto/Niño con Filtro PM 2.5 (Adulto), 21
Tools, Truper JOY-43, Desarmador de joyero con 42 puntas, 470
Tools, Apalus Cortina mosquitera magnética para puertas, 100x220cm, con malla super fina para dejar pasar el aire fresco, y cierre magnético que se cierra automáticamente para dejar a los insectos fuera, 20
Tools, V 50 Piezas de Cubrebocas Termosellados de 3 Capas Calidad Premium de Tapabocas, 344
Tools, dospuntos Usable en Interiores y Exteriores (6p Negro), 47
Tools, rivcoim Cubrebocas 3 Capas Mascarilla 5pz Lavable, 14
Tools, WECAN Cubrebocas Negro Lavable Reutilizable SANITIZADO (2 Piezas), 90
Tools, Igoto Pump PAC16 Presurizador Automático 1/6 HP, 14
Tools, LYTIO Mascarilla Cubrebocas Plisado 3 Capas Reforazado Desechables con Orejeras de Liga Elastica Quirurgico Respirable Protege contra Germenes Polvo Bacterias (10 Piezas), 41
Tools, Wi-Fi Smart Plug, Enchufe Inteligente WiFi Mini Outlets Smart Socket Compatible con Amazon Alexa Control por Voz, Google Home y IFTTT,smart plug para Controle Sus Dispositivos eléctricos Desde Cualquier Lugar (1 Unidad), 294
Tools, rivcoim Cubrebocas Mascarilla, 9
Tools, Puerta de Pantalla Magnética Malla Cortina Mosquitera Magnético Film para Puertas con Malla Super Fina Transpirable y Cierre Automático Magnético para Dejar a los Insectos Fuera Fácil de Instalar - 90x210cm, 59
Tools, AngeLozano Lote 5 Cubrebocas De Plástico Careta Mascarilla Mica Blanco, 140
Tools, Timbre Inalámbrico para Puerta,1 Transmisor y 1 Receptor,Timbre Impermeable Volumen Ajustable Alcance a 280m con 36 Melodías,4 Niveles de Volumen, LED Indicador,para Oficina, Hotel, Casa y Más（blanco）, 6
Tools, GALAX PRO Controlador de taladro inalámbrico de 20V, batería y cargador incluidos, 72
Tools, WM 10 CubreBocas KN95 5 Capas, 5
Tools, Kwikset 264CNT 15 - Cerradura inteligente con teclado electrónico, color níquel satinado, 77
Tools, Mando Infrarrojo Inteligente Universal WiFi Controla Diversos Dispositivos de Control Remoto Simultáneamente con tu Smartphone (iOS y Android), Compatible con Alexa y Asistente de Google, Distancia Infrarroja: ≤ 8 metros, 42
Tools, Zengest Tira de parte inferior de puerta, tira de sello para puerta de regadera de vidrio y casa, para lateral de puerta (transparente), 5 m, 19
Tools, "Lincoln Electric OMNIShield Professional Face Shield , 3
Tools, "GE Designer Cable de extensiÃ³n con protecciÃ³n contra sobretensiones, cable de alimentaciÃ³n trenzado, 15 pies, 3 salidas a tierra, 3 enchufes , 62
Tools, Cubrebocas Lavable de Tela (Paquete de 5 piezas) para Niña, Reutilizables y Ecológicos, Doble Capa de Poliéster y Algodón, Plisado para Mejor Ajuste y Comodidad, Set de 5 Estampados Diferentes, 3
Tools, 3M Temflex Cinta Eléctrica         mm x    m Color Blanco, 7
Tools, AstroAI Máscara de Anticontaminación Mascarilla Antipolvo para los Adultos Cubrebocas Reutilizables del Deporte Bandanas Lavables Faciales Azul, 231
Tools, Medical Protection MX- Paquete de 21 Cubrebocas de triple capa, REUTILIZABLES Y LAVABLES. Tapabocas de protección con triple capa de filtración, polipropileno. Paquete de 21 mascarillas. 7 Colores, 213
Tools, 10 piezas - CubreBocas - Material con Alta Capacidad de Respiración - Máscara de Seguridad para Cuidado Personal - Anti-contaminación con Clip para Nariz. Protege de la Contaminación, Polvo, Gases de Mofle, Esmog, Alergia al Polen. (PAQUETE CON 10 MASCARAS), 8
Tools, TEKTON Mini abrazadera de barra de carraca de 6 pulgadas por 1.5 pulgadas y extensor de 9 pulgadas, 1
Tools, Uvex Stealth - anteojos de seguridad con revestimiento antivaho UvExtreme (S3960C), 69
Tools, Cabeza de Ducha de lluvia- Alcachofa Ducha de Baño Fija Para Baja y Alta Presión Redonda 4 Pulgadas de Montaje Soporte Fijo de 5 Función Cromo Pulido Ahorro de Agua Regaderas Fijas para Baño Gigante Piso Individua（10cm/4''）), 127
Tools, 10 piezas CubreBocas mascarilla blanco - Máscara de seguridad para cuidado personal alta protección - mascaras protectoras certificadas paquete protege de la contaminación, polvo, esmog, polen y partículas suspendidas, 13
Tools, Eplay Cinta Adhesiva de Doble Cara Lavable Cinta Transparente Reutilizable Multifuncional, sin Rastros, Extrafuerte Para Pegar Artículos, Fijar Alfombras, 5 m/Rollo, 37
Tools, Cubrebocas de neopreno con válvula, lavable reutilizable. Triple capa. Paquete 5 pzas + 2 bolígrafos antibacteriales de regalo. HECHO EN MÉXICO. MARCA REGISTRADA G4 DE MEXICO Color Negro, 268
Tools, EDR 10 Piezas CubreBocas KN95 5 Capas, 9
Tools, Command Tiras para colgar marcos, tamaño grande, color blanco, 4 pares (17206-ES), Blanco(White-Bath), 4 Pairs, 48
Tools, Paquete de 5 cubrebocas Helsa Mask (Adulto), 5 capas, color azul, reutilizable, ecológico, tela SMS, tecnología alemana, Segunda Generación, 7
Tools, "DEWALT DWS715 15-Amp 12"" Single Bevel Compound Miter Saw", 6
Tools, Susenstone - Bandanas faciales con válvula de respiración, reutilizables, lavables, a prueba de polvo, resistente al viento para exteriores, Negro, Talla única 商品名称, 13
Tools, TP-Link Mini Enchufe Inteligente, Casa Inteligente WiFi, Controla Remotamente tus Electrodomesticos Dediante la Aplicación Gratuita Tapo P100, Blanco, 8
Tools, "Scotch almohadillas para orejas para orejas de fieltro (sp801-na), 4x6"" Recángulo, 2 Pads", 149
Tools, Timbre Inalámbrico, Timbre para Puerta NIERBO con Transmisor y Receptores, Timbre Impermeable con 36 Melodías y 4 Niveles de Volumen, Timbre Casa con Indicador LED, Traje para Oficinas, Hoteles y Casas, 88
Tools, Chic Fantasy Manguera Magic Hose para Jardin Expande a 22.5 mts. Manguera de agua extensible con 7 funciones de manguera. reforzada para máxima resistencia a las torceduras color Azul, 47
Tools, Paquete de 8 cubrebocas AJUSTABLES - LAVABLES/reutilizables de triple capa de suave tela de algodón/poliester tratada Repelente al agua. Talla Adulto, 85
Tools, rivcoim Cubrebocas 3 Capas Mascarilla Reutilizable 5 piezas, 75
Tools, Sensor Apertura Puertas y Ventanas Inalambrico Wifi Compatible con Alexa y Google Assistant, 23
Tools, Interruptor Inteligente WiFi MOES de Luz de Pared Táctil con Panel de Vidrio Control Remoto Inalámbrico por APP Funciona con Amazon Alexa, Función de Temporización sin Necesidad de Hub (1 gang, blanco), 37
Tools, GP Mascarilla con Careta, 44
Tools, Uvex by Honeywell 9301 Futura - anteojos de ventilación indirecta S345C, 12
Tools, 63 en 1 Juego de Destornilladores - kit Conductor Magnético 56 Bits Mini Set con Múltiples Funciones Precisión Herramientas Profesional para Teléfono Móvil/Tableta/PC/Mac Book/Cámara y Reloj - kit de Herramientas de Reparación de la Electrónica(Azul), 72
Tools, Generico Salva Orejas Negros Camuflaje con 6 Botones DE Tela (10 Piezas), 12
Tools, LUTEMA Guantes de Vinilo Sin Talco Transparentes Libre de Látex Caja con 100 Guantes Talla Grande Propiedades Anti-Estáticas para Uso Doméstico Cocina Protección de Seguridad para el Trabajo, 53
Tools, Cabeza de Ducha de lluvia - Gran Cuadrada de SUS304 Acero Inoxidable Ducha de Lluvia-cabeza Alta Presión Montaje Fijo de Cabeza de Ducha de Lluvia Ultra fino Ahorro de Agua Regaderas Fijas para Baño Gigante Piso Individual(20cm/8''), 28
Tools, Grifos de Cocina Grifo Moderno de 360 ° Giratorio Grifo para Fregadero de Acero Inoxidable Grifo de Mezcla de Agua Caliente y Fría Monomando Flexible Comercial Bolden con 2 Manguera Flexible, 3
Tools, Gorilla Gel de pegamento, 15 gramos, transparente, 15 g, 1 unidad, Transparente, 52
Tools, 3M Virtua CCS Gafas de Protección, 11873-00000-20, Junta de Espuma, Lente Antivaho, 14
Tools, """N/A"" Paquete de 5 Caretas Faciales para Bioseguridad de Moda", 389
Tools, Simonetta Vespetti Paquete de 10 Caretas Faciales Protectoras de Ojos, Nariz y Boca con Cómoda Forma de Lentes, Totalmente Transparente. Comodidad, Reutilizable y Lavable, 15
Tools, Yarnow 2 Piezas de Careta Transparente Careta Completa Máscara Protectora para Ojos Y Cara Máscara Antisalpicaduras Gafas Protectoras contra Saliva Color Aleatorio, 121
Tools, 50 Cubre Bocas, CAJA sellada, 3 Capas, Tela SMS, Plisado, Impermeables, Cubrebocas Tapabocas Graco Quirúrgico Reglamentario CON COFEPRIS, 53
Tools, Sonolife Cubrebocas KN95 de Seguridad para Cuidado Personal (Paquete con 10 Piezas), 459
Tools, Enchufe inteligente TP-LINK HS100, no requiere base de carga, Wi-Fi, funciona con Alexa y Google Assistant, controle sus dispositivos desde cualquier lugar, 3.5 x 5.5 x 7.3 inches, Blanco, 28
Tools, Cubrebocas Lavable de Tela (Paquete de 5 piezas) para Hombre, Reutilizables y Ecológicos, Doble Capa de Poliéster y Algodón, Plisado para Mejor Ajuste y Comodidad, Set de 5 Estampados Diferentes, 4
Tools, Kit de driver de impacto CRAFTSMAN V20, sin cable, 1/4 pulgadas (CMCF800C2), 5
Tools, Shenyun 10 Cubrebocas KN95 de 5 Capas BFA ≥ 95%, 255
Tools, Guante de Latex Ambiderm Confort, caja con 100 guantes desechables, Bajo de Polvo para exámen, Liso, ambidiestros, no estéril (Mediano - Blanco), 1
Tools, Igoto Pump PAC16 Presurizador Automático 1/6 HP, 1 Servicio, 128
Tools, 4 Joysticks Joycon, Joysticks de Reemplazo Para Nintendo Switch Joycon y Switch Lite, El Kit de Reparación de Reemplazo de Switch Joycon Incluye Hebilla de Metal, Destornillador, Herramienta de Palanca, Tapa de Agarre Para El Pulgar, 52
Tools, Foset Element BCH-720, Brazo tipo gancho y chapetón, para regadera, acabado cromo, 19
Tools, "Limpro , 151
Tools, Smart Plug, Vaupan Mini salida WiFi funciona con Alexa, Google Home e IFTTT, control remoto inteligente con función de temporizador, no requiere concentrador, certificación ETL y FCC, solo soporta red de 2,4 GHz, Blanco, Smart Plug 1 Pack, 5
Tools, OWOFAN - llave de cocina de latón macizo sin plomo, con una sola manija, extraíble, con muelle, para fregadero de cocina, de níquel cepillado, Comercial, Negro (Paint Black), 45
Tools, Kasa Smart WiFi Plug Lite by TP-Link -10 Amp & Reliable Wifi Connection, Compact Design, 183
Tools, BLACK+DECKER WM125 Mesa de Trabajo Multiuso, 16
Tools, Alta Presión Montaje Fijo de Cabeza de Ducha de lluvia-8 Pulgadas/20cm Gran Cuadrada 304 de Acero Inoxidable Ducha de Spray - 1/2'' Conector, Rotación de 360 Grados-con Boquilla de Silicona- Ultra Fino Ahorro de Agua Regaderas Fijas para Baño Gigante Piso Individual-RabbitStorm, 14
Tools, Vagalbox Protector y guardapolvo para Puerta, Tope para Puerta de bajo Puerta, diseño de Doble Borde, 1 Paquete, Marrón, 64
Tools, Gorilla Duct - Cinta adhesiva, 1 paquete, Negro, 76
Tools, Volteck ER-6X16, Extensión de uso rudo, calibre 16, 66
Tools, """A"" Numeros para casa delgados - 18cm 7inches - Aluminio Cepillado - Numeros Residenciales®", 10
Tools, Volteck MUL-8, Multicontacto de barra, 355
Tools, Truper MUT-33, Multímetro digital, 27
Tools, GP Cubrebocas mascarilla KN95 (10 PACK), 231
Tools, Cheelom Puerta de pantalla magnética Malla para puerta, Film para puerta, con sello magnético de cierre automático súper hermético y malla de poliéster duradera, cinta de montaje del marco completo para puertas cortina con imán negro y cortina para mosquitos (90cmX210cm), 58
Tools, Mezcladora para fregadero Valmain de cuello flexible, 135
Tools, Bosch MS4034 - Juego mixto de taladro y destornillador de 34 piezas, 17
Tools, GP Mascarilla Cubrebocas con Careta con protección antibacterial y repelente a líquidos, 183
Tools, rivcoim Cubrebocas 3 Capas Mascarilla Reutilizable Lavable 5 piezas, 36
Tools, Pretul SET-42 Juego de herramienta, 42 piezas, Comfort Grip, Pretul, 31
Tools, WECAN Cubrebocas Lavable Reutilizable Negro SANITIZADO (4 Piezas), 3
Tools, GP Cubrebocas mascarilla KN95 (5 PACK), 34
Tools, Simonetta Vespetti Paquete de 5 Caretas Faciales Protectoras de Ojos, Nariz y Boca con Cómoda Forma de Lentes, Totalmente Transparente. Comodidad, Reutilizable y Lavable, 135
Tools, Tira de Sellado de Ventanas autoadhesiva, MTQ cubrepolvo de puertas, Ventana de Silicona Sellado Tira Insecto Polvo Prevención Cinta autoadhesiva Aislante Borrador Tapón Ruido A Prueba de Polvo Prevención de Agua Selladores, 13
Tools, Sanelec 2646 Timbre Inalámbrico con 32 Melodias, LED Indicador de Encendido, , 1 Control, 38
Tools, Prensa esquinera Truper PESQ-3, 76.2mm, 368
Tools, "Truper MAN-15X1/2X, Manguera armada super reforzadas 4 capas, conexiones de latón, 1/2"", 15 m", 87
Tools, Vaupan - Enchufe inteligente, mini salida WiFi, funciona con Alexa, Google Home e IFTTT, control remoto inteligente con función de temporizador, no requiere concentrador, certificación ETL y FCC, solo soporta red de 2.4 GHz, Blanco, Smart Plug 1 Pack, 7
Tools, Sojitas Burletes para Puertas y Ventanas, Cinta Aislante, Sellado Puerta Ventana, Aislante del Frío, Calor, Viento, Polvo, Ruidos e Insectos (2 Rollos 16 M) (Blanco), 61
Tools, Kn95 10 Cubre Boca Original con Certificado te lo proteja 100% el Nariz y la Boca del Virus, 6
Tools, SKIL - Sierra circular, 18
Tools, Black + Decker LD120VA 20-Volt MAX Taladro/destornillador de 20 voltios MAX de iones de litio y 30 accesorios, 10
Tools, AVERA Calentador de agua instantáneo para 1 regadera y 1 lavabo. GAS LP. C8L. Boiler de paso., 7
Tools, Dispensador De Agua Electrico, Vagalbox Bomba de Agua Recargable Dispensador Agua Automatico Interruptor de Botella de Agua Portátil para Botella Universal de 2 a 5 Galones, para el Hogar, Oficina, Viaje, Camping, 68
Tools, Combo rotomartillo ROTO-1/2A7,600W, 5A, CHA-19G y ORG-15, 82
Tools, "TP-LINK HS200 Kasa Smart Wi-Fi - Interuptor inteligente de luz, control de dispositivos desde cualquier lugar, funciona con Amazon Alexa, blanco, 5.04"" x 1.77"" x 3.35""", 16
Tools, Grifo Moderno de 360 °, Vagalbox Giratorio para Agua Caliente y Fríos para Cocina Grifos del fregadero de acero inoxidable con pulverizador desplegable, 12
Tools, "Master Magnetics Roll-N-Cut Flexible Magnetic Tape Refill - 1/16"" thick x 1/2"" wide x 15 feet. (1 roll), 07518", 10
Tools, LUTEMA Cubrebocas Desechables KN95 5 Capas con Estructura Protectora Eficiencia de Filtración BFE95% Protege contra Polvo Polen Contaminación Gotas de Saliva (10), 16
Tools, WB Games Injustice 2: Legendary Edition - Playstation 4, 11
Tools, Philips 473389 Hue - Sensor de movimiento, Instalación inalámbrica, blanco, 3
Tools, Bosch - Mesa para enrutador, 9
Tools, Red Devil 0323 Steel Wool, 0 Fine, 8 Pads, 14
Tools, "Foset Basic R-007, Regadera de 2 1/2"" con extensión tipo teléfono", 21
Tools, GP Cubrebocas mascarilla KN95 (20 PACK), 132
Tools, Pretul ESTU-2P, Escalera tubular plegable, 2 peldaños, tipo III, 91 kg, 3
Tools, Milescraft 1319 JointMate - Plantilla de mano, 446
Tools, Pretul SET-39, Juego de autoclé de 39 piezas, 100
Tools, """N/A"" Paquete de 5 Caretas con Lentes Protector Facial Anti Saliva", 60
Tools, Genesis GHG1500A Kit de pistola térmica de doble temperatura con cuatro accesorios de boquilla de metal, 37
Tools, Hakko chp-170 Micro suave cortador de alambre, 1.5 mm stand-off, calibre 16 máxima capacidad de corte, Rojo, Paquete de 1, 1
Tools, EDR 10 Cubrebocas KN95 de 5 Capas BFA ≥ 95%, 274
Tools, TP-LINK Interruptor inteligente WiFi para control de iluminación desde cualquier lugar, Interruptor de luz, Paquete de 3, Blanco, 4
Tools, Sacabocado Estrella, Ojilladora, Pinza Para Boton De Presion Marca Obi, 22
Tools, """N/A"" Paquete de 10 Caretas con Lentes Protector Facial Anti Saliva", 34
Tools, "Manguera de Jardín Expandible Retractil Extensible de hasta 15 metros con Pistola para Agua 10 Patrones Disponibles y Conectores de metal de 3/4 "" para plantas Riego Mascotas Ducha de perro Lavado de coche Limpieza de la casa (15 metros)", 3
Tools, kn95 Cubrebocas Certificado 5 Capas Non Woven mascarilla Protectora, 466
Tools, Brandtrendy Cubrebocas Mascarilla Kn95 Máxima Protección 25 Piezas., 272
Tools, Gateway Safety 6966 Cover2 Safety Glasses, IR Filter Shade 5.0 Lens, Black Temple, 5
Tools, Brandtrendy Cubrebocas Mascarilla Kn95 Maxima Proteccion 500 Piezas., 2
Tools, FOGOMX - Iniciador de Fuego ecológico 100% natural para prender carbón, prender leña, prender fogata, prender asador y chimeneas. Caja con 16 piezas., 15
Tools, Champion Sports Hi visibilidad fluorescente Cono de plástico Set, 3
Tools, AstroAI Máscara de Anticontaminación Mascarilla Antipolvo para los Adultos Cubrebocas Reutilizables del Deporte Cubrebocas Lavables Faciales Azul, 39
Tools, Cubrebocas KN95 Mascarilla con Certificación FDA 5 Capas Termoselladas, Alta Seguridad (10 Piezas), 328
Tools, Compresor de Aire 300 psi 12 volts, 38
Tools, 3M Command Gancho Sujetaescobas, Blanco (Modelo 17007ES), 93
Tools, "Black + Decker BDERO100 Lijadora orbital aleatoria, 5""", 3
Tools, Alta Presión Montaje Fijo de Cabeza de Ducha de lluvia-8 Pulgadas/20cm Gran Cuadrada 304 de Acero Inoxidable Ducha de Spray - 1/2'' Conector, Rotación de 360 Grados-con Boquilla de Silicona- Ultra Fino Ahorro de Agua Regaderas Fijas para Baño Gigante Piso Individual-RabbitStorm (12 Pulgadas), 3
Tools, Kit Casa Segura Inalambrico Con Alarma Central, Control Remoto, Sensores de Apertura y Sensor de Movimiento Wifi Compatible con Alexa y Google Assistant, 17
Tools, Linterna LED Luz UV y Blanco 2 en 1,AveDistante Linterna Ultravioleta Linterna Tácticas con Funcion de Agrandar y Enfocar 5 Modos para Lluminación Detectar Orina de Mascotas,Ciclismo,Camping, Flashlight 1000 Lúmenes Incluida RecargablePila AAA, 4
Tools, Generico Tapabocas Cubrebocas Plisado Tricapa Termosellado (1000 Piezas), 302
Tools, Truper FDO-2, Fumigador doméstico, 2 L, 11
Tools, Cubrebocas de neopreno con válvula, lavable reutilizable. Triple capa. Paquete 5 pzas + 2 bolígrafos antibacteriales de…, 412
Tools, AstroAI Máscara de Anticontaminación Mascarilla Antipolvo para los Adultos Cubrebocas Reutilizables del Deporte…, 188
Tools, Simonetta Vespetti Paquete de 5 Caretas Faciales Protectoras de Ojos, Nariz y Boca con Cómoda Forma de Lentes…, 410
Tools, Wi-Fi Smart Plug, Enchufe Inteligente WiFi Mini Outlets Smart Socket Compatible con Amazon Alexa Control por Voz, Google…, 392
Tools, Un Paquete de Dos Palancas de Reemplazo, El Joystick del Sensor Analógico de la Palanca del Pulgar se Reemplaza Con la…, 146
Tools, Taurus - Careta Protectora Transparente de Seguridad - Escudo Facial Lavable y Reutilizable - Protector de Cara Completa…, 136
Tools, Máscara protectora para la boca, transpirable, transpirable, desechable, para uso individual y familiar, para interiores…, 335
Tools, Paquete de 8 cubrebocas AJUSTABLE- Lavables/reutilizables de triple capa de suave tela de algodón Repelente al agua…, 269
Tools, 63 en 1 Juego de Destornilladores - kit Conductor Magnético 56 Bits Mini Set con Múltiples Funciones Precisión…, 256
Tools, Yarnow 2 Piezas de Careta Transparente Careta Completa Máscara Protectora para Ojos Y Cara Máscara Antisalpicaduras…, 232
Tools, Sojitas Burletes para Puertas y Ventanas, Cinta Aislante, Sellado Puerta Ventana, Aislante del Frío, Calor, Viento…, 297
Tools, Medical Protection MX- Paquete de 21 Cubrebocas de triple capa, REUTILIZABLES Y LAVABLES. Tapabocas de protección con…, 46
Tools, Kit de soldadura de cautin electronica, 60 W temperatura ajustable, tubo de soldadura, soporte para soldador, cortador…, 83
Tools, Cabeza de Ducha de lluvia- Alcachofa Ducha de Baño Fija Para Baja y Alta Presión Redonda 4 Pulgadas de Montaje Soporte…, 125
Tools, Chic Fantasy Manguera Magic Hose para Jardin Expande a 22.5 mts. Manguera de agua extensible con 7 funciones de manguera…, 94
Tools, Regleta Enchufe de Energía USB Multifuncional Portable con 4 puertos de carga USB y 4 Outlet Adaptador, Multi Power…, 5
Tools, Zengest Tira de parte inferior de puerta, tira de sello para puerta de regadera de vidrio y casa, para lateral de puerta…, 5
Tools, Pretul ESTU-3P, Escalera tubular plegable, 3 peldaños, tipo III, 91 kg, 61
Tools, TXG Afilador de cocina, afilador manual, afilador profesional, afilador de cocina de 3 etapas, hoja de cerámica…, 239
Tools, LYTIO Mascarilla Cubrebocas Plisado 3 Capas Reforazado Desechables con Orejeras de Liga Elastica Quirurgico Respirable…, 9
Tools, Philips 473389 Hue - Sensor de movimiento, Instalación inalámbrica, blanco, 45
Tools, 3M Temflex Cinta Eléctrica mm x m Color Blanco, 158
Tools, Genlit GL-XTDO6MB Extension Domestica, color Blanca, 6 m, 14
Tools, Linterna LED Luz UV y Blanco 2 en 1,AveDistante Linterna Ultravioleta Linterna Tácticas con Funcion de Agrandar y…, 21
Tools, Puerta de Pantalla Magnética Malla Cortina Mosquitera Magnético Film para Puertas con Malla Super Fina Transpirable y…, 215
Tools, Timbre Inalámbrico, Timbre para Puerta NIERBO con Transmisor y Receptores, Timbre Impermeable con 36 Melodías y 4…, 1
Tools, XTREPID Lentes de Seguridad, Gafas de Protección Visual Transparentes, Paquete 4pzs, Anteojos Anti Salpicaduras, Protege…, 4
Tools, Enchufe inteligente TP-LINK HS100, no requiere base de carga, Wi-Fi, funciona con Alexa y Google Assistant, controle sus…, 105
Tools, Alta Presión Montaje Fijo de Cabeza de Ducha de lluvia-8 Pulgadas/20cm Gran Cuadrada 304 de Acero Inoxidable Ducha de…, 160
Tools, Paquete de 5 Cubrebocas Helsa Mask (Adulto), 5 capas, color negro, reutilizable, ecologico, tela SMS, tecnología alemana…, 19
Tools, PKKJ Gafas de Seguridad Gafas de protección Facial, Gafas Protectoras Gafas de protección Facial antiniebla Gafas de…, 236
Tools, GE Designer Cable de extensiÃ³n con protecciÃ³n contra sobretensiones, cable de alimentaciÃ³n trenzado, 15 pies, 3…, 31
Tools, KARIDUN Lavable Reutilizable Media Cara Algodón Boca Algodón con Anillo de Goma Ajustable Transpirable 2 Inserto…, 49
Tools, TECHVIDA 18/8 Ganchos de Baño Adhesivos Conjuntos de 4 Ganchos Ganchos Autoadhesiva 304 Acero Inoxidable Robe ropa…, 183
Tools, DEWALT DPG82-11 Concealer Clear Anti-Fog Dual Mold Safety Goggle, 6
Tools, Kleenex Mascarillas, Cubrebocas Ajustable, Caja con 10 piezas de Triple Capa Protectora, 378
Tools, (4 Pack ) Careta Protectora Facial Transparente de PET / Protector Facial Cubre Cara, Boca, Ojos, Nariz y Oídos 25cm…, 4
Tools, Kasa Smart Plug Power Strip, Protector contra sobretensiones con 3 Tomas Inteligentes y 2 Puertos USB, Funciona con…, 7
Tools, Cubrebocas con Válvula y 2 Filtros PM 2.5 (Aqua), 7
Tools, Navaja de Bolsillo Plegable Cuchillo Multifuncional Multiusos Navaja Multiusos de Bolsillo en Acero Inoxidable Kit…, 3
Tools, Swanson Tool S0101CB Escuadra Rápida con Libro y Escuadra Combinada, Paquete Económico, 27
Tools, Aapersor Manual Kawashima 1L, 218
Tools, Bosch DDMS20 - Juego de Atornillado y Taladrado Impact Tough, Maletín Personalizable, 20 piezas, 29
Tools, GP Cubrebocas mascarilla KN95 (20 PACK) con Ajuste nasal interno y empacado en bolsas individuales, 83
Tools, Volteck ER-2X16, Extensión de uso rudo, Calibre 16, Naranja, 2 m, 12
Tools, GP Cubrebocas mascarilla KN95 (10 PACK) Ajuste nasal interno, 112
Tools, Truper PR-409, Pistola plástica con recubrimiento, 2 funciones, 10
Tools, WEN - Herramienta giratoria de agarre estable de velocidad variable con kit de accesorios, 3
Tools, Cabeza de Ducha de lluvia, TYC 5 Funciones Cabezal de regadera Para Baja y Alta Presión Alcachofa Ducha de Baño Fija…, 46
Tools, Pretul FLA-40P, Manguera flexible para lavabo, trenzado aluminio, 11
Tools, Volteck GCU-16B - Grapas curvas para cable coaxial, Blancas, 20 unidades, 5
Tools, Volteck ED-10B, Extensión eléctrica doméstica, 53
Tools, Báscula mecánica Pretul de cocina para 2 kg, 45
Tools, Báscula mecánica Pretul de cocina para 3 kg, 15
Tools, Báscula mecánica Pretul de cocina para 5 kg, 6
Tools, Volteck ED-4B, Extensión eléctrica doméstica, 6
Tools, Shenyun 10 Cubrebocas KN95 de 5 Capas BFA ≥ 95% mas Gel antiabacterial de Regalo Gratis, 1
Tools, Salandens Timbre Inalámbrico para Puerta,1 Transmisor y 1 Receptor,Timbre Impermeable Volumen Ajustable Alcance a 300m…, 125
Tools, ATOLLA Telémetro Láser 60m Medidor Láser de Distancia Pantalla Retroiluminada LCD con Función de Almacenamiento de Datos…, 4
Tools, Timbre Inalámbrico para Puerta,1 Transmisor y 1 Receptor,Timbre Impermeable Volumen Ajustable Alcance a 280m con 36…, 7
Tools, Shenyun 10 Cubrebocas KN95 de 5 Capas BFA ≥ 95% mas Gel antiabacterial de Marca Nuvel o Jaloma de Regalo Gratis, 3
Tools, Shenyun 1 Gel antiabacterial Jaloma de 120Ml y 10 Cubrebocas KN95 de 5 Capas BFA ≥ 95% mas, 5
Tools, Taurus - Escudo Facial Transparente de Seguridad - Máscara Protectora Lavable y Reutilizable - Protector de Cara…, 65
Tools, "Pretul MAN-10X1/2PR, Manguera armada reforzadas 3 capas, conexiones plásticas, 1/2"", 10 m", 5
Tools, Simonetta Vespetti Paquete de 10 Caretas Faciales Protectoras de Ojos, Nariz y Boca con Cómoda Forma de Lentes…, 122
Tools, Scotch SP820-NA almohadilla protectora de piso para muebles - Deslizadores de fieltro para muebles, 8
Tools, "Regadera Cuadrada de 8"" con Tubo de 40 cm en Acero Inoxidable (Empaque de tubo 5/50)…", 3
Tools, Shenyun 10 Cubrebocas KN95 de 5 Capas BFA ≥ 95% mas 1 Gel Antibacterial Jaloma de 120Ml, 28
Tools, Truper CTR-40, Cinta transparente, 0.050 mm de espesor, 40 m, 7
Tools, Vaupan - Enchufe inteligente, mini salida WiFi, funciona con Alexa, Google Home e IFTTT, control remoto inteligente con…, 57
Tools, Scotch 112L mounting tape/label - Cintas de montaje y etiquetas, 14
Tools, 3M Scotch Cinta de Montaje para Exteriores mm x . m, 85
Tools, LUTEMA Guantes de Vinilo Sin Talco Transparentes Libre de Látex Caja con 100 Guantes Talla Grande Propiedades Anti…, 13
Tools, Cheelom Puerta de pantalla magnética Malla para puerta, Film para puerta, con sello magnético de cierre automático súper…, 218
Tools, "Truper MAN-25X1/2X, Manguera armada super reforzadas 4 capas, conexiones de latón, 1/2"", 25 m", 3
Tools, BN-LINK Enchufe inteligente WiFi de alta resistencia, sin hub, con función de monitorización de energía y temporizador…, 10
Tools, Taurus - 2X Pack Careta Protectora Transparente de Seguridad - Escudo Facial Lavable y Reutilizable - Protector de Cara…, 111
Tools, Tira de Sellado de Ventanas autoadhesiva, MTQ cubrepolvo de puertas, Ventana de Silicona Sellado Tira Insecto Polvo…, 65
Tools, EDR Cubrebocas KN95 con Valvula de exhalación con certificación GB2626-2006 Color Negro 5 Piezas, 289
Tools, Truper EXA-11 Juego de exactos Hobby con estuche 11 piezas, color,, pack of/paquete de 1, 8
Tools, Mascarilla Cubrebocas para protección con filtros integrados: lavable, reutilizable y de tamaño ajustable (paq.4pz), 92
Tools, Destornillador inalámbrico, batería ion Litio 1Ah, 6 V, 7
Tools, GP Cubrebocas mascarilla KN95 (20 PACK) NUEVA PRESENTACIÓN, con Ajuste nasal interno y empacado en BOLSAS INDIVIDUALES, 112
Tools, Báscula mecánica Pretul de cocina para 1 kg, 22
Tools, TRUPER FH-8M Flexómetro, Gripper contra Impacto, 8 m, 29
Tools, DAMPRID - Bolsa para Colgar, Lavanda (Lavender Vanilla), 1, 1
Tools, TXG Linterna LED Luz UV y Blanco 2 en 1 por 3*AAA/1 * 18650 Batería, Mini Portátil 500 Lumens Lampara Linterna led…, 9
Tools, EDR Cubrebocas KN95 con Valvula de exhalación con certificación GB2626-2006 Color Rosa 5 Piezas, 18
Tools, Taurus - 10X Pack Careta Protectora Transparente de Seguridad - Escudo Facial Lavable y Reutilizable - Protector de Cara…, 270
Tools, Kawashima AK3L-M Aspersor Fumigador Manual, 3L, 6
Tools, Vastar 62 en 1 kit Conductor Magnético 56 Bits, Destornillador Magnético de Precisión, de Peparación para Teléfono Móvil…, 5
Tools, Bosch 7017034 Brocas para Madera - 1 Juego con 7 Piezas, 24
Tools, CUBREBOCAS Doble vista 100% LINO – Lavable – PUENTE NASAL ajustable – SOPORTE TRASERO con elástico para liberar presión…, 64
Tools, DOTS D00006 Smart Control Remoto WiFi Universal Compatible con Alexa y Google Assistant, Requiere Instalar App Casa…, 3
Tools, YOMYM Dispensador de agua, bomba de agua con carga USB automática, bomba de agua potable, portátil, Apto para Usar en…, 247
Tools, Vastar Cautin Soldadura del kit del Soldador(60W 110V) Temperatura ajustable 5pcs diferentes Puntas Bomba de Desoldadura…, 14
Tools, Filtro de Ducha Agua Universal de 15 Etapas - Incluye 2 Cartuchos de Filtro Reemplazable- Purificador de Agua para…, 11
Tools, Dots Enchufe WiFi Clavija Plug Inalambrica para Casa Inteligente Compatible con Alexa y Google Assistant, Requiere App…, 4
Tools, Cubrebocas mascarilla KN95 10 PIEZAS ajuste nasal FDA y CE, 3
Tools, GP Cubrebocas mascarilla KN95 (10 PACK) 5 CAPAS DE PROTECCIÓN con Ajuste Nasal Interno, 221
Tools, Cubrebocas Tricapa Plisado Termosellado (Paquete de 50 pzas) con ajustador Nasal, 200
Tools, Lutema Guantes de Vinilo Sin Talco Transparentes Libre de Látex Caja con 100 Guantes Talla Mediana Propiedades Anti…, 25
Tools, AVERA Calentador para 2 regaderas GAS LP. C12L. Boiler de paso. Calentador de agua instantáneo., 24
Tools, AVERA Calentador para 3 regaderas. GAS LP. C16L. Boiler de paso. Calentador de agua instantáneo para 3 regaderas., 22
Tools, Philips Hue White and Color Ambience - Kit de inicio con puente y 4 lámparas blancos y de color, LED, 10 W, A19, 3
Tools, CRAFTSMAN cepilladora de mano, 6 amperios, 5/64 pulgadas (CMEW300), 3
Tools, Numeros para casa -11cm 4inches - Aluminio Cepillado - Numeros Residenciales® (Letra A), 8
Tools, STS 592401 - Dispensador de jabón, Plateado, 0.38 L, 1, 1, 8
Tools, AMBIDERM Guante DE Latex Negro Texturizado 100 Piezas (G/L), 16
Tools, Amerock BP3473W - Cierre magnético, color blanco, 7
Tools, Black + Decker BDEJS4C Jig Saw, 4 Amp, 12
Tools, SKIL SR250801 - Lijadora con cordón para lijadora (3 unidades, papel de lija y caja de polvo), 11
Tools, 4 Joysticks Joycon, Joysticks de Reemplazo Para Nintendo Switch Joycon y Switch Lite, El Kit de Reparación de Reemplazo…, 197
Tools, BLACK+DECKER G720P-B3 Esmeriladora Angular 4-1/2 pulgadas 820W + 6 discos, 17
Tools, "Truper MAN-15X1/2X, Manguera armada super reforzadas 4 capas, conexiones metálicas, 1/2"", 15 m", 9
Tools, GP (10 PACK) Mascarilla Cubrebocas de Seguridad KN95 Ajuste Nasal Interno, 5 Capas Protectoras, Empacado en BOLSAS…, 115
Tools, Herramienta de amoladora angular pequeña Craftsman de 4 a 1/2 pulgadas, 6 amperios (CMEG100), 12
Tools, Lijadora Craftsman, hoja de 1/4 pulgadas (CMEW230), 10
Tools, Redlemon Clip para Billetes Metálico con Herramienta 9 en 1 en Forma de Tarjeta. Incluye Destapador, Regla, Llave…, 21
Tools, Interruptor Inteligente WiFi MOES de Luz de Pared Táctil con Panel de Vidrio Control Remoto Inalámbrico por APP Funciona…, 22
Tools, Jasonwell Linterna led Tactica Recargable USB Lampara Led Mini Multifunción Portátil Lámparas Tacticas 3 Modos Alejar o…, 5
Tools, Kit de Soldador, TYC 60W 110V Set de Soldadura Electrico de estaño con Temperatura Ajustable 200-450℃ Juego de…, 5
Tools, "Pretul 2 CAPAS PLY US LIGERO 15 m -1/2 "" verde", 6
Tools, PKKJ 5Pcs Gafas de Seguridad Gafas de protección Facial, Gafas Protectoras Gafas de protección Facial antiniebla Gafas…, 11
Tools, Taurus - 2X Pack Careta Protectora Abatible Transparente de Seguridad - Escudo Facial Lavable y Reutilizable - Protector…, 63
Tools, CARETA PROTECTORA FACIAL CON LENTES PAQUETE 10 PIEZAS, 10
Tools, Tope magnético para puerta (2 unidades), 47
Tools, "Truper ORG-15, Organizador de 11""", 22
Tools, 2 pcs Fundas de Cara de Algod¨®n Lavable Reutilizables Carb¨®n Activado, a Prueba de Polvo, Transpirable, antiniebla, 27
Tools, Cuifress Face Protection, Designed Fashional and Comfortable,Escudo Transparente Ligero Visera de protección Facial Ojos…, 155
Tools, Energizer Linterna LED para la Cabeza, Brillante y Duradera, Ligera, para Camping, Senderismo, Exteriores, luz de…, 40
Tools, Health Dress Cubrebocas con válvula para Adulto Lavable, Reutilizable Fresco Elegante Tapabocas, 18
Tools, Dispensador de agua electrico, Dispensador de la Bomba de Agua, carga por USB Bomba automática de agua potable…, 21
Tools, CMGB Camping Linterna LED Multifuncional, Lámpara de trabajo recargable 2200 mAh Banco de Potencia, Plegable, Súper…, 12
Tools, Dispensador De Agua Electrico, Vagalbox Bomba de Agua Recargable Dispensador Agua Automatico Interruptor de Botella de…, 22
Tools, Black & Decker AS6NG desarmador - Destornillador (Alcalino, AA, Phillips, Ranura), 6
Tools, Craftsman (CMAF1285) Juego de brocas 85 piezas, 15
Tools, Cheelom Pistola de aire caliente Kit de pistola de 1600W Pistola de Calor Control de temperatura variable con…, 25
Tools, Truper STCX-10, Serrucho tipo marquetero, Diamante, 19
Tools, Destornilladores de Precisión Set, Destornilladores Set 25 en 1 Multiuso Kit de Herramientas de Reparación para…, 43
Tools, 3M Centurion Safety Splash Goggle 454, 40304-00000-10 Clear Lens (Pack of 1), 21
Tools, SANGKEE 50 Cubrebocas de 3 Capas para niños o niñas con Lindo Animal de Dibujos Animados Estampado de Gato Mono Panda (A…, 11
Tools, KONEKTE Praktikon Ahorra Espacio para Baño KW-105 Blanco, 4
Tools, TP-LINK Interruptor inteligente WiFi para control de iluminación desde cualquier lugar, Interruptor de luz, Paquete de 3…, 7
Tools, Kasa Smart WiFi Plug Lite by TP-Link - 12A, no requiere Hub, funciona con Alexa y Google (HS103P4), 54
Tools, AUNMAS Puerta Larga Ventana de desmontaje Ventana de Silicona Sellado Tira Insecto Polvo Prevención Cinta autoadhesiva…, 30
Tools, Sierra circular, GALAX PRO 10A 5800RPM de mano de sierra circular ángulo biselado (0-45°) Cortes de juntas con hoja de 7…, 21
Tools, AMBIDERM Guante Texturizado Negro Libre DE Polvo Caja C/100 PZAS (Mediano) (Mediano), 8
Tools, Salandens Timbre Inalámbrico para Puerta,1 Transmisor y 2 Receptor,Timbre Impermeable Volumen Ajustable Alcance a 300m…, 5
Tools, RabbitStorm 81 en 1 Juego Destornilladores Kit de Destornillador Completo con Múltiples Funciones Herramientas de…, 1
Tools, LUTEMA Cubrebocas Quirúrgico Cubre Bocas Desechables de 3 Capas Conformado de Tela y Filtro Mascarillas Protectoras…, 4
Tools, STANLEY SRR1200 Fresadora/Rebajadora de Columnas 1200W, 6
Tools, Sonoff Basic Interruptor Inteligente WiFi, 85
Tools, PVC Protector y Guardapolvo para Puerta - RabbitStorm, PVC Tira de Sellado de Ventanas Autoadhesiva, Cubre Polvos para…, 6
Tools, IVY Classic 46207 7/16 x 7-1/2 pulgadas Power Auger, acero de alto carbono, tubo, 3
Tools, Cubrebocas KN95, mascarilla 10 pcs, protección, filtración de virus ultra alta, instituciones médicas profesionales, 17
Tools, Grifo Moderno de 360 °, Vagalbox Giratorio para Agua Caliente y Fríos para Cocina Grifos del fregadero de acero…, 23
Tools, GP Cubrebocas mascarilla KN95 para NIÑOS con 5 capas protectoras y Válvula para facilitar la respiración. (10 PACK), 33
Tools, KN95 Cubrebocas 5 Capas con Certificado CA/FDA, 10 Piezas (Ajustador Nasal Oculto), 63
Tools, Rovtop Cinta Métrica y Cinta Métrica Retráctil -Cinta de medición métrica Regla Costura del Tamaño Estándar 60 Pulgadas…, 1
Tools, Linterna led, GLURIZ Linterna UV12 LED Ultravioleta Flashlight Detector de Orina de Mascotas y Manchas en Armarios…, 6
Tools, DeWalt DWMT73808 - Juego de destornilladores de tuerca y puntas (70 unidades, 1/4 pulgadas, 0.64 cm, 10
Tools, The Hillman Group 830502 Stainless Steel 1/4-Inch Flat Washer, 100-Pack, 13
Tools, "Sierra circular, GALAXIA 13A 5800RPM 7-1/4"" profesional con cable protector de aluminio ligero, 2 cuchillas (24T+48T…", 16
Tools, Apsung - Juego de destornilladores 110 en 1 con ranuras, Phillips, Torx y más puntas, kit de herramientas de precisión…, 9
Tools, Majoxin Mini portátil multímetro analógico AC/DC amperímetro del voltímetro del ohmio de fusibles/diodos Tester, 9
Tools, Majoxin Reparación de relojes del reloj Herramienta Reparación 19 Conjuntos De Juego de herramientas en Split Ver…, 9
Tools, Majoxin 30in1 Interior Llave Allen hexagonal Allen Torx Juegos de llaves SAE Sistema de herramienta manual preciso, 9
Tools, El Galeón Paq 25 Cubrebocas Adulto Termosellado Triple Capa Plisado (Celeste), 4
Tools, Juego de destornilladores 84&110, 13
Tools, Nuevo Echo Dot (4ta Gen) - Bocina inteligente con reloj y Alexa - Azul, 18
Tools, Nuevo Echo Dot (4ta Gen) - Bocina inteligente con Alexa - Azul, 12
Tools, Cubrebocas,KN95, mascarilla 10 pcs, protección, filtración de virus ultra alta, instituciones médicas profesionales, 25
Tools, Kreg R3 Jr. Sistema de plantilla de agujeros de bolsillo, 7
Tools, Cubrebocas mascarilla KN95 (10 PACK) 5 CAPAS DE PROTECCIÓN con Ajuste Nasal Interno (PLATAFORMA I), 19
Tools, Milescraft 1319 JointMate - Plantilla de espiga de mano, 18
Tools, Mylin Cinta de Doble Cara de Papel Transparente 1.8cm de Ancho X 33m de Largo, 5
Tools, Redlemon Caja de Almacenamiento de Llaves con Combinación, Rueda de Código de 4 Dígitos, Hasta 5 Llaves, Empotrable en…, 2
Tools, General Electric 14092 Surge Protector, 6-Outlet, 10 Feet, White, 5
Tools, Cubrebocas,KN95, mascarilla,10 pcs, protección, filtración de virus ultra alta, instituciones médicas profesionales, 16
Tools, Gorilla Crystal Clear Cinta de conducto, 4.78 cm x 8.2 m, transparente, Paquete de 2, 2 Pack (1.88 in X 9 Yd), 3
Tools, Kit de Soldador, MTQ 60W 110V Set de Soldadura Electrico de Estaño con Temperatura Ajustable 200-450℃ Juego de…, 8
Tools, KN95 5 PLY 10 unidades, 5
Tools, Cabeza de Ducha de lluvia - Gran Cuadrada de SUS304 Acero Inoxidable Ducha de Lluvia-cabeza Alta Presión Montaje Fijo de…, 5
Tools, Rovtop Cinta Métrica y Cinta Métrica Retráctil -Cinta de medición métrica Regla Costura del Tamaño Estándar 60 Pulgadas…, 1
Tools, RabbitStorm 81 en 1 Juego Destornilladores Kit de Destornillador Completo con Múltiples Funciones Herramientas de…, 1
Tools, DAMPRID - Bolsa para Colgar, Lavanda (Lavender Vanilla), 1, 1
Tools, Shenyun 10 Cubrebocas KN95 de 5 Capas BFA ≥ 95% mas Gel antiabacterial de Regalo Gratis, 1
Tools, Timbre Inalámbrico, Timbre para Puerta NIERBO con Transmisor y Receptores, Timbre Impermeable con 36 Melodías y 4…, 1
Tools, Hakko chp-170 Micro suave cortador de alambre, 1.5 mm stand-off, calibre 16 máxima capacidad de corte, Rojo, Paquete de 1, 1
Tools, Guante de Latex Ambiderm Confort, caja con 100 guantes desechables, Bajo de Polvo para exámen, Liso, ambidiestros, no estéril (Mediano - Blanco), 1
Tools, TEKTON Mini abrazadera de barra de carraca de 6 pulgadas por 1.5 pulgadas y extensor de 9 pulgadas, 1
Tools, "Truper CLICK-SET, Juego de 2 conectores rápidos, 3/4"", sistema click", 1
Tools, G4 Cubrebocas de Neopreno con válvula, Lavable Reutilizable. Triple Capa. Paquete 5 pzas. Color Negro de México, 1
Tools, Redlemon Caja de Almacenamiento de Llaves con Combinación, Rueda de Código de 4 Dígitos, Hasta 5 Llaves, Empotrable en…, 2
Tools, Brandtrendy Cubrebocas Mascarilla Kn95 Maxima Proteccion 500 Piezas., 2
Tools, Gorilla Crystal Clear Cinta de conducto, 4.78 cm x 8.2 m, transparente, Paquete de 2, 2 Pack (1.88 in X 9 Yd), 3
Tools, IVY Classic 46207 7/16 x 7-1/2 pulgadas Power Auger, acero de alto carbono, tubo, 3
Tools, CRAFTSMAN cepilladora de mano, 6 amperios, 5/64 pulgadas (CMEW300), 3
Tools, Philips Hue White and Color Ambience - Kit de inicio con puente y 4 lámparas blancos y de color, LED, 10 W, A19, 3
Tools, Cubrebocas mascarilla KN95 10 PIEZAS ajuste nasal FDA y CE, 3
Tools, DOTS D00006 Smart Control Remoto WiFi Universal Compatible con Alexa y Google Assistant, Requiere Instalar App Casa…, 3
Tools, "Truper MAN-25X1/2X, Manguera armada super reforzadas 4 capas, conexiones de latón, 1/2"", 25 m", 3
Tools, "Regadera Cuadrada de 8"" con Tubo de 40 cm en Acero Inoxidable (Empaque de tubo 5/50)…", 3
Tools, Shenyun 10 Cubrebocas KN95 de 5 Capas BFA ≥ 95% mas Gel antiabacterial de Marca Nuvel o Jaloma de Regalo Gratis, 3
Tools, WEN - Herramienta giratoria de agarre estable de velocidad variable con kit de accesorios, 3
Tools, Navaja de Bolsillo Plegable Cuchillo Multifuncional Multiusos Navaja Multiusos de Bolsillo en Acero Inoxidable Kit…, 3
Tools, Alta Presión Montaje Fijo de Cabeza de Ducha de lluvia-8 Pulgadas/20cm Gran Cuadrada 304 de Acero Inoxidable Ducha de Spray - 1/2'' Conector, Rotación de 360 Grados-con Boquilla de Silicona- Ultra Fino Ahorro de Agua Regaderas Fijas para Baño Gigante Piso Individual-RabbitStorm (12 Pulgadas), 3
Tools, "Black + Decker BDERO100 Lijadora orbital aleatoria, 5""", 3
Tools, Champion Sports Hi visibilidad fluorescente Cono de plástico Set, 3
Tools, "Manguera de Jardín Expandible Retractil Extensible de hasta 15 metros con Pistola para Agua 10 Patrones Disponibles y Conectores de metal de 3/4 "" para plantas Riego Mascotas Ducha de perro Lavado de coche Limpieza de la casa (15 metros)", 3
Tools, Pretul ESTU-2P, Escalera tubular plegable, 2 peldaños, tipo III, 91 kg, 3
Tools, Philips 473389 Hue - Sensor de movimiento, Instalación inalámbrica, blanco, 3
Tools, WECAN Cubrebocas Lavable Reutilizable Negro SANITIZADO (4 Piezas), 3
Tools, Grifos de Cocina Grifo Moderno de 360 ° Giratorio Grifo para Fregadero de Acero Inoxidable Grifo de Mezcla de Agua Caliente y Fría Monomando Flexible Comercial Bolden con 2 Manguera Flexible, 3
Tools, Cubrebocas Lavable de Tela (Paquete de 5 piezas) para Niña, Reutilizables y Ecológicos, Doble Capa de Poliéster y Algodón, Plisado para Mejor Ajuste y Comodidad, Set de 5 Estampados Diferentes, 3
Tools, "Lincoln Electric OMNIShield Professional Face Shield , 3
Tools, El Galeón Paq 25 Cubrebocas Adulto Termosellado Triple Capa Plisado (Celeste), 4
Tools, LUTEMA Cubrebocas Quirúrgico Cubre Bocas Desechables de 3 Capas Conformado de Tela y Filtro Mascarillas Protectoras…, 4
Tools, KONEKTE Praktikon Ahorra Espacio para Baño KW-105 Blanco, 4
Tools, Dots Enchufe WiFi Clavija Plug Inalambrica para Casa Inteligente Compatible con Alexa y Google Assistant, Requiere App…, 4
Tools, ATOLLA Telémetro Láser 60m Medidor Láser de Distancia Pantalla Retroiluminada LCD con Función de Almacenamiento de Datos…, 4
Tools, (4 Pack ) Careta Protectora Facial Transparente de PET / Protector Facial Cubre Cara, Boca, Ojos, Nariz y Oídos 25cm…, 4
Tools, XTREPID Lentes de Seguridad, Gafas de Protección Visual Transparentes, Paquete 4pzs, Anteojos Anti Salpicaduras, Protege…, 4
Tools, Linterna LED Luz UV y Blanco 2 en 1,AveDistante Linterna Ultravioleta Linterna Tácticas con Funcion de Agrandar y Enfocar 5 Modos para Lluminación Detectar Orina de Mascotas,Ciclismo,Camping, Flashlight 1000 Lúmenes Incluida RecargablePila AAA, 4
Tools, TP-LINK Interruptor inteligente WiFi para control de iluminación desde cualquier lugar, Interruptor de luz, Paquete de 3, Blanco, 4
Tools, Cubrebocas Lavable de Tela (Paquete de 5 piezas) para Hombre, Reutilizables y Ecológicos, Doble Capa de Poliéster y Algodón, Plisado para Mejor Ajuste y Comodidad, Set de 5 Estampados Diferentes, 4
Tools, Cabeza de Ducha de lluvia - Gran Cuadrada de SUS304 Acero Inoxidable Ducha de Lluvia-cabeza Alta Presión Montaje Fijo de…, 5
Tools, KN95 5 PLY 10 unidades, 5
Tools, General Electric 14092 Surge Protector, 6-Outlet, 10 Feet, White, 5
Tools, Mylin Cinta de Doble Cara de Papel Transparente 1.8cm de Ancho X 33m de Largo, 5
Tools, Salandens Timbre Inalámbrico para Puerta,1 Transmisor y 2 Receptor,Timbre Impermeable Volumen Ajustable Alcance a 300m…, 5
Tools, Kit de Soldador, TYC 60W 110V Set de Soldadura Electrico de estaño con Temperatura Ajustable 200-450℃ Juego de…, 5
Tools, Jasonwell Linterna led Tactica Recargable USB Lampara Led Mini Multifunción Portátil Lámparas Tacticas 3 Modos Alejar o…, 5
Tools, Vastar 62 en 1 kit Conductor Magnético 56 Bits, Destornillador Magnético de Precisión, de Peparación para Teléfono Móvil…, 5
Tools, "Pretul MAN-10X1/2PR, Manguera armada reforzadas 3 capas, conexiones plásticas, 1/2"", 10 m", 5
Tools, Shenyun 1 Gel antiabacterial Jaloma de 120Ml y 10 Cubrebocas KN95 de 5 Capas BFA ≥ 95% mas, 5
Tools, Volteck GCU-16B - Grapas curvas para cable coaxial, Blancas, 20 unidades, 5
Tools, Zengest Tira de parte inferior de puerta, tira de sello para puerta de regadera de vidrio y casa, para lateral de puerta…, 5
Tools, Regleta Enchufe de Energía USB Multifuncional Portable con 4 puertos de carga USB y 4 Outlet Adaptador, Multi Power…, 5
Tools, Gateway Safety 6966 Cover2 Safety Glasses, IR Filter Shade 5.0 Lens, Black Temple, 5
Tools, Smart Plug, Vaupan Mini salida WiFi funciona con Alexa, Google Home e IFTTT, control remoto inteligente con función de temporizador, no requiere concentrador, certificación ETL y FCC, solo soporta red de 2,4 GHz, Blanco, Smart Plug 1 Pack, 5
Tools, Kit de driver de impacto CRAFTSMAN V20, sin cable, 1/4 pulgadas (CMCF800C2), 5
Tools, WM 10 CubreBocas KN95 5 Capas, 5
Tools, Linterna led, GLURIZ Linterna UV12 LED Ultravioleta Flashlight Detector de Orina de Mascotas y Manchas en Armarios…, 6
Tools, PVC Protector y Guardapolvo para Puerta - RabbitStorm, PVC Tira de Sellado de Ventanas Autoadhesiva, Cubre Polvos para…, 6
Tools, STANLEY SRR1200 Fresadora/Rebajadora de Columnas 1200W, 6
Tools, Black & Decker AS6NG desarmador - Destornillador (Alcalino, AA, Phillips, Ranura), 6
Tools, "Pretul 2 CAPAS PLY US LIGERO 15 m -1/2 "" verde", 6
Tools, Kawashima AK3L-M Aspersor Fumigador Manual, 3L, 6
Tools, Volteck ED-4B, Extensión eléctrica doméstica, 6
Tools, Báscula mecánica Pretul de cocina para 5 kg, 6
Tools, DEWALT DPG82-11 Concealer Clear Anti-Fog Dual Mold Safety Goggle, 6
Tools, Kn95 10 Cubre Boca Original con Certificado te lo proteja 100% el Nariz y la Boca del Virus, 6
Tools, "DEWALT DWS715 15-Amp 12"" Single Bevel Compound Miter Saw", 6
Tools, Timbre Inalámbrico para Puerta,1 Transmisor y 1 Receptor,Timbre Impermeable Volumen Ajustable Alcance a 280m con 36 Melodías,4 Niveles de Volumen, LED Indicador,para Oficina, Hotel, Casa y Más（blanco）, 6
Tools, Kreg R3 Jr. Sistema de plantilla de agujeros de bolsillo, 7
Tools, TP-LINK Interruptor inteligente WiFi para control de iluminación desde cualquier lugar, Interruptor de luz, Paquete de 3…, 7
Tools, Amerock BP3473W - Cierre magnético, color blanco, 7
Tools, Destornillador inalámbrico, batería ion Litio 1Ah, 6 V, 7
Tools, Truper CTR-40, Cinta transparente, 0.050 mm de espesor, 40 m, 7
Tools, Timbre Inalámbrico para Puerta,1 Transmisor y 1 Receptor,Timbre Impermeable Volumen Ajustable Alcance a 280m con 36…, 7
Tools, Cubrebocas con Válvula y 2 Filtros PM 2.5 (Aqua), 7
Tools, Kasa Smart Plug Power Strip, Protector contra sobretensiones con 3 Tomas Inteligentes y 2 Puertos USB, Funciona con…, 7
Tools, AVERA Calentador de agua instantáneo para 1 regadera y 1 lavabo. GAS LP. C8L. Boiler de paso., 7
Tools, Vaupan - Enchufe inteligente, mini salida WiFi, funciona con Alexa, Google Home e IFTTT, control remoto inteligente con función de temporizador, no requiere concentrador, certificación ETL y FCC, solo soporta red de 2.4 GHz, Blanco, Smart Plug 1 Pack, 7
Tools, Paquete de 5 cubrebocas Helsa Mask (Adulto), 5 capas, color azul, reutilizable, ecológico, tela SMS, tecnología alemana, Segunda Generación, 7
Tools, 3M Temflex Cinta Eléctrica         mm x    m Color Blanco, 7
Tools, Kit de Soldador, MTQ 60W 110V Set de Soldadura Electrico de Estaño con Temperatura Ajustable 200-450℃ Juego de…, 8
Tools, AMBIDERM Guante Texturizado Negro Libre DE Polvo Caja C/100 PZAS (Mediano) (Mediano), 8
Tools, STS 592401 - Dispensador de jabón, Plateado, 0.38 L, 1, 1, 8
Tools, Numeros para casa -11cm 4inches - Aluminio Cepillado - Numeros Residenciales® (Letra A), 8
Tools, Truper EXA-11 Juego de exactos Hobby con estuche 11 piezas, color,, pack of/paquete de 1, 8
Tools, Scotch SP820-NA almohadilla protectora de piso para muebles - Deslizadores de fieltro para muebles, 8
Tools, TP-Link Mini Enchufe Inteligente, Casa Inteligente WiFi, Controla Remotamente tus Electrodomesticos Dediante la Aplicación Gratuita Tapo P100, Blanco, 8
Tools, 10 piezas - CubreBocas - Material con Alta Capacidad de Respiración - Máscara de Seguridad para Cuidado Personal - Anti-contaminación con Clip para Nariz. Protege de la Contaminación, Polvo, Gases de Mofle, Esmog, Alergia al Polen. (PAQUETE CON 10 MASCARAS), 8
Tools, Majoxin 30in1 Interior Llave Allen hexagonal Allen Torx Juegos de llaves SAE Sistema de herramienta manual preciso, 9
Tools, Majoxin Reparación de relojes del reloj Herramienta Reparación 19 Conjuntos De Juego de herramientas en Split Ver…, 9
Tools, Majoxin Mini portátil multímetro analógico AC/DC amperímetro del voltímetro del ohmio de fusibles/diodos Tester, 9
Tools, Apsung - Juego de destornilladores 110 en 1 con ranuras, Phillips, Torx y más puntas, kit de herramientas de precisión…, 9
Tools, "Truper MAN-15X1/2X, Manguera armada super reforzadas 4 capas, conexiones metálicas, 1/2"", 15 m", 9
Tools, TXG Linterna LED Luz UV y Blanco 2 en 1 por 3*AAA/1 * 18650 Batería, Mini Portátil 500 Lumens Lampara Linterna led…, 9
Tools, LYTIO Mascarilla Cubrebocas Plisado 3 Capas Reforazado Desechables con Orejeras de Liga Elastica Quirurgico Respirable…, 9
Tools, Bosch - Mesa para enrutador, 9
Tools, EDR 10 Piezas CubreBocas KN95 5 Capas, 9
Tools, rivcoim Cubrebocas Mascarilla, 9
Tools, DeWalt DWMT73808 - Juego de destornilladores de tuerca y puntas (70 unidades, 1/4 pulgadas, 0.64 cm, 10
Tools, CARETA PROTECTORA FACIAL CON LENTES PAQUETE 10 PIEZAS, 10
Tools, Lijadora Craftsman, hoja de 1/4 pulgadas (CMEW230), 10
Tools, BN-LINK Enchufe inteligente WiFi de alta resistencia, sin hub, con función de monitorización de energía y temporizador…, 10
Tools, Truper PR-409, Pistola plástica con recubrimiento, 2 funciones, 10
Tools, "Master Magnetics Roll-N-Cut Flexible Magnetic Tape Refill - 1/16"" thick x 1/2"" wide x 15 feet. (1 roll), 07518", 10
Tools, Black + Decker LD120VA 20-Volt MAX Taladro/destornillador de 20 voltios MAX de iones de litio y 30 accesorios, 10
Tools, """A"" Numeros para casa delgados - 18cm 7inches - Aluminio Cepillado - Numeros Residenciales®", 10
Tools, SANGKEE 50 Cubrebocas de 3 Capas para niños o niñas con Lindo Animal de Dibujos Animados Estampado de Gato Mono Panda (A…, 11
Tools, PKKJ 5Pcs Gafas de Seguridad Gafas de protección Facial, Gafas Protectoras Gafas de protección Facial antiniebla Gafas…, 11
Tools, SKIL SR250801 - Lijadora con cordón para lijadora (3 unidades, papel de lija y caja de polvo), 11
Tools, Filtro de Ducha Agua Universal de 15 Etapas - Incluye 2 Cartuchos de Filtro Reemplazable- Purificador de Agua para…, 11
Tools, Pretul FLA-40P, Manguera flexible para lavabo, trenzado aluminio, 11
Tools, Truper FDO-2, Fumigador doméstico, 2 L, 11
Tools, WB Games Injustice 2: Legendary Edition - Playstation 4, 11
Tools, Nuevo Echo Dot (4ta Gen) - Bocina inteligente con Alexa - Azul, 12
Tools, CMGB Camping Linterna LED Multifuncional, Lámpara de trabajo recargable 2200 mAh Banco de Potencia, Plegable, Súper…, 12
Tools, Herramienta de amoladora angular pequeña Craftsman de 4 a 1/2 pulgadas, 6 amperios (CMEG100), 12
Tools, Black + Decker BDEJS4C Jig Saw, 4 Amp, 12
Tools, Volteck ER-2X16, Extensión de uso rudo, Calibre 16, Naranja, 2 m, 12
Tools, Grifo Moderno de 360 °, Vagalbox Giratorio para Agua Caliente y Fríos para Cocina Grifos del fregadero de acero inoxidable con pulverizador desplegable, 12
Tools, Generico Salva Orejas Negros Camuflaje con 6 Botones DE Tela (10 Piezas), 12
Tools, Uvex by Honeywell 9301 Futura - anteojos de ventilación indirecta S345C, 12
Tools, Juego de destornilladores 84&110, 13
Tools, The Hillman Group 830502 Stainless Steel 1/4-Inch Flat Washer, 100-Pack, 13
Tools, LUTEMA Guantes de Vinilo Sin Talco Transparentes Libre de Látex Caja con 100 Guantes Talla Grande Propiedades Anti…, 13
Tools, Tira de Sellado de Ventanas autoadhesiva, MTQ cubrepolvo de puertas, Ventana de Silicona Sellado Tira Insecto Polvo Prevención Cinta autoadhesiva Aislante Borrador Tapón Ruido A Prueba de Polvo Prevención de Agua Selladores, 13
Tools, Susenstone - Bandanas faciales con válvula de respiración, reutilizables, lavables, a prueba de polvo, resistente al viento para exteriores, Negro, Talla única 商品名称, 13
Tools, 10 piezas CubreBocas mascarilla blanco - Máscara de seguridad para cuidado personal alta protección - mascaras protectoras certificadas paquete protege de la contaminación, polvo, esmog, polen y partículas suspendidas, 13
Tools, Vastar Cautin Soldadura del kit del Soldador(60W 110V) Temperatura ajustable 5pcs diferentes Puntas Bomba de Desoldadura…, 14
Tools, Scotch 112L mounting tape/label - Cintas de montaje y etiquetas, 14
Tools, Genlit GL-XTDO6MB Extension Domestica, color Blanca, 6 m, 14
Tools, Red Devil 0323 Steel Wool, 0 Fine, 8 Pads, 14
Tools, Alta Presión Montaje Fijo de Cabeza de Ducha de lluvia-8 Pulgadas/20cm Gran Cuadrada 304 de Acero Inoxidable Ducha de Spray - 1/2'' Conector, Rotación de 360 Grados-con Boquilla de Silicona- Ultra Fino Ahorro de Agua Regaderas Fijas para Baño Gigante Piso Individual-RabbitStorm, 14
Tools, 3M Virtua CCS Gafas de Protección, 11873-00000-20, Junta de Espuma, Lente Antivaho, 14
Tools, Igoto Pump PAC16 Presurizador Automático 1/6 HP, 14
Tools, rivcoim Cubrebocas 3 Capas Mascarilla 5pz Lavable, 14
Tools, Craftsman (CMAF1285) Juego de brocas 85 piezas, 15
Tools, Báscula mecánica Pretul de cocina para 3 kg, 15
Tools, FOGOMX - Iniciador de Fuego ecológico 100% natural para prender carbón, prender leña, prender fogata, prender asador y chimeneas. Caja con 16 piezas., 15
Tools, Simonetta Vespetti Paquete de 10 Caretas Faciales Protectoras de Ojos, Nariz y Boca con Cómoda Forma de Lentes, Totalmente Transparente. Comodidad, Reutilizable y Lavable, 15
Tools, rivcoim Cubrebocas 3 Capas Mascarilla Reutilizable 5pz Lavable, 15
Tools, CRAFTSMAN V20* Kit de taladro/destornillador inalámbrico (CMCD701C2), 15
Tools, Cubrebocas,KN95, mascarilla,10 pcs, protección, filtración de virus ultra alta, instituciones médicas profesionales, 16
Tools, "Sierra circular, GALAXIA 13A 5800RPM 7-1/4"" profesional con cable protector de aluminio ligero, 2 cuchillas (24T+48T…", 16
Tools, AMBIDERM Guante DE Latex Negro Texturizado 100 Piezas (G/L), 16
Tools, LUTEMA Cubrebocas Desechables KN95 5 Capas con Estructura Protectora Eficiencia de Filtración BFE95% Protege contra Polvo Polen Contaminación Gotas de Saliva (10), 16
Tools, "TP-LINK HS200 Kasa Smart Wi-Fi - Interuptor inteligente de luz, control de dispositivos desde cualquier lugar, funciona con Amazon Alexa, blanco, 5.04"" x 1.77"" x 3.35""", 16
Tools, BLACK+DECKER WM125 Mesa de Trabajo Multiuso, 16
Tools, Cubrebocas KN95, mascarilla 10 pcs, protección, filtración de virus ultra alta, instituciones médicas profesionales, 17
Tools, BLACK+DECKER G720P-B3 Esmeriladora Angular 4-1/2 pulgadas 820W + 6 discos, 17
Tools, Kit Casa Segura Inalambrico Con Alarma Central, Control Remoto, Sensores de Apertura y Sensor de Movimiento Wifi Compatible con Alexa y Google Assistant, 17
Tools, Bosch MS4034 - Juego mixto de taladro y destornillador de 34 piezas, 17
Tools, Milescraft 1319 JointMate - Plantilla de espiga de mano, 18
Tools, Nuevo Echo Dot (4ta Gen) - Bocina inteligente con reloj y Alexa - Azul, 18
Tools, Health Dress Cubrebocas con válvula para Adulto Lavable, Reutilizable Fresco Elegante Tapabocas, 18
Tools, EDR Cubrebocas KN95 con Valvula de exhalación con certificación GB2626-2006 Color Rosa 5 Piezas, 18
Tools, SKIL - Sierra circular, 18
Tools, Cubrebocas mascarilla KN95 (10 PACK) 5 CAPAS DE PROTECCIÓN con Ajuste Nasal Interno (PLATAFORMA I), 19
Tools, Truper STCX-10, Serrucho tipo marquetero, Diamante, 19
Tools, Paquete de 5 Cubrebocas Helsa Mask (Adulto), 5 capas, color negro, reutilizable, ecologico, tela SMS, tecnología alemana…, 19
Tools, Foset Element BCH-720, Brazo tipo gancho y chapetón, para regadera, acabado cromo, 19
Tools, Zengest Tira de parte inferior de puerta, tira de sello para puerta de regadera de vidrio y casa, para lateral de puerta (transparente), 5 m, 19
Tools, Apalus Cortina mosquitera magnética para puertas, 100x220cm, con malla super fina para dejar pasar el aire fresco, y cierre magnético que se cierra automáticamente para dejar a los insectos fuera, 20
Tools, Sierra circular, GALAX PRO 10A 5800RPM de mano de sierra circular ángulo biselado (0-45°) Cortes de juntas con hoja de 7…, 21
Tools, 3M Centurion Safety Splash Goggle 454, 40304-00000-10 Clear Lens (Pack of 1), 21
Tools, Dispensador de agua electrico, Dispensador de la Bomba de Agua, carga por USB Bomba automática de agua potable…, 21
Tools, Redlemon Clip para Billetes Metálico con Herramienta 9 en 1 en Forma de Tarjeta. Incluye Destapador, Regla, Llave…, 21
Tools, Linterna LED Luz UV y Blanco 2 en 1,AveDistante Linterna Ultravioleta Linterna Tácticas con Funcion de Agrandar y…, 21
Tools, "Foset Basic R-007, Regadera de 2 1/2"" con extensión tipo teléfono", 21
Tools, Health Dress HEALTHDRESS Cubrebocas con Válvula Tapabocas Lavable Reutilizable Adulto/Niño con Filtro PM 2.5 (Adulto), 21
Tools, Dispensador De Agua Electrico, Vagalbox Bomba de Agua Recargable Dispensador Agua Automatico Interruptor de Botella de…, 22
Tools, "Truper ORG-15, Organizador de 11""", 22
Tools, Interruptor Inteligente WiFi MOES de Luz de Pared Táctil con Panel de Vidrio Control Remoto Inalámbrico por APP Funciona…, 22
Tools, AVERA Calentador para 3 regaderas. GAS LP. C16L. Boiler de paso. Calentador de agua instantáneo para 3 regaderas., 22
Tools, Báscula mecánica Pretul de cocina para 1 kg, 22
Tools, Sacabocado Estrella, Ojilladora, Pinza Para Boton De Presion Marca Obi, 22
Tools, Grifo Moderno de 360 °, Vagalbox Giratorio para Agua Caliente y Fríos para Cocina Grifos del fregadero de acero…, 23
Tools, Sensor Apertura Puertas y Ventanas Inalambrico Wifi Compatible con Alexa y Google Assistant, 23
Tools, Yale YSV/200/DB1 Value Compact Safe Small - Caja de seguridad electrónica, Chica, 20 x 20 x 31 cm, 23
Tools, AVERA Calentador para 2 regaderas GAS LP. C12L. Boiler de paso. Calentador de agua instantáneo., 24
Tools, Bosch 7017034 Brocas para Madera - 1 Juego con 7 Piezas, 24
Tools, Cubrebocas,KN95, mascarilla 10 pcs, protección, filtración de virus ultra alta, instituciones médicas profesionales, 25
Tools, Cheelom Pistola de aire caliente Kit de pistola de 1600W Pistola de Calor Control de temperatura variable con…, 25
Tools, Lutema Guantes de Vinilo Sin Talco Transparentes Libre de Látex Caja con 100 Guantes Talla Mediana Propiedades Anti…, 25
Tools, 2 pcs Fundas de Cara de Algod¨®n Lavable Reutilizables Carb¨®n Activado, a Prueba de Polvo, Transpirable, antiniebla, 27
Tools, Swanson Tool S0101CB Escuadra Rápida con Libro y Escuadra Combinada, Paquete Económico, 27
Tools, Truper MUT-33, Multímetro digital, 27
Tools, Shenyun 10 Cubrebocas KN95 de 5 Capas BFA ≥ 95% mas 1 Gel Antibacterial Jaloma de 120Ml, 28
Tools, Enchufe inteligente TP-LINK HS100, no requiere base de carga, Wi-Fi, funciona con Alexa y Google Assistant, controle sus dispositivos desde cualquier lugar, 3.5 x 5.5 x 7.3 inches, Blanco, 28
Tools, Cabeza de Ducha de lluvia - Gran Cuadrada de SUS304 Acero Inoxidable Ducha de Lluvia-cabeza Alta Presión Montaje Fijo de Cabeza de Ducha de Lluvia Ultra fino Ahorro de Agua Regaderas Fijas para Baño Gigante Piso Individual(20cm/8''), 28
Tools, Cubrebocas Reutilizable con Repuestos de Filtros de 4 Capas ( Paquete 4 pzas), 28
Tools, TRUPER FH-8M Flexómetro, Gripper contra Impacto, 8 m, 29
Tools, Bosch DDMS20 - Juego de Atornillado y Taladrado Impact Tough, Maletín Personalizable, 20 piezas, 29
Tools, AstroAI Máscara de Anticontaminación Mascarilla Antipolvo para los Adultos Cubrebocas Reutilizables del Deporte Bandanas Lavables Faciales Negro, 29
Tools, AUNMAS Puerta Larga Ventana de desmontaje Ventana de Silicona Sellado Tira Insecto Polvo Prevención Cinta autoadhesiva…, 30
Tools, GE Designer Cable de extensiÃ³n con protecciÃ³n contra sobretensiones, cable de alimentaciÃ³n trenzado, 15 pies, 3…, 31
Tools, Pretul SET-42 Juego de herramienta, 42 piezas, Comfort Grip, Pretul, 31
Tools, GP Cubrebocas mascarilla KN95 para NIÑOS con 5 capas protectoras y Válvula para facilitar la respiración. (10 PACK), 33
Tools, """N/A"" Paquete de 10 Caretas con Lentes Protector Facial Anti Saliva", 34
Tools, GP Cubrebocas mascarilla KN95 (5 PACK), 34
Tools, rivcoim Cubrebocas 3 Capas Mascarilla Reutilizable Lavable 5 piezas, 36
Tools, Genesis GHG1500A Kit de pistola térmica de doble temperatura con cuatro accesorios de boquilla de metal, 37
Tools, Interruptor Inteligente WiFi MOES de Luz de Pared Táctil con Panel de Vidrio Control Remoto Inalámbrico por APP Funciona con Amazon Alexa, Función de Temporización sin Necesidad de Hub (1 gang, blanco), 37
Tools, Eplay Cinta Adhesiva de Doble Cara Lavable Cinta Transparente Reutilizable Multifuncional, sin Rastros, Extrafuerte Para Pegar Artículos, Fijar Alfombras, 5 m/Rollo, 37
Tools, Compresor de Aire 300 psi 12 volts, 38
Tools, Sanelec 2646 Timbre Inalámbrico con 32 Melodias, LED Indicador de Encendido, , 1 Control, 38
Tools, AstroAI Máscara de Anticontaminación Mascarilla Antipolvo para los Adultos Cubrebocas Reutilizables del Deporte Cubrebocas Lavables Faciales Azul, 39
Tools, Energizer Linterna LED para la Cabeza, Brillante y Duradera, Ligera, para Camping, Senderismo, Exteriores, luz de…, 40
Tools, LYTIO Mascarilla Cubrebocas Plisado 3 Capas Reforazado Desechables con Orejeras de Liga Elastica Quirurgico Respirable Protege contra Germenes Polvo Bacterias (10 Piezas), 41
Tools, Mando Infrarrojo Inteligente Universal WiFi Controla Diversos Dispositivos de Control Remoto Simultáneamente con tu Smartphone (iOS y Android), Compatible con Alexa y Asistente de Google, Distancia Infrarroja: ≤ 8 metros, 42
Tools, Destornilladores de Precisión Set, Destornilladores Set 25 en 1 Multiuso Kit de Herramientas de Reparación para…, 43
Tools, GP Mascarilla con Careta, 44
Tools, Báscula mecánica Pretul de cocina para 2 kg, 45
Tools, Philips 473389 Hue - Sensor de movimiento, Instalación inalámbrica, blanco, 45
Tools, OWOFAN - llave de cocina de latón macizo sin plomo, con una sola manija, extraíble, con muelle, para fregadero de cocina, de níquel cepillado, Comercial, Negro (Paint Black), 45
Tools, Cabeza de Ducha de lluvia, TYC 5 Funciones Cabezal de regadera Para Baja y Alta Presión Alcachofa Ducha de Baño Fija…, 46
Tools, Medical Protection MX- Paquete de 21 Cubrebocas de triple capa, REUTILIZABLES Y LAVABLES. Tapabocas de protección con…, 46
Tools, Craftsman (CMAF1224) Juego de puntas de destornillador, 24 piezas, 46
Tools, Tope magnético para puerta (2 unidades), 47
Tools, Chic Fantasy Manguera Magic Hose para Jardin Expande a 22.5 mts. Manguera de agua extensible con 7 funciones de manguera. reforzada para máxima resistencia a las torceduras color Azul, 47
Tools, dospuntos Usable en Interiores y Exteriores (6p Negro), 47
Tools, Sablón 2 Pack Careta Protectora Transparente Paquete con 2 caretas Protector Facial Completas, 47
Tools, Command Tiras para colgar marcos, tamaño grande, color blanco, 4 pares (17206-ES), Blanco(White-Bath), 4 Pairs, 48
Tools, KARIDUN Lavable Reutilizable Media Cara Algodón Boca Algodón con Anillo de Goma Ajustable Transpirable 2 Inserto…, 49
Tools, 4 Joysticks Joycon, Joysticks de Reemplazo Para Nintendo Switch Joycon y Switch Lite, El Kit de Reparación de Reemplazo de Switch Joycon Incluye Hebilla de Metal, Destornillador, Herramienta de Palanca, Tapa de Agarre Para El Pulgar, 52
Tools, Gorilla Gel de pegamento, 15 gramos, transparente, 15 g, 1 unidad, Transparente, 52
Tools, Volteck ED-10B, Extensión eléctrica doméstica, 53
Tools, 50 Cubre Bocas, CAJA sellada, 3 Capas, Tela SMS, Plisado, Impermeables, Cubrebocas Tapabocas Graco Quirúrgico Reglamentario CON COFEPRIS, 53
Tools, LUTEMA Guantes de Vinilo Sin Talco Transparentes Libre de Látex Caja con 100 Guantes Talla Grande Propiedades Anti-Estáticas para Uso Doméstico Cocina Protección de Seguridad para el Trabajo, 53
Tools, Kasa Smart WiFi Plug Lite by TP-Link - 12A, no requiere Hub, funciona con Alexa y Google (HS103P4), 54
Tools, Vaupan - Enchufe inteligente, mini salida WiFi, funciona con Alexa, Google Home e IFTTT, control remoto inteligente con…, 57
Tools, Cheelom Puerta de pantalla magnética Malla para puerta, Film para puerta, con sello magnético de cierre automático súper hermético y malla de poliéster duradera, cinta de montaje del marco completo para puertas cortina con imán negro y cortina para mosquitos (90cmX210cm), 58
Tools, Puerta de Pantalla Magnética Malla Cortina Mosquitera Magnético Film para Puertas con Malla Super Fina Transpirable y Cierre Automático Magnético para Dejar a los Insectos Fuera Fácil de Instalar - 90x210cm, 59
Tools, """N/A"" Paquete de 5 Caretas con Lentes Protector Facial Anti Saliva", 60
Tools, Pretul ESTU-3P, Escalera tubular plegable, 3 peldaños, tipo III, 91 kg, 61
Tools, Sojitas Burletes para Puertas y Ventanas, Cinta Aislante, Sellado Puerta Ventana, Aislante del Frío, Calor, Viento, Polvo, Ruidos e Insectos (2 Rollos 16 M) (Blanco), 61
Tools, Pretul SET-133, Juego de herramienta, 133 piezas, 61
Tools, na Torosqui Protector Facial Infantil 3 Pack (Niñas), 61
Tools, "GE Designer Cable de extensiÃ³n con protecciÃ³n contra sobretensiones, cable de alimentaciÃ³n trenzado, 15 pies, 3 salidas a tierra, 3 enchufes , 62
Tools, KN95 Cubrebocas 5 Capas con Certificado CA/FDA, 10 Piezas (Ajustador Nasal Oculto), 63
Tools, Taurus - 2X Pack Careta Protectora Abatible Transparente de Seguridad - Escudo Facial Lavable y Reutilizable - Protector…, 63
Tools, CUBREBOCAS Doble vista 100% LINO – Lavable – PUENTE NASAL ajustable – SOPORTE TRASERO con elástico para liberar presión…, 64
Tools, Vagalbox Protector y guardapolvo para Puerta, Tope para Puerta de bajo Puerta, diseño de Doble Borde, 1 Paquete, Marrón, 64
Tools, 3M Safety anteojos, SecureFit, 1 par, ANSI Z87, antiniebla, antiarañazos, lente transparente, marco verde/negro, ajuste seguro, junta de espuma extraíble, 64
Tools, Tira de Sellado de Ventanas autoadhesiva, MTQ cubrepolvo de puertas, Ventana de Silicona Sellado Tira Insecto Polvo…, 65
Tools, Taurus - Escudo Facial Transparente de Seguridad - Máscara Protectora Lavable y Reutilizable - Protector de Cara…, 65
Tools, Volteck ER-6X16, Extensión de uso rudo, calibre 16, 66
Tools, Dispensador De Agua Electrico, Vagalbox Bomba de Agua Recargable Dispensador Agua Automatico Interruptor de Botella de Agua Portátil para Botella Universal de 2 a 5 Galones, para el Hogar, Oficina, Viaje, Camping, 68
Tools, Uvex Stealth - anteojos de seguridad con revestimiento antivaho UvExtreme (S3960C), 69
Tools, 63 en 1 Juego de Destornilladores - kit Conductor Magnético 56 Bits Mini Set con Múltiples Funciones Precisión Herramientas Profesional para Teléfono Móvil/Tableta/PC/Mac Book/Cámara y Reloj - kit de Herramientas de Reparación de la Electrónica(Azul), 72
Tools, GALAX PRO Controlador de taladro inalámbrico de 20V, batería y cargador incluidos, 72
Tools, rivcoim Cubrebocas 3 Capas Mascarilla Reutilizable 5 piezas, 75
Tools, Gorilla Duct - Cinta adhesiva, 1 paquete, Negro, 76
Tools, Kwikset 264CNT 15 - Cerradura inteligente con teclado electrónico, color níquel satinado, 77
Tools, Paquete de 5 Cubrebocas Helsa Mask (Adulto), 5 capas, color negro, reutilizable, ecologico, tela SMS, tecnología alemana, Segunda Generación, 77
Tools, Combo rotomartillo ROTO-1/2A7,600W, 5A, CHA-19G y ORG-15, 82
Tools, TU AMBIENTE. Careta Protectora, 82
Tools, GP Cubrebocas mascarilla KN95 (20 PACK) con Ajuste nasal interno y empacado en bolsas individuales, 83
Tools, Kit de soldadura de cautin electronica, 60 W temperatura ajustable, tubo de soldadura, soporte para soldador, cortador…, 83
Tools, Sonoff Basic Interruptor Inteligente WiFi, 85
Tools, 3M Scotch Cinta de Montaje para Exteriores mm x . m, 85
Tools, Paquete de 8 cubrebocas AJUSTABLES - LAVABLES/reutilizables de triple capa de suave tela de algodón/poliester tratada Repelente al agua. Talla Adulto, 85
Tools, "Truper MAN-15X1/2X, Manguera armada super reforzadas 4 capas, conexiones de latón, 1/2"", 15 m", 87
Tools, Timbre Inalámbrico, Timbre para Puerta NIERBO con Transmisor y Receptores, Timbre Impermeable con 36 Melodías y 4 Niveles de Volumen, Timbre Casa con Indicador LED, Traje para Oficinas, Hoteles y Casas, 88
Tools, """N/A"" Paquete de 10 Caretas Faciales para Bioseguridad de Moda", 89
Tools, WECAN Cubrebocas Negro Lavable Reutilizable SANITIZADO (2 Piezas), 90
Tools, Mascarilla Cubrebocas para protección con filtros integrados: lavable, reutilizable y de tamaño ajustable (paq.4pz), 92
Tools, 3M Command Gancho Sujetaescobas, Blanco (Modelo 17007ES), 93
Tools, Generico Paquete de 10 Caretas Faciales Protectoras de Ojos, Nariz y Boca Totalmente Transparente. Comodidad, Reutilizable y Lavable., 93
Tools, Chic Fantasy Manguera Magic Hose para Jardin Expande a 22.5 mts. Manguera de agua extensible con 7 funciones de manguera…, 94
Tools, Mack's Ear Care Ultra Soft Foam Earplugs, 50 Pair, 97
Tools, Paquete de 8 cubrebocas AJUSTABLE- Lavables/reutilizables de triple capa de suave tela de algodón Repelente al agua. AJUSTABLE- Medidas para Adulto. COLOR AZUL MARINO, 98
Tools, Gel Antibacterial Fraiche con 70% alcohol, Azul, 300 ml, 99
Tools, Pretul SET-39, Juego de autoclé de 39 piezas, 100
Tools, Kit de soldadura de cautin electronica, 60 W temperatura ajustable, tubo de soldadura, soporte para soldador, cortador de alambre diagonal, 5 piezas puntas del soldador, pasta de soldadura, bomba de vacío desoldadora, 2 piezas pinzas, kit de contracción térmica, 100
Tools, Enchufe inteligente TP-LINK HS100, no requiere base de carga, Wi-Fi, funciona con Alexa y Google Assistant, controle sus…, 105
Tools, Taurus - 2X Pack Careta Protectora Transparente de Seguridad - Escudo Facial Lavable y Reutilizable - Protector de Cara…, 111
Tools, GP Cubrebocas mascarilla KN95 (20 PACK) NUEVA PRESENTACIÓN, con Ajuste nasal interno y empacado en BOLSAS INDIVIDUALES, 112
Tools, GP Cubrebocas mascarilla KN95 (10 PACK) Ajuste nasal interno, 112
Tools, GP (10 PACK) Mascarilla Cubrebocas de Seguridad KN95 Ajuste Nasal Interno, 5 Capas Protectoras, Empacado en BOLSAS…, 115
Tools, Yarnow 2 Piezas de Careta Transparente Careta Completa Máscara Protectora para Ojos Y Cara Máscara Antisalpicaduras Gafas Protectoras contra Saliva Color Aleatorio, 121
Tools, Simonetta Vespetti Paquete de 10 Caretas Faciales Protectoras de Ojos, Nariz y Boca con Cómoda Forma de Lentes…, 122
Tools, TCI Lentes De Seguridad Anti Virus Protectores Gafas Protectoras Transparentes Protecciones para Los Ojos Lentes Transparentes, de Visión Amplia, Ajustable, 123
Tools, Smith and Wesson, Cuchillo Extreme Ops, SWA24S, 124
Tools, Salandens Timbre Inalámbrico para Puerta,1 Transmisor y 1 Receptor,Timbre Impermeable Volumen Ajustable Alcance a 300m…, 125
Tools, Cabeza de Ducha de lluvia- Alcachofa Ducha de Baño Fija Para Baja y Alta Presión Redonda 4 Pulgadas de Montaje Soporte…, 125
Tools, Cabeza de Ducha de lluvia- Alcachofa Ducha de Baño Fija Para Baja y Alta Presión Redonda 4 Pulgadas de Montaje Soporte Fijo de 5 Función Cromo Pulido Ahorro de Agua Regaderas Fijas para Baño Gigante Piso Individua（10cm/4''）), 127
Tools, "Truper T-68, Tijera para poda (una mano) acero / nylon 8"" cuchilla de paso", 127
Tools, Igoto Pump PAC16 Presurizador Automático 1/6 HP, 1 Servicio, 128
Tools, GP Cubrebocas mascarilla KN95 (20 PACK), 132
Tools, Pretul LP-34B, Lona blanca de 3 x 4 m, 110 g/m², 133
Tools, Simonetta Vespetti Paquete de 5 Caretas Faciales Protectoras de Ojos, Nariz y Boca con Cómoda Forma de Lentes, Totalmente Transparente. Comodidad, Reutilizable y Lavable, 135
Tools, Mezcladora para fregadero Valmain de cuello flexible, 135
Tools, CUBREBOCAS Doble vista 100% LINO – Lavable – PUENTE NASAL ajustable – SOPORTE TRASERO con elástico para liberar presión de orejas – CÓMODO – PLIEGUES AJUSTABLES al todo tipo de rostro – UNISEX – ELEGANTE – DOBLE capa de LINO – Prueba de aerosol SUPERADA – SEGURO – BOLSA de REGALO en color trigo para la PORTABILIDAD del cubrebocas., 135
Tools, Taurus - Careta Protectora Transparente de Seguridad - Escudo Facial Lavable y Reutilizable - Protector de Cara Completa…, 136
Tools, AngeLozano Lote 5 Cubrebocas De Plástico Careta Mascarilla Mica Blanco, 140
Tools, Un Paquete de Dos Palancas de Reemplazo, El Joystick del Sensor Analógico de la Palanca del Pulgar se Reemplaza Con la…, 146
Tools, "Scotch almohadillas para orejas para orejas de fieltro (sp801-na), 4x6"" Recángulo, 2 Pads", 149
Tools, "Limpro , 151
Tools, "DIABETELIFE LIFESTYLE AND PREVENTION Careta protección facial retráctil reutilizable , 151
Tools, Cuifress Face Protection, Designed Fashional and Comfortable,Escudo Transparente Ligero Visera de protección Facial Ojos…, 155
Tools, (4 Pack ) Careta Protectora Facial Transparente de PET / Protector Facial Cubre Cara, Boca, Ojos, Nariz y Oídos 25cm Alto X 50cm Ultra Ligera / Lavable Ideal para uso prolongado, RESTAURANTES / HOTELES / ESCUELAS / OFICINAS / SERVICIOS /MAQUILA, 156
Tools, 3M Temflex Cinta Eléctrica mm x m Color Blanco, 158
Tools, Alta Presión Montaje Fijo de Cabeza de Ducha de lluvia-8 Pulgadas/20cm Gran Cuadrada 304 de Acero Inoxidable Ducha de…, 160
Tools, "Rotomartillo 1/2"", profesional, 600 W, 5A", 163
Tools, Taurus - Careta Protectora Transparente de Seguridad - Escudo Facial Lavable y Reutilizable - Protector de Cara Completa con Materiales Asépticos - Pack 2 Unidades (Abatible), 173
Tools, BN-LINK Enchufe inteligente WiFi de alta resistencia, sin hub, con función de monitorización de energía y temporizador, color blanco, compatible con Alexa y Google Assistant, Paquete de 4, 174
Tools, Un Paquete de Dos Palancas de Reemplazo, El Joystick del Sensor Analógico de la Palanca del Pulgar se Reemplaza Con la Herramienta de Instalación Correspondiente para el Controlador Nintendo Switch Joy-Con(16packs), 179
Tools, TECHVIDA 18/8 Ganchos de Baño Adhesivos Conjuntos de 4 Ganchos Ganchos Autoadhesiva 304 Acero Inoxidable Robe ropa…, 183
Tools, GP Mascarilla Cubrebocas con Careta con protección antibacterial y repelente a líquidos, 183
Tools, Kasa Smart WiFi Plug Lite by TP-Link -10 Amp & Reliable Wifi Connection, Compact Design, 183
Tools, AstroAI Máscara de Anticontaminación Mascarilla Antipolvo para los Adultos Cubrebocas Reutilizables del Deporte…, 188
Tools, XTREPID Lentes de Seguridad, Gafas de Protección Visual Transparentes, Paquete 4pzs, Anteojos Anti Salpicaduras, Protege contra Polvo y Cualquier partícula volátil dañinos para los Ojos, 188
Tools, 4 Joysticks Joycon, Joysticks de Reemplazo Para Nintendo Switch Joycon y Switch Lite, El Kit de Reparación de Reemplazo…, 197
Tools, Torosqui Protector Facial Premium 3 Pack (Blanco), 197
Tools, Cubrebocas Tricapa Plisado Termosellado (Paquete de 50 pzas) con ajustador Nasal, 200
Tools, Medical Protection MX- Paquete de 21 Cubrebocas de triple capa, REUTILIZABLES Y LAVABLES. Tapabocas de protección con triple capa de filtración, polipropileno. Paquete de 21 mascarillas. 7 Colores, 213
Tools, Puerta de Pantalla Magnética Malla Cortina Mosquitera Magnético Film para Puertas con Malla Super Fina Transpirable y…, 215
Tools, Aztec Secret Indian Healing Clay Deep Pore Cleansing Facial & Healing Body Mask, 1 Lb, 217
Tools, Cheelom Puerta de pantalla magnética Malla para puerta, Film para puerta, con sello magnético de cierre automático súper…, 218
Tools, Aapersor Manual Kawashima 1L, 218
Tools, GP Cubrebocas mascarilla KN95 (10 PACK) 5 CAPAS DE PROTECCIÓN con Ajuste Nasal Interno, 221
Tools, GP Cubrebocas mascarilla KN95 (10 PACK), 231
Tools, AstroAI Máscara de Anticontaminación Mascarilla Antipolvo para los Adultos Cubrebocas Reutilizables del Deporte Bandanas Lavables Faciales Azul, 231
Tools, Yarnow 2 Piezas de Careta Transparente Careta Completa Máscara Protectora para Ojos Y Cara Máscara Antisalpicaduras…, 232
Tools, PKKJ Gafas de Seguridad Gafas de protección Facial, Gafas Protectoras Gafas de protección Facial antiniebla Gafas de…, 236
Tools, TXG Afilador de cocina, afilador manual, afilador profesional, afilador de cocina de 3 etapas, hoja de cerámica…, 239
Tools, YOMYM Dispensador de agua, bomba de agua con carga USB automática, bomba de agua potable, portátil, Apto para Usar en…, 247
Tools, Shenyun 10 Cubrebocas KN95 de 5 Capas BFA ≥ 95%, 255
Tools, 63 en 1 Juego de Destornilladores - kit Conductor Magnético 56 Bits Mini Set con Múltiples Funciones Precisión…, 256
Tools, Lurko Caretas Niños (Azul y Rojo), 259
Tools, Cubrebocas de neopreno con válvula, lavable reutilizable. Triple capa. Paquete 5 pzas + 2 bolígrafos antibacteriales de regalo. HECHO EN MÉXICO. MARCA REGISTRADA G4 DE MEXICO Color Negro, 268
Tools, Paquete de 8 cubrebocas AJUSTABLE- Lavables/reutilizables de triple capa de suave tela de algodón Repelente al agua…, 269
Tools, Taurus - 10X Pack Careta Protectora Transparente de Seguridad - Escudo Facial Lavable y Reutilizable - Protector de Cara…, 270
Tools, Brandtrendy Cubrebocas Mascarilla Kn95 Máxima Protección 25 Piezas., 272
Tools, EDR 10 Cubrebocas KN95 de 5 Capas BFA ≥ 95%, 274
Tools, KARIDUN Lavable Reutilizable Media Cara Algodón Boca Algodón con Anillo de Goma Ajustable Transpirable 2 Inserto reemplazable, 276
Tools, Moderno Careta Protectora, 277
Tools, EDR Cubrebocas KN95 con Valvula de exhalación con certificación GB2626-2006 Color Negro 5 Piezas, 289
Tools, Wi-Fi Smart Plug, Enchufe Inteligente WiFi Mini Outlets Smart Socket Compatible con Amazon Alexa Control por Voz, Google Home y IFTTT,smart plug para Controle Sus Dispositivos eléctricos Desde Cualquier Lugar (1 Unidad), 294
Tools, Máscara protectora para la boca, transpirable, transpirable, desechable, para uso individual y familiar, para interiores, exteriores, hogar, oficina, viajes (50 unidades), 295
Tools, Sojitas Burletes para Puertas y Ventanas, Cinta Aislante, Sellado Puerta Ventana, Aislante del Frío, Calor, Viento…, 297
Tools, Generico Tapabocas Cubrebocas Plisado Tricapa Termosellado (1000 Piezas), 302
Tools, "Velcro Brand - ONE-WRAP Thin Ties: Reusable, Light Duty - 15"" x 1/2"" Ties, 30 Ct, Black/Gray (94257)", 305
Tools, Taurus - Careta Protectora Transparente de Seguridad - Escudo Facial Lavable y Reutilizable - Protector de Cara Completa con Materiales Asépticos - Pack 10 Unidades, 309
Tools, Bonalto Mascarilla de Seguridad Industrial Estándar -9-5- de Filtración (3 Piezas), 324
Tools, Enchufe Inteligente TP-LINK HS103P2 Wifi 2 Pack -Blanco, 326
Tools, Cubrebocas KN95 Mascarilla con Certificación FDA 5 Capas Termoselladas, Alta Seguridad (10 Piezas), 328
Tools, Máscara protectora para la boca, transpirable, transpirable, desechable, para uso individual y familiar, para interiores…, 335
Tools, V 50 Piezas de Cubrebocas Termosellados de 3 Capas Calidad Premium de Tapabocas, 344
Tools, , 352
Tools, Volteck MUL-8, Multicontacto de barra, 355
Tools, Uvex Stealth S3960C - anteojos de seguridad con revestimiento antivaho Uvextreme, 355
Tools, Prensa esquinera Truper PESQ-3, 76.2mm, 368
Tools, Kleenex Mascarillas, Cubrebocas Ajustable, Caja con 10 piezas de Triple Capa Protectora, 378
Tools, """N/A"" Paquete de 5 Caretas Faciales para Bioseguridad de Moda", 389
Tools, Wi-Fi Smart Plug, Enchufe Inteligente WiFi Mini Outlets Smart Socket Compatible con Amazon Alexa Control por Voz, Google…, 392
Tools, Simonetta Vespetti Paquete de 5 Caretas Faciales Protectoras de Ojos, Nariz y Boca con Cómoda Forma de Lentes…, 410
Tools, Cubrebocas de neopreno con válvula, lavable reutilizable. Triple capa. Paquete 5 pzas + 2 bolígrafos antibacteriales de…, 412
Tools, Taurus HOGTAUMIFA Ventilador de Escritorio, Metálico, 4 Pulgadas, 422
Tools, Milescraft 1319 JointMate - Plantilla de mano, 446
Tools, Sonolife Cubrebocas KN95 de Seguridad para Cuidado Personal (Paquete con 10 Piezas), 459
Tools, kn95 Cubrebocas Certificado 5 Capas Non Woven mascarilla Protectora, 466
Tools, Truper JOY-43, Desarmador de joyero con 42 puntas, 470
Tools, The Deals Store Paquete de 6 Cubrebocas De Tela Lavable Reusable Antipolvo Unisex Colores Surtidos, 539
Tools, The Deals Store Paquete de 6 Cubrebocas De Tela Lavable Reusable Antipolvo Unisex Negro, 547
Tools, "Neiko® 53875B Anti-Fog Safety Goggles with Wide-Vision , 583
Tools, DEWALT DPG82-11/DPG82-11CTR Concealer Clear Anti-Fog Dual Mold Safety Goggle, 647
Tools, TRUPER JOY-32, Desarmador de joyero con 30 Puntas y extensión, 648
Tools, Pretul EST-4P, Estante plástico, 4 repisas, 704
Tools, OPTIMA Cubrebocas de Tela Mascarilla Reutilizable Paquete con 10 Tapabocas Lavable para Adulto (Negro), 715
Tools, Truper EST-5, Estante plástico uso rudo, 5 repisas ventiladas, 719
Tools, Bowin Cubrebocas Mascarilla con Certificación Fda KN95 (20 Piezas Incluidas), 719
Tools, Cubrebocas Termosellado 3 capas por Joyas Derby 50pz, 721
Tools, "Active Jungle, 1785
