Toys, Play-Doh paquete de 24 latas de diferentes colores (Empaque Frustration Free), 64
Toys, Fisher Price Pila De Aritos, 110
Toys, Nerf Lanzador de Agua Super Soaker Splashmouth, 101
Toys, Funko Pop! Movies: John Wick - John in Black Suit with Dog Buddy, 170
Toys, Funko Marvel Collectors Corps Box: Marvel Studios 10 Theme, 29
Toys, Ravensburger, Puzzle Pegamento para Rompecabezas, 4000 Piezas, 718
Toys, LEGO Kit de construcción Super Mario™ 71360 Recorrido Inicial: Aventuras con Mario, artículo Coleccionable, Juguete y Regalo Creativo para niños (231 Piezas), 307
Toys, 32 piezas de accesorios para muñecas, ropa de barbie, 10x vestidos lindos mezclados, 10x zapatos, 4X gafas, 6X collares, 2X varitas, 299
Toys, Melissa & Doug Grupos de Alimentos de Juguete, Juguete de Madera, Juego de Imitación (21 Piezas de Madera Pintadas a Mano y 4 Cajones), 246
Toys, Mega Bloks Juego Gran Bolsa Rosa para Construir, Multicolor, 587
Toys, Jasonwell Casa de campaña con diseño de Castillo para niños niñas Tiendas de campaña Transpirable para Guardar Juguetes Uso Interior y Exterior Azul, 307
Toys, Funko Pop! Games: Pokemon - Bulbasaur, 29
Toys, Bright Starts Pelota Flexible, 711
Toys, Cool MAKER Impresora Uñas de Moda Go Glam, 89
Toys, Learning Resources Take 10 Games Color Bug Catchers Juego de Conteo de Insectos de Colores, 16
Toys, Ksi-Merito Ksi-Renita “Maribelita” Con Colita Rosa, 440
Toys, Maratón Pocket, 164
Toys, Hasbro Marvel X-Men Series - Figuras coleccionables de Hawkeye y Logan de 15 cm - Edad: 4 años en adelante, 29
Toys, Funko - Star Wars: The Mandalorian - The Child Figurina de Colección, Multicolor, 48740, 607
Toys, Funko -  Pop! Marvel: Avengers Endgame - Captain America with Broken Shield & Mjoinir Figurina de Colección, Multicolor, 45137, 288
Toys, Mega Bloks Playset Bolsa Clásica de Construcción, color Azul, 281
Toys, Jasonwell Pizarrones Magicos para Niños 100x80cm Aqua Doodle Mat Grande Tableta de Dibujo Kit Mágico Dibujo de Agua Pintura Desarrolla Inteligente Dibujo de Juguetes para Niño de 3 4 5 6 7 8 años, 278
Toys, Melissa & Doug Primer laberinto con cuentas, juguetes de desarrollo, juego educativo de madera, confección de calidad y construcción robusta, 19.685 cm alto x 9.525 cm ancho x 17.78 cm largo, 205
Toys, Funko - Avengers Endgame - Iron Spider with Nano Gauntlet Figurina de Colección, Multicolor, 45138, 539
Toys, Uno Cartas, 16
Toys, STAR WARS The Black Series The Child - The Mandalorian - Figura de acción Coleccionable - 2,7 cm - Edad: 4+, 211
Toys, Mattel Star Wars, Figura Yoda de The Child, Juguete de Peluche para niños de 3 años en adelante, 434
Toys, LEGO Speed Champions 76897 1985 Audi Sport quattro S1 (250 piezas), 549
Toys, Kinetic Sand Multipack Destellos Vertical, 176
Toys, Cry Babies Magic Tears 97605 Collectible, Multi-Colour, 83
Toys, Funko Star Wars Smuggler's Bounty Suscripción Box Forces of Darkness, Octubre 2019, Playera, Multicolor, Large, 16
Toys, LEGO Friends 41404 Cubo de Juegos de Emma (36 piezas), 20
Toys, Crosswind Games Partybooster 1 El Jueguito para la Peda (3ra Edición), 107
Toys, Jenga Clasico, 442
Toys, Melissa Doug 10379 Tablero para Apilar y Clasificar, Juguete Educativo, Juguete de Madera 15 Piezas de Madera Solidas, 372
Toys, China Control Gamepad Xbox 360 Alambrico USB Pc Windows10 Ele-Gate (negro), 1
Toys, Marvel Spiderman Legends Figura 6 Pulgadas  - Velocity Suit Spider-Man, 54
Toys, Original UNO Card Game, 620
Toys, Fisher Price Juguete Xilófono Clásico, 68
Toys, UNO Card Game - Retro Edition by Mattel, 666
Toys, Pooparoos Toilet Surprise Surtido (contenido puede variar), 22
Toys, Marvel Spiderman Legends Figura 6 Pulgadas Vulture, 22
Toys, Termichy Globos Metalicos Globos de Cumpleaños de 57 Piezas con Botella de Cerveza y Copa de Vino(Azul), 80
Toys, Funko Pop! Animation: Naruto - Gaara, 25
Toys, Marvel Spiderman Legends Figura 6 Pulgadas  - Superior Octopus, 1
Toys, TOWNLEY Townley Distroller Set de Embellecimiento, surtido, 92
Toys, "Toy Story Disney Pixar Aliens Figures, 4.5""", 151
Toys, Funko - Animation: Evangelion - Shinji Ikari Figurina de Colección, Multicolor, 45118, 5
Toys, Hasbro Gaming Juego de Mesa Monopoly Clásico, 16
Toys, Funko Star Wars Smuggler's Bounty - Caja misteriosa, Subscription,  Tema Wookie, Abril de 2019, Multicolor, Large, 9
Toys, Tara Toys - Disney Princess: Necklace Activity Set, 618
Toys, Melissa & Doug Juego de Pesca Magnético, Juguete de Madera, Juego de Mesa (10 Imanes 1 Caña de Pescar), 8
Toys, LEGO Super Mario Pack Potenciador: Mario Felino 11 Piezas, 25
Toys, AQUARIUS 65361 - Puzle de Bob Esponja (1000 Piezas), Multicolor, 4
Toys, LEGO Super Mario Pack Potenciador: Mario de Fuego 11 Piezas, 37
Toys, No te enojes-Berrinches, 67
Toys, , 340
Toys, Funko POP! Marvel: Venom - Thanos, 30
Toys, Fisher-Price Rie y Aprende Infantil Perrito Piano Sonidos divertidos 6m-36m Gfx33, 229
Toys, Playmobil Volver al Futuro Delorean, 97
Toys, UNO Express Cartas, 550
Toys, Playskool Cubo de formas, 403
Toys, Vagalbox Pintura de Acuarela, con 36 Colores, se combina con lÃ¡piz de carbÃ³n, Pincel de Acuarela y Papeles de Acuarela para Pintura, diseÃ±o artÃ­stico y Juegos de Regalo, 229
Toys, Games Juego de Mesa Hedbanz Junior, 7
Toys, LEGO Kit de construcción Super Mario 71369 Set de Expansión: Batalla Final en el Castillo de Bowser, Exclusivo Juguete de Regalo para niños creativos (1010 Piezas), 43
Toys, Globos Cumpleaños Decoracione, Feliz Cumpleaños Oro Decoración Fiesta Cumpleaños, Suministros y Decoración Globo para Hombres y Mujeres Adultos Decoración de Fiesta Manteles,Confetti,Globos de Látex Impresos, 13
Toys, Melissa & Doug Rompecabezas de Dinosaurios, 4 Rompecabezas con Caja de Almacenamiento, Juguete de Madera (12 Piezas), 157
Toys, Star Wars The Black Series Colección Grafito The Mandalorian Figura de acción de 6 pulgadas, 193
Toys, Marvel Avengers: Endgame Titan Hero Thanos Action Figure, 51
Toys, Marvel Avengers: Endgame Titan Hero Series - Figura de superhéroe Captain America Action Figure, 49
Toys, Fisher Price Cebra Bloques De Actividades, 428
Toys, Queen Games Dark Darker Darkest, 13
Toys, Barbie Muñeca Convertible Glam, 89
Toys, LEGO Super Mario Set de Expansión: Casa de Mario y Yoshi 205 Piezas, 209
Toys, Barbie Color Reveal Surtido de Comida Muñeca para niñas de 3 años en adelante, 339
Toys, Fisher Price Ríe y Aprende Control Juega y Aprende Conmigo, 283
Toys, Barbie Sirena Brillante, 21
Toys, Jurassic World Amber Collection Dilphosaurus Dinosaurio de Juguete para niños de 8 años en adelante, 19
Toys, Melissa & Doug ¡Juguemos de casita! Juego de Limpieza: ¡Desempolvar, Barrer, Fregar! Set de Juego de Imitación de Tamaño Para Niños, con Escoba, Trapeador, Plumero y Base Para Organización de Utensilios, Juguete de Desarrollo de Habilidades y Confianza (6 Piezas), 16
Toys, Play-Doh Texturas Kit de 6 Variedades, 88
Toys, UNO Cartas Splash Juego de Cartas para Jugar con Familia y Amigos para niños de 7 años en adelante, 28
Toys, Hasbro Gaming Juego de Mesa Monopoly Gamer Sonic Board Game, 9
Toys, Cardinal Juego de Mesa Rummy - O Basico, 53
Toys, Fashion Angels 1000+ Ridiculously Cute Stickers, 418
Toys, Avengers Endgame Pop Iron Man Glow in The Dark, 41
Toys, LEGO  Disney 43176 Cuentos e Historias: Ariel (105 piezas), 64
Toys, G.I. Joe Classified Series - Figura Snake Eyes 02 con múltiples Accesorios, 3
Toys, Nerf N-Strike Elite - Paquete de repuesto con 30 dardos, 9
Toys, Melissa & Doug Bloc de autoadhesivos reutilizables de vehículos (bloc extragrande de actividades de autoadhesivos, fondos extraíbles, más de 165 pegatinas), 11
Toys, LEGO DC Batman Batmobile La Persecución del Guasón, 76119, Building Kit 342 Elementos, 4
Toys, Funko Pop! Marvel 80th - First Appearance Spiderman, 218
Toys, Funko Pop! Games: Pokemon – Flocked Bulbasaur, Spring Convention Exclusive, Multicolor, Modelo: 45920, 53
Toys, LEGO DC Batman :Batalla en la Batimoto contra Mr. Freeze, 76118, Building Kit de 200 Elementos, 66
Toys, Hot Wheels Toy Story R/C vehículo, 3
Toys, "The Crew , 1
Toys, "NIERBO Cámara para niños 3.0MP 1080P HD Mini cámara de Video Digital para niños Regalos de Juguete de cumpleaños Recargables con Tarjeta de Memoria de 32GB, Pantalla IPS de 2""", 8
Toys, Super Tips Rotuladores lavables, colores surtidos, 20 unidades, paquete de 12, 378
Toys, CRAYOLA cray24ct Sidewalk Chalk, 118
Toys, Funko Pop! Games: Pokemon - Pikachu (Waving), 178
Toys, Jasonwell 3 en 1 Interiores Casas Jardin niños Casas Túnel para niños Casas para niños Casas de Niños Interiores y Tiendas de campaña Jardín(Bolas no está Incluido), 43
Toys, Virtual Zone Control Alámbrico Generico Compatible Xbox 360 / PC (Rosa), 91
Toys, Marvel Comics The Uncanny X-Men Figura de Acción de 6 Pulgadas Vintage Storm, 4
Toys, Funko Pop! Animation: Naruto - Orochimaru Figurina de Colección, Multicolor, 46628, 193
Toys, Melissa & Doug Rompecabezas de la Granja de Cubos de Madera, Para Niños Preescolares, Seis Rompecabezas en Uno, Construcción Robusta de Madera, 16 cubos y bandejas de madera, 20.32 cm alto x 20.32 cm ancho x 5.715 cm largo, 32
Toys, Jasonwell Bloques Magneticos Juguetes Didacticos 3D Creativos y Educativos Mejor Regalo Aprenda El Color y La Forma Juguetes para Niños de 3 4 5 6 7 8 9 Años (42 Piezas), 10
Toys, Fisher-Price #Selfie Fun Phone, 265
Toys, BATMAN Vehículo Batbike con Exclusivo y Clayface Figuras de acción de 4 Pulgadas, 6
Toys, Melissa & Doug Set de 52 Imanes del Alfabeto en Caja, Juguete de Madera, Juguete de Desarrollo, 510
Toys, Feber Resbaladilla Tobogán JR, 2 Posiciones, 337
Toys, Kinetic Sand Laboratorio de Slime, 22
Toys, Globos Cumpleaños Decoracione, Feliz Cumpleaños Decoración Fiesta Cumpleaños Oro Rosa, Suministros y Decoración Globo para Hombres y Mujeres Adultos Decoración de Fiesta Manteles,Confetti,Globos de Látex Impresos, 8
Toys, IW Plumones crayola, super tips crayola 100, crayola super tips, crayola supertips 100 piezas, plumones crayola supertips 100, crayola super tips, plumones super tips crayola 100, crayola plumones, super tips crayola, crayola super tips 100 piezas, plumones crayola supertips, súper tips crayola 100, 32
Toys, Melissa & Doug Bloc de Adhesivos Reutilizables de los Hábitats, Lámina Extra Grande de Actividades con Autoadhesivos, Fondos Extraíbles, Libros de Actividades Para Niños (150 Pegatinas), 9
Toys, Funko Pop! Games: Pokemon - Squirtle, 70
Toys, UNO Juego de Cartas Minions, 13
Toys, Melissa & Doug Bloc de autoadhesivos reutilizables: castillo de princesa (más de 200 pegatinas y 5 escenas), 46
Toys, CRAYOLA Inspiration Art Case-Pink, 4
Toys, "Funko Pop! Heroes - Batman Returns Figurina de Colección Catwoman, 10"", Color Multicolor, Paquete de 1", 27
Toys, Melissa & Doug Juego de Bloques de Madera, Juguete de Desarrollo, 100 Bloques en 4 Colores y 9 Formas, 49
Toys, Melissa & Doug Banco de trabajo para martillar, 245
Toys, Funko Pop! Movies: Devil Wears Prada - Miranda Priestly, 99
Toys, Melissa & Doug Caballete Deluxe de Doble Cara Para Mesa, Pizarra de Tiza/Borrado en Seco, Artes y Manualidades (42 Piezas, 44.45 cm alto x 52.705 cm ancho x 6.985 cm largo), 3
Toys, Funko Pop! TV: Umbrella Academy - Number Five (Styles May Very), 32
Toys, Hot Wheels Vehículo Paquete de 5, 113
Toys, Vehículo de identificación Hot Wheels, escala 1:64 el vehículo misterioso con chip NFC integrado, colección World Race Collection, juego físico y digital para edades de 8 años y más años, 11
Toys, Funko Pop! Games: Pokemon – Flocked Bulbasaur, Spring Convention Exclusive, Multicolor, Modelo: 45920, Bulbasaur, Multicolor, 41
Toys, LEGO Clásico Medio creativo ladrillo Box 10696, 15
Toys, Crayola 6861960000 Lápices de Color Duales Up&Downs, 24 Piezas, 191
Toys, Mega Construx Pokémon Detective Pikachu Figura Coleccionable, Lickitung, 26
Toys, Funko 35519 POP Bobble: Star Wars: Darth Vader Electronic, Multicolor, 28
Toys, Funko Pop! Games: Pokemon - Pikachu, 9
Toys, Hasbro Gaming Juego Destreza, 9
Toys, Funko Pop! Deluxe, Marvel: Avengers Assemble Series – Hawkeye, Amazon Exclusive, Figura 3 de 6, 6
Toys, UNO Cartas Super Mario Bros Juego de Cartas para Jugar con Familia y Amigos para niños de 7 años en adelante, 217
Toys, Vehículo de identificación Hot Wheels, escala 1:64 el vehículo misterioso con chip NFC integrado, colección World Race Collection, juego físico y digital para edades de 8 años y mayores, Multi (GVY30), 17
Toys, Marvel Legends Avengers Endgame Figuras, Loki, 6 Pulgadas, 7
Toys, Melissa & Doug Set de 37 Imanes de Números en Caja, Juguete de Madera, Juguete de Desarrollo, 216
Toys, Funko Pop! Marvel: Avengers Game - Iron Man (Stark Tech Suit), Multicolor, 16
Toys, Barbie muñeca Explora y Descubre, Viajera - Muñeca para niña 3 Años, 6
Toys, Funko Pop! Marvel: Marvel Venom - Captain Marvel, 3
Toys, Cry Babies Magic Tears Ruthy Advent Calendar, 6
Toys, Melissa & Doug On the Go Water Wow! Vehículos (Bloc reutilizable de actividades revela con agua, pluma gruesa de agua), 17
Toys, Baby Alive Littles Iris Equipo de Aventuras, 3
Toys, Mattel Games UNO Juegos de Mesa Toy Story 4 Juego de Cartas para Niños +7 años, 3
Toys, Funko Pop! TV: Game of Thrones - Crystal Night King with Dagger in Chest, 10
Toys, Novelty Dominó Doble 12, 91 Fichas Pasta, Caja Metálica, 20
Toys, Funko Pop! Animación: Dragonball Z - Vegeta Fideos Comer, Convención de Primavera, Multicolor, 1
Toys, Pressman Rummikub Classic Edition - The Original Rummy Tile Game, 84
Toys, Thomas & Friends Fisher-Price Minis - Salón temático, 10 Unidades, Sala temática MINIS, Multicolor, 1
Toys, Fotorama Juego de Mesa Turista Mundial, Grande, 106
Toys, Melissa & Doug Rompecabezas de Mascotas de Cubos, Juguete de Madera, Rompecabezas Para Niños Preescolares, Seis Rompecabezas en Uno (16 Cubos), 42
Toys, Cardinal Juego de Mesa Dominó Doble 12, 68
Toys, Mattel GDG37 Uno Flip Juego de cartas, 7años+, 182
Toys, SwimWays - Flotador de muelles para bebé con Dosel, Langosta, Multicolor, Estándar, 2
Toys, CRAYOLA 5401250003 Pinturita Escolar Lavable, 88 mm, Paquete de 18, 64
Toys, Mega Bloks Preschool Construcción - Infantil Y Preescolar Mega Caja De Construcción Mini 100, +1 Año, Gjd21, 7
Toys, VTech Sit-to-Stand Learning Walker (Frustration Free Packaging), 138
Toys, Funko Pop Harry Potter: Harry Potter Harry with Invisibility Cloak, Multicolor, 3
Toys, Educational Insights Juego de Design Drill Robot, Verde, 4
Toys, Fisher-Price Pila de Aritos Juguete para bebés de 6 meses en adelante, 440
Toys, Fisher-Price Xilófono Clásico Juguete para bebés que desarrolla sentidos habilidad motriz y creatividad musical Para 18 meses en adelante, 73
Toys, Termichy Globos Metalicos Globos de Cumpleaños de 30 Piezas con Botella de Cerveza y Copa de Vino, 372
Toys, Barbie Dreamtopia Guardería De Sirenas Apto Para +3 Años, 1
Toys, LEGO Super Mario Packs de Personajes 23 Piezas, 59
Toys, LEGO Clásico Juguete de construcción para niños: Bricks, Bricks, Bricks Classic (10717), 6
Toys, Digimon Wargreymon (Amplified), Bandai Spirits Figure-Rise Standard, 21
Toys, WowWee Pixie Belles - Juguete Interactivo de Animales encantados, Aurora (Turquesa), Pixie Belles - Aurora, 3926, 26
Toys, LEGO Marvel Vengadores 76140 Armadura Robótica de Iron Man (148 piezas), 541
Toys, Lumies Dazzle Gogo, Púrpura, 8
Toys, Hudson Baby Velboa Security Blanket, Blue Fox, 8
Toys, Breezee Market Castillo Carpa Casa Princesas Portatil. Castillo de Princesas Cute Interior Kids Play Tienda de campaña al Aire. Playhouse (Rosa), 73
Toys, Melissa & Doug Rompecabezas de dinosaurio en una caja, cuatro rompecabezas de madera, bellas ilustraciones, resistente caja de almacenamiento de madera, 12 piezas, 20.32 cm alto x 15.24 cm ancho x 6.35 cm largo, 6
Toys, Perler, Tarro con Cuentas para Actividades Multicolores, 22,000 Piezas, 30
Toys, Melissa & Doug 13779 Melissa Doug Juego Magnético de Cazar Insectos, Juguete de Madera, Juguete de Desarrollo, Standalone, 3
Toys, Star Wars Centerpiece Kylo Ren The Black Series Figura de Acción, 5
Toys, Melissa & Doug Rompecabezas de Números de Autocorrección, Juguete de Madera, Juguete de Desarrollo, Juguete Educativo (40 piezas), 1
Toys, Fidget Cube – Alivia El Estrés Y La Ansiedad para niños y adultos Ansiedad atención juguetes 6 colores, 1
Toys, Marvel Spiderman Legends Figura 6 Pulgadas  - Spider-Armor MK III, 22
Toys, Swimways Disney Buscando a Dory Set de Juguetes, Multi Color, 20.3 cm, 23
Toys, Mega Bloks Preschool Construcción - Infantil Y Preescolar Selva Musical De Construcción, +1 Año, 11
Toys, Marvel Legends Series Thor: Ragnarok, pack de 2 figuras de acción coleccionables de 15 cm de Grandmaster y Korg inspirado en la película, 23
Toys, Disney Pixar Toy Story 4 pack Figuras Básicas Articuladas de 3 años en adelante, 3
Toys, Barbie Muñeca con Accesorios Chelsea Explora y Descubre, 32
Toys, Jasonwell Bomba para Inflar Globos Bomba de Aire Maquina Electrica Inflador de Globos 600W Boquillas Duales Inflación Rápida for Fiesta Cumpleaños Bebe Niña Niño (Rosa 1), 8
Toys, Uplayteck Cámara Digital para Niños, Cámara Niños Foto y Video HD 1080P con Pantalla de 2.0 Pulgadas, Cámara de Juguete para Niños y Niñas, Regalo de Cumpleaños, Cámara Deportiva con 5 Juegos, 40
Toys, Melissa Doug Set de 20 Imanes de Animales en Caja, Juguete de Madera, Juguete de Desarrollo, Genérico, 14
Toys, Nerf Playset NerFoop Jump Shot, 20
Toys, Nenuco Sara Doll, 45
Toys, Funko Pop! Games: Pokemon - Charmander, Multicolor, 113
Toys, Feber Baby Trike Ride On, 2
Toys, Funko Pop! Heroes: Batman 80th - Batman (1995), Multicolor, 165
Toys, Fisher Price Primeros Bloques del Bebé, 207
Toys, Marvel Hasbro Legends Series - Figura Coleccionable de Wolverine de 15 cm - Edad: 14 años en adelante, 59
Toys, Barbie GLJ57 Muñeca Los Polinesios Karen, 317
Toys, UNO FNC42 Juego de Cartas Harry Potter, 279
Toys, Star Wars The Black Series - Colección Grafito - Figura de Darth Vader a escala de 15 cm - Star Wars: El Imperio contraataca, 35
Toys, Fisher Price Silly Safari Tren Animales Divertidos, 2
Toys, Playskool Señor Cara de Papa Papa-Héroes Combinables Marvel, 4 Pack, 5
Toys, McFarlane Toys DC Multiverse Azrael: Batman Maldición del Caballero Blanco #1 (Comics 2019), Multicolor (15408-5), 2
Toys, Funko - Vincent Van Gogh Figurina, Multicolor (Funko 45252), 99
Toys, Barbie Muñeca Movimientos Divertidos, Top Morado, 22
Toys, DIMEX Regletas educativas Lisas de plástico con Estuche de Diferentes Colores de plástico. (Juego con 195 Piezas). Envío Gratis Prime, 5
Toys, WB Games Injustice 2: Legendary Edition - Playstation 4, 11
Toys, CRAYOLA 5500050004 Pintura para Dedos, Paquete de 4, 112
Toys, Funko Pop! Games: Pokemon - Vaporeon, Multicolor, 102
Toys, Funko Pop! Games: Pokemon - Jolteon, Multicolor, 73
Toys, Funko Pop! Games: Pokemon - Flareon, Multicolor, 57
Toys, LEGO Kit de construcción de Modelo de Auto Technic 42115 Lamborghini Sián FKP 37, construye y exhibe el Impresionante Sián FKP 37 (3696 Piezas), 14
Toys, Funko Pop! Games: Pokemon - Evee, Multicolor, 12
Toys, Bright Starts - Juguetes para escondite y mirada, 76
Toys, NEWKIBOU Pintura de Acuarela, Set de Pintura de Acuarela 36 Colores, se combina con lápiz de carbón, Pincel de Acuarela y Papeles de Acuarela para Pintura, diseño artístico y Juegos de Regalo, 4
Toys, Play Doh Masa Modeladora Montaña de Colores, 47
Toys, Play Doh Pasteles Divertidos, 25
Toys, Sakura Pigma Micron - Juego de bolígrafos de Tinta, Pigma Micron, Ass't Colors, 0.45-mm, 1, 6
Toys, Marvel Hasbro Legends Series Venom - Figura de acción Coleccionable de Venom de 15 cm - Diseño Premium y 3 Accesorios, 81
Toys, Marvel Hasbro Legends Series Venom - Figura de acción Coleccionable de Carnage de 15 cm - Diseño Premium y 1 Accesorio, 109
Toys, Marvel Hasbro Legends Series Venom - Figura de acción Coleccionable de Ghost-Spider de 15 cm - Diseño Premium, 64
Toys, Marvel Hasbro Legends Series Venom - Figura de acción Coleccionable de Phage de 15 cm - Diseño Premium y 1 Accesorio, 64
Toys, Marvel Hasbro Legends Series Venom - Figura de acción Coleccionable de Morbius de 15 cm - Diseño Premium, 69
Toys, Marvel Hasbro Legends Series Venom - Figura de acción Coleccionable de Miles Morales de 15 cm - Diseño Premium, 66
Toys, Melissa & Doug - First Bead Maze Juego Educativo, 12+ Meses, Multicolor, 3042, 256
Toys, Mattel Games UNO Juegos de Mesa UNO Flip Nuevo Juego de Cartas +7 Años, 110
Toys, MINI SO Peluche BMO Grande Menta - Adventure Time, 5
Toys, Funko Pop! Disney: Eve (Earth Day), 11
Toys, Ravensburger Art: Van Gogh - Noche Estrellada Rompecabezas de 1500 Piezas, Multicolor, 16207, 8
Toys, Mega Construx Game of Thrones Paquete De Batalla Juguete de Construcción para niños de 8 años en adelante, 57
Toys, TAMASHII NATIONS Dragon Ball: Captain Ginyu, Bandai S.H. Figuarts, 4
Toys, McFarlane Toys DC Multiverse, Hellbat, 8
Toys, STAR WARS SW BL Carbon 2/xba Stormtrooper MET/xc1LICO, 93
Toys, Power Rangers Lightning Collection - Blue Ranger premium de 15 cm - Figura coleccionable con accesorios, 22
Toys, Power Rangers Lightning Collection - Zeo Gold Ranger premium de 15 cm - Figura coleccionable con accesorios, 7
Toys, Star Wars The Black Series - Boba Fett (Prototype Armor) - Casco electrónico premium - Star Wars: El Imperio contraataca - Artículo para juego de rol, 25
Toys, Melissa & Doug Fishing Magnetic Juego Rompecabezas de Pesca Magnético con 10 Imanes 1 Caña de Pescar, 3+ Años, Multicolor, 3778, 29
Toys, Crayola Mini Twistables Crayons, Amazon Exclusive, Gift for Kids, 50 Count, 69
Toys, Power Rangers Lightning Collection - Time Force Red Ranger premium de 15 cm - Figura coleccionable con accesorios, 4
Toys, Hot Wheels Fast & Furious Paquete de 5 Vehículos Premium de Fast & Furious Movie Series, 18
Toys, Play Doh Delicias Heladas, 6
Toys, Little Monkey Bomba de Globos Electrico Inflador de Globos Boquillas Duales Fiestas Decoracion de Fiestas, 81
Toys, "Funko Pop! TV - Dinosaurs Figurina de Colección Baby Sinclair, 10"", Color Multicolor, Paquete de 1", 18
Toys, Hot Wheels Garage Giratorio, 7
Toys, Funko Pop! Animation: Inuyasha - Inuyasha, Multicolor, 16
Toys, Maisto Lamborghini Aventador LP 700-4 Vehículo Fundido, Los Colores Pueden Variar, 11
Toys, McFarlane DC Armored 7 Action Figures - WV1 - Hellbat, 31
Toys, CRAYOLA Libro para Colorear con Actividades, Exclusivo de Amazon, Regalo para niños, 40 páginas, 2
Toys, LEGO Marvel Spider-Man 76147 Asalto Camionero del Buitre (93 piezas), 166
Toys, Play Doh juego para niños Baby Shark, 14
Toys, Power Rangers Lightning Collection - Ranger Slayer premium de 15 cm - Figura coleccionable con accesorios, 7
Toys, Marvel Súper Lanzatelarañas Spider-Man, 12
Toys, BATMAN Vehículo Batbike con Exclusivo y Clayface Cifras de acción de 4 Pulgadas, 80
Toys, Melissa & Doug Jumbo Set Pinceles Extra Grandes Para Pintar,4 Unidades, 2+ Años, Multicolor, 4118, 33
Toys, Crayola Pearlescent Cream Sticks & Case, Oil Pastel Alternative, Gift Set, 10Count, 113
Toys, CRAYOLA 5500050005 Pintura para Dedos, Paquete de 4, 299
Toys, Fisher Price Sonaja Corn Popper, 4
Toys, Disguise Red Minnie Mouse Toddler Child Costume, Red, Size/(2T), 14
Toys, Fisher Price Oruga Cadena de Colores, 3
Toys, L.O.L. Surprise Lil Sisters Baby Doll, 167
Toys, Jurassic World Amber Collection Dennis Nerdy Dinosaurio de Juguete para niños de 8 años en adelante, 14
Toys, Bandai México Banpresto Dragon Ball Heroes Goku (Piezas Limitadas), 5
Toys, Crayola 5808080006 12 Plumones Gruesos Lavables, 4
Toys, CRA-Z-ART Mini Magna Doodle, 1
Toys, LEGO Kit de construcción Super Mario™ 71360 Recorrido Inicial: Aventuras con Mario, artículo Coleccionable, Juguete y…, 363
Toys, LEGO Harry Potter, Gran Comedor de Hogwarts™ 75954, 15
Toys, Jasonwell Casa de campaña con diseño de Castillo para niños niñas Tiendas de campaña Transpirable para Guardar Juguetes…, 408
Toys, Funko - Pop! Marvel: Avengers Endgame - Captain America with Broken Shield & Mjoinir Figurina de Colección, Multicolor…, 134
Toys, Star Wars The Black Series - Colección Grafito - Figura de Darth Vader a escala de 15 cm - Star Wars: El Imperio…, 98
Toys, Jasonwell Pizarrones Magicos para Niños 100x80cm Aqua Doodle Mat Grande Tableta de Dibujo Kit Mágico Dibujo de Agua…, 250
Toys, Vagalbox Pintura de Acuarela, con 36 Colores, se combina con lÃ¡piz de carbÃ³n, Pincel de Acuarela y Papeles de Acuarela…, 259
Toys, IW Plumones crayola, super tips crayola 100, crayola super tips, crayola supertips 100 piezas, plumones crayola…, 15
Toys, Fisher-Price Xilófono Clásico Juguete para bebés que desarrolla sentidos habilidad motriz y creatividad musical Para 18…, 209
Toys, LEGO Disney 43176 Cuentos e Historias: Ariel (105 piezas), 264
Toys, 32 piezas de accesorios para muñecas, ropa de barbie, 10x vestidos lindos mezclados, 10x zapatos, 4X gafas, 6X collares…, 335
Toys, Set de Juego Fisher-Price Wonder Makers Escuela Divertida, 26
Toys, Fisher-Price Wonder Makers Campamento de Aventuras Set de Juego para niños de 3 años en adelante, 33
Toys, Melissa & Doug Grupos de Alimentos de Juguete, Juguete de Madera, Juego de Imitación (21 Piezas de Madera Pintadas a…, 164
Toys, Transformers Generations Studio Series Deluxe - Jeep BB, 3
Toys, "Disney Cars 3 Jackson Storm 20""", 15
Toys, CRAYOLA 74-7304G Kit de Manualidades para niños - Kits de Manualidades para niños (Kit de Manualidades para niños…, 10
Toys, Fisher Price Maracas de Animalitos, 70
Toys, LEGO Kit de construcción Super Mario 71369 Set de Expansión: Batalla Final en el Castillo de Bowser, Exclusivo Juguete…, 19
Toys, WOW! Stuff Collection Star Wars Millenium, Jedi entremaiento, Control Remoto, Multicolor, 2
Toys, Funko Pop! Marvel: Black Panther Robe (White), 18
Toys, Funko Pop! Marvel: Black Panther Robe, 14
Toys, Funko Pop! Figura de vinilo Marvel Black Panther (modelos surtidos), 14
Toys, Funko Figure Pop Marvel Studio's 10th Anniversary Black Panther Chrome, Gold, 5
Toys, Funko Pop! Heroes: Batman 80th - Red Rain Batman (1991), 9
Toys, Jax Sequence: An Exciting Game of Strategy, 321
Toys, Transformers Juguetes Generations War for Cybertron: Earthrise - Empaque de 2 Figuras WFC-E29 Seeker Clase Viajero - 17…, 44
Toys, CRAYOLA 120 crayones en Colores Especiales, Amazon Exclusivo Juego de Colorear Regalo para niños, Edades 4, 5, 6, 7, 13
Toys, Uplayteck Cámara Digital para Niños, Cámara Niños Foto y Video HD 1080P con Pantalla de 2.0 Pulgadas, Cámara de Juguete…, 6
Toys, Hot Wheels Laboratorio Científico Color Shifters, 28
Toys, Melissa & Doug Rompecabezas Gruesa de Animales del Safari, Fácil Agarre Para Niños Pequeños, Juguete de Madera, Juguete…, 2
Toys, Vehículo de identificación Hot Wheels, escala 1:64 el vehículo misterioso con chip NFC integrado, colección World Race…, 120
Toys, Playskool Figura Spider-Man Mega Mighties Heroes Action Figure, 2
Toys, Melissa & Doug Fishing Magnetic Juego Rompecabezas de Pesca Magnético con 10 Imanes 1 Caña de Pescar, 3+ Años…, 58
Toys, STAR WARS SW BL Carbon 2/xba MET/xc1LICO Boba Fett, 16
Toys, WowWee Lucky Fortune - Collectible Bracelet and Charm - Lucky Me, Lucky U 2-Pack - Series 2, 130
Toys, Vehículos de Juguete Hot Wheels Mario Kart Paquete de 4 autos, Multicolor, 51
Toys, McFarlane DC Collector 7 Action Figure - WV2 - White Knight Azreal, 4
Toys, WowWee Pinkfong Baby Shark - MuÃ±eca Oficial de canciÃ³n, Mommy Shark, Rosado, 6.9 x 8.3 x 11 (Inches), 108
Toys, Hasbro Marvel Legends Series Spider-Man - Figura coleccionable de Electro de 15 cm - Colección Retro, 18
Toys, Hasbro Marvel Legends Series Spider-Man - Figura coleccionable del Duende Verde de 15 cm - Colección Retro, 18
Toys, Hasbro Marvel Legends Series - Figura coleccionable del Hombre Araña de 15 cm - Colección Retro, 7
Toys, Kinetic Sand Contenedor Unicornio Manualidades, 56
Toys, STAR WARS The Black Series - Colección Grafito - Figura de Boba Fett a Escala de 15 cm El Imperio contraataca, 213
Toys, Melissa & Doug Let's Play House! Set de Juego de Imitación: Desempolvar, Barrer y Fregar, 3+ Años, Multicolor, 8600, 26
Toys, Crayola 5881060006 20 Plumones Delgados Lavables, 83
Toys, Melissa & Doug Rompecabezas de la Granja de Cubos de Madera, Para Niños Preescolares, Seis Rompecabezas en Uno…, 97
Toys, Paw Patrol Die Cast, 86
Toys, "READY TO FIESTA Globos de cumpleaños , 4
Toys, Melissa & Doug Vehículos de Tracción, Set de Juguetes Suaves para Bebés y Niños Pequeños, 4 Carros y Camiones y Estuche…, 55
Toys, Funko Pop! Heroes: Birds of Prey - Black Canary (Boobytrap Battle), 7
Toys, Melissa & Doug - Deluxe Double-Sided Tabletop Easel Juego de Pintura, 3+ Años, Multicolor, 2790, 5
Toys, Fisher Price Pequeño Snoopy, 3
Toys, Hasbro Gaming Juego de Mesa Monopoly LOL Board Game, 19
Toys, Crayola 24 Coloured pencils - Lápiz de color (24 pieza(s), Multi, Medio, 99 Año(s), 3 Año(s), Niño), 3
Toys, Hasbro Gaming Operando Buzz Lightyear Board Game, 34
Toys, SpinMaster El Juego del Perezoso Board Game, 21
Toys, Educational Insights Design y Drill Robot: Introducción a STEM para Niños en Edad Preescolar, Grandes Regalos para Niños…, 34
Toys, LEGO Creator 3en1 31099 Avión de Hélice (128 piezas), 18
Toys, Funko Animation: Dragonball Z - Training Vegeta, Figurina de Colección, Multicolor, 44258, 4
Toys, Your Déco Kit para Decorar Tu Propia Botella de Agua, 7
Toys, Hasbro Games Jenga: Super Mario Edition Juego, Bloque de apilamiento Torre para Fans de Super Mario, a Partir de 8 años, 9
Toys, Star Wars The Black Series - Garazeb “Zeb” Orrelios a escala de 15 cm - Star Wars: Rebels - Edad: 4+, 20
Toys, Mercedes Benz, Coche de Control Remoto Escala 1:24, Con batería Recargable Vehicle, colorGris, 9
Toys, Fidget Cube – Alivia El Estrés Y La Ansiedad para niños y adultos Ansiedad atención juguetes 6 colores, 78
Toys, UNO BTS, 17
Toys, Funko Pop! Movies: Devil Wears Prada - Andy Sachs, 57
Toys, Fisher Price Ríe y Aprende Mi Primer Smartwatch Juguete para bebés de 6 a 36 Meses, 12
Toys, "EDITHLICEA Disfraces para Bebe , 9
Toys, Melissa & Doug Rompecabezas de Mascotas con Clavijas, Juguete de Madera, Juguete de Desarrollo (8 piezas), 17
Toys, Funko Pop! Marvel: 80th First Appearance - Human Torch, 3
Toys, BOUNZ, 14
Toys, Hasbro Gaming Caras y Gestos Board Game, 3
Toys, Beyblade Burst Turbo Slingshock Top y Lanzador Toy, Turbo Achilles A4, 27
Toys, Jasonwell Bloques Magneticos Juguetes Didacticos 3D Creativos y Educativos Mejor Regalo Aprenda El Color y La Forma…, 11
Toys, Nerf Lanzador de Agua Barracuda Supersoaker Lanzador de Agua, 4
Toys, Fisher Price León Camina Conmigo, 77
Toys, Jurassic World Snap Squad 4-Pack Pack #1 [ Exclusive], 6
Toys, Fortnite Legendary Series Figura de Nivel máximo, Omega púrpura Variante de 6 Pulgadas, 66
Toys, Novelty Rompecabezas Piezas Gigantes Paw Patrol, 24 Piezas, 3
Toys, Chicco Fit&Fun Monkey Strike, Set De Bolos, 103
Toys, LEGO Kit de construcción Star Wars 75280 Clon Troopers de la Legión 501, Genial Set de acción para fomentar el Juego…, 5
Toys, Stronghold Games Survive Escape from Atlantis 30th Anniversary Edition, 16
Toys, FLINK Rompecabezas Van Gogh, La Noche Estrellada, 30
Toys, Bandai Hobby #22 00 Gundam HG, Bandai Double Zero Action Figure, 1
Toys, LEGO Creator Juego de Construcción Grandes Dinosaurios (31058), 1
Toys, Crayola - L?pices de colores (36 unidades), 2
Toys, Worlds Smallest Barbie's Dream House, 7
Toys, ETA hand2mind 20-Bead Plastic Rekenrek Counting Frame, 4
Toys, Cardinal Baby Shark Rompecabezas Musical, 32
Toys, Funko Movies: It 2 - Pennywise with Balloon, 1
Toys, Barbie Signature Día De Muertos 2020 Muñeca de Colección, 246
Toys, Pinypon Pizzeria Doll, 1
Toys, Nenuco Escuelita Doll, 1
Toys, Famosa Bellies Willy Woof Doll, 1
Toys, Buffalo Games, Rompecabezas Cinque Terre, Italy, 2000 Piezas, 19
Toys, Globos Cumpleaños Decoración, Sebami Kits de decoraciones de fiesta de cumpleaños de globos para Cumpleaños Fiesta…, 13
Toys, Jasonwell 3 en 1 Interiores Casas Jardin niños Casas Túnel para niños Casas para niños Casas de Niños Interiores y…, 14
Toys, Melissa & Doug Rompecabezas Gruesa de Madera: Dinosaurios, Juguete de Madera (7 Piezas), 3
Toys, Paw Patrol Paw Patrol Nuevo Vehículo Básico Marshall Vehicle, 10
Toys, Fisher Price Rie y Aprende Laptop Aprende Conmigo, 5
Toys, Buffalo Games Rompecabezas de Pokemon, diseño de vitral de Eevee, 2000 Piezas, 12
Toys, Jurassic World Majungasaurio Figuras de Acción, 2
Toys, Melissa & Doug Rompecabezas de Mascotas de Cubos, Juguete de Madera, Rompecabezas Para Niños Preescolares, Seis…, 3
Toys, Marvel Hasbro Legends Series - Figuras coleccionables de Rogue y Pyro de 15 cm - Diseño Premium y 6 Accesorios, 58
Toys, Marvel Vintage Series - Figura de 15 cm del Dr. Doom - Fantastic 4 - con 10 Accesorios Super Hero Collectible Series…, 23
Toys, Eggertspiele Camel Up Board Game, Multicolor, 55
Toys, Fisher Price Gimnasio - Piano Pataditas, 3
Toys, Nickelodeon Paw Patrol Finger Puppets, 1
Toys, Funko Pop! Moment Star Wars: Mandalorian - Mandalorian & Child, 16
Toys, Jurassic World Figura de Acción Legacy Spinosaurus Mordedor a Partir de 3 años en adelante, 45
Toys, Sakura 30067 Pigma Juego de 8 Pinceles, Color Negro, 31
Toys, Fisher-Price - Laugh N Learn Smart Stages Chair, 1
Toys, Famosa Bellies: Mimi MIAO Doll, 24
Toys, LEGO 71027 Minifigures 20th edición (Caja con 60 Sobres, Surtidos), 12
Toys, Learning Resources Spike The Fine Motor Hedgehog - Juegos de Motricidad Fina, 17
Toys, Fisher Price Juguete Cornpopper, 36
Toys, Beyblade Burst Turbo Slingshock Top y Lanzador Toy, Spryzen S4, 39
Toys, Conjunto de Pintura de Acuarela, 36 Colores Vibrantes y Surtidos, Juego con Colores Sólidos, Incluye Caja de Transporte…, 63
Toys, My Little Pony My Kit Cola Sorpresa de Arcoíris Doll, 1
Toys, TYC Estera de Dibujo de Agua, Pizarrones Mágicos para Niños Agua Dibujo Pintura 80×60cm, Esteras de Agua Doodle con…, 158
Toys, Naipes Gacela Loteria Mexicana Family - Juego de 20 Tablas y Tarjetas, 5
Toys, UNO Corns, 54
Toys, Hasbro Gaming Monopoly Deal Juego de Cartas Game, Unitalla, Multicolor, 26
Toys, Funko - Pop! Heroes - Batman Forever: Riddler Figurina de Colección, Multicolor, 47705, 50
Toys, Jurassic World Mosasaurio, 73
Toys, Funko - Pop! Marvel: Avengers Game - Iron Man (Stark Tech Suit) Figurina de Colección, Multicolor, 47756, 28
Toys, Hot Wheels Premium Car Culture Team Transport H 1/64 Scale Volkswagen Classic Bug Volkswagen Transporter T1 Pickup W…, 14
Toys, Fisher- 3-in-1 Musical Activity Gym, Woodland Friends, 11
Toys, LEGO Marvel Vengadores 76141 Armadura Robótica de Thanos (152 piezas), 12
Toys, STAR WARS SW BL Huckleberry Deluxe Fig Action Figure, 53
Toys, Marvel Legends Figura de Acción de 6 Pulgadas de Black Widow de Colección, 7
Toys, Funko - Ad Icons - Marilyn Monroe (White Dress) Figurina de Colección, Multicolor, 46771, 112
Toys, Juguete para Bebés Mattel Fisher-Price Maracas Divertidas, 107
Toys, Barbie Chelsea Casa del Árbol, 3
Toys, Funko - Batman Forever- Two-Face Figurina de Colección, Multicolor, 47706, 24
Toys, Funko - Pop! Heroes - Batman Returns: Penguin Figurina de Colección, Multicolor, 47708, 19
Toys, "Funko Pop! Heroes - Batman & Robin Figurina de Colección Mr. Freeze, 10"", Color Multicolor, Paquete de 1", 7
Toys, TeeTurtle Pulpo Reversible Mini de Felpa, Rojo/Amarillo, 43
Toys, Funko - Pop! Animation: Naruto - Naruto Running Figurina de Colección, Multicolor, 46626, 21
Toys, Famosa Bellies: Belly Beth Doll, 6
Toys, SpinMaster Baby Shark Rompecabezas Board Game, 3
Toys, Polly Pocket! Micro, Casa De Polly, Pollyville, Polly Chiquita, Nueva Polly, Edades 4+ Años, 3
Toys, Juguete para Bebés Mega Bloks First Builders Gran Bolsa de Aprendizaje 150 bloques, 71
Toys, Novedades Montecarlo Vete a la Versh Super Numeros Juego de Mesa Cartas Darkar Mecoboy Come Dos Come Cuatro Reversa No…, 72
Toys, Click N' Play Rock Crawler Vehicle, 4WD, Off Road All-Weather, RC Remote Control, 2.4 GHz, 83
Toys, Vampirina Spooktastic Spookylele with Gloves Doll, 52
Toys, Maisto R/C Rock Crawler Extreme Vehículo de radiocontrol, 40
Toys, Marvel Hasbro Legends Series - Figura Coleccionable de Punisher de 15 cm con Motocicleta - Diseño Premium y 7 Accesorios, 38
Toys, Control Alámbrico Fight Pad Pro para Nintendo Switch - Standard Edition, 19
Toys, Buffalo Games Pokémon - Puzzle de 2000 Piezas, diseño de Pokémon, 7
Toys, Star Wars The Black Series - Darth Vader a escala de 15 cm - Star Wars: El Imperio contraataca - Edad: 4+, 10
Toys, Gamewright Sushi Roll - Juego de Dados de Sushi Go!, 32
Toys, Blue Orange Planet Board Game, 11
Toys, Star Wars The Black Series - Figura de Han Solo (Carbonite) a escala de 15 cm - Star Wars: El Imperio contraataca…, 55
Toys, KD Interactive Aura Drone with Glove Controller, 62
Toys, Dragon Ball Legends Collab Black Goku, 23
Toys, Fisher-Price Rattle N Rock Maracas, Green/Yellow [Frustration Free Packaging], Ãšnico, 11
Toys, Marvel Fantastic Four Legends Figura 6 Pulgadas - Doctor Doom, 2
Toys, STAR WARS Mission Fleet Expedition Class The Mandalorian The Child Battle for The Bounty - Figuras y vehículo a Escala…, 2
Toys, Barbie Fashion Muñeca Fashionista Silla De Ruedas Apto Para +3 Años, 18
Toys, Hasbro Marvel Legends Series - Figura coleccionable de Apocalipsis de 15 cm - Diseño premium y 3 accesorios, 120
Toys, Buffalo Games – Pokémon – Favoritos de los Fans – Puzzle de 300 Piezas Grandes, 21
Toys, Hasbro Marvel Legends Series - Figura coleccionable de lujo de War Machine de 15 cm, 59
Toys, Liberty Imports Workbench for Kids Pretend Play-Construction Workshop Toolbench Stem Building Toys with Realistic Tools…, 13
Toys, Cry Babies Magic Tears Paci House, 3
Toys, TeeTurtle Pulpo Reversible Mini de Felpa, Púrpura/Azul, 1
Toys, Jurassic World. Figuras de Acción. Indominus Rex. Dinosaurio a escala. 4 años +. GCT95, 36
Toys, VTech Panda & Pals - Puzzle de Bloques, 26
Toys, "STAR WARS Figura Black Series de Película, Count Dooku, 6""", 30
Toys, Educational Insights GeoSafari Microprobe 48-Piezas Conjunto de Microscopio, 27
Toys, Patch Products Chrono Bomb Action Game, 4
Toys, L.O.L. Surprise! OMG Muñeca Neón Serie - Muñeca 3, 58
Toys, Jurassic World Sinoceratops Figuras de Acción, 8
Toys, Marvel Avengers: Endgame Titan Hero Series - Figura de superhéroe Ronin Action Figure, 5
Toys, NEWKIBOU Pintura de Acuarela, Set de Pintura de Acuarela 36 Colores, se combina con lápiz de carbón, Pincel de Acuarela…, 21
Toys, Barbie Muñeca Movimientos Divertidos, Top Azul, 15
Toys, Melissa & Doug - Habitats Almohadillas Adhesivas Reutilizables, 150 Pegatinas y 5 Escenas, 3+ Años, Multicolor, 4196, 3
Toys, Mega Construx Halo Batalla Final Pack Juguete de Construcción para niños de 8 años en adelante, 11
Toys, Mattel Games UNO Minimalista, 59
Toys, Disney Pixar Alien Remix Buzz Lightyear Figura Coleccionable Juguete para niños de 6 años en adelante, Multicolor, 47
Toys, Trolls World Tour La Película Muñeca Pop & Rock Poppy, 24
Toys, Vehículo de Juguete Hot Wheels Minions Bob, 1
Toys, Fisher Price Imaginext Batimóvil, 27
Toys, Disney Pixar Alien Remix Lotso Figura Coleccionable Juguete para niños de 6 años en adelante, 41
Toys, Hot Wheels Vehículo de Juguete Mario Kart Shy Guy B-Dasher, 3
Toys, STAR WARS The Black Series Credit Collection - The Mandalorian a Escala de 15 cm - Juguete para niños de 4 años en…, 93
Toys, STAR WARS The Black Series Credit Collection - The Mandalorian - Imperial Death Trooper a Escala de 15 cm - Juguete para…, 77
Toys, STAR WARS The Black Series - The Mandalorian - Cara Dune a Escala de 15 cm - Juguete para niños de 4 años en adelante, 58
Toys, STAR WARS The Black Series Credit Collection - Figura de Heavy Infantry Mandalorian de 15 cm - The Mandalorian - Edad: 4…, 64
Toys, STAR WARS The Black Series Credit Collection - The Mandalorian - IG-11 a Escala de 15 cm - Juguete para niños de 4 años…, 51
Toys, Rubie's Disfraz de T-Rex para bebés, 96
Toys, Entertainment Earth Marvel Teleporting Lockjaw & GITD Black Bolt Pop! 2-PK Px, 4
Toys, "Marvel Legends Figuras de 6"" Black Widow - Taskmaster", 21
Toys, Disney Pixar Alien Remix Rusell Figura Coleccionable Juguete para niños de 6 años en adelante, 30
Toys, Disney Pixar Alien Remix Heimlich Figura Coleccionable Juguete para niños de 6 años en adelante, 28
Toys, Disney Pixar, Marciano con Disfraz de Nemo, Juguete para niños de 6 años en adelante, Multicolor, 22
Toys, Disney Pixar Alien Remix Bing Bong Figura Coleccionable Juguete para niños de 6 años en adelante, 4
Toys, DC McFarlane Multiverse Batman White Knight Comic, 6
Toys, DC McFarlane Multiverse Wonder Woman WW1984, 4
Toys, Mega Bloks Bolsa Grande de Construcción Rosa 80 bloques Juguete de Construcción para niñas de 1 a 5 años, 72
Toys, Marvel X-Men Legends Figuras de 6 Pulgadas - Dark Beast, 9
Toys, Marvel X-Men Legends Figuras de 6 Pulgadas - Jean Grey, 13
Toys, Jasonwell Bomba para Inflar Globos Bomba de Aire Maquina Electrica Inflador de Globos 600W Boquillas Duales Inflación…, 36
Toys, Marvel X-Men Legends Figuras de 6 Pulgadas - Sunfire, 9
Toys, Star Wars Solo Movie Chewbacca Walk N' Roar 30cm Plush - Makes Wookiee Talking Sounds and Walks, 9
Toys, MB FB VAGÓN SORTEADOR DE BLOQUES, 4
Toys, Play-Doh Animal Crew Naybelle Poni de Rodeo, 3
Toys, Marvel Spiderman Legends Figura 6 Pulgadas - Spider-Armor MK III, 30
Toys, STAR WARS Vintage Figuras The Mandalorian Cara Dune, 2
Toys, Marvel Spiderman Legends Figura 6 Pulgadas - Superior Octopus, 7
Toys, Jurassic World Siats Meekerorum Control Total Ataque Dinosaurio de Juguete para niños de 4 años en adelante, 28
Toys, Hot Wheels Action Mega Remolque , Vehículo, Autos de Juguete, Pista, Edad: 3+, GHR48, 7
Toys, "Zeliku Building Block Games Set With Toy Drill & ScrewDriver Tool set , 38
Toys, Redlemon Pizarrón Mágico tipo Tablet para Notas con Pantalla LCD y Borrado Automático, Magnético, con Botón de Bloqueo…, 12
Toys, HARRY POTTER Luna Muñeca para niñas de 6 años en adelante, 32
Toys, Beyblade Arena Beystadium Burst Turbo Slingshock Toy, 3
Toys, Ballet Wishes, 22
Toys, LEGO Mejor Juguete de construcción Infantil de Batman DC 76158 ¡Cacería del Pingüino en la Batilancha!, Divertido Set de…, 13
Toys, "Funko - Pop! Heroes - Batman 1989: Joker with Hat 10"" Figurina de Colección, Multicolor, 47709", 7
Toys, Pressman Rummikub Classic Edition - The Original Rummy Tile Game, Blue, 9
Toys, Beyblade Burst Rise Hypersphere - Juego Completo con Beystadium, 2 Juguetes de Batalla y 2 lanzadores, a Partir de 8…, 3
Toys, Hasbro Gaming Risk Nuevo, 3
Toys, LEGO Harry Potter y el Cáliz de Fuego: Torre del Reloj de Hogwarts, 75948, Building Kit de 922 Elementos, 25
Toys, Famosa Muñeca Bellies Muak, 2
Toys, Aladdin Disney Peluche, Figura de, 7 Pulgadas, 6
Toys, LEGO Technic Camión Transportador de Autos, Building Kit 2493 Piezas, 11
Toys, Funko - Pop! Animation - Legend of Korra Figurina de Colección, Multicolor, 46948, 6
Toys, Funko - Pop! Movies: Edward Scissorhands Figurina de Colección, Multicolor, 49695, 20
Toys, Funko Pop! Star Wars: The Mandalorian - The Child with Cup, 17
Toys, Mejor juguete de construcción infantil de Batman LEGO DC 76158 ¡Cacería del Pingüino en la Batilancha!, divertido set de…, 23
Toys, Monopoly Super Mario ¡Celebración! - Juego de Mesa para Fans de Super Mario Mayores de 8 años, con Sonidos del…, 5
Toys, Dragones como Entrenar a tu Dragón, Chimuelo Interactivo, Negro, 3
Toys, Funko Pop! Keychain: Fortnite - Valor, 2
Toys, Funko Figura Pop! Rocks Post Malone, Post Malone, 13
Toys, Breezee Market Castillo Carpa Casa Princesas Portatil. Castillo de Princesas Cute Interior Kids Play Tienda de campaña…, 2
Toys, Funko POP! Harry Potter: Harry Potter Patronus â€“ Patronus Ron Weasley\, Multicolor, 15
Toys, Spider-Man Marvel's Mysterio Colección Retro Figura de Acción de 6 Pulgadas, 8
Toys, RabbitStorm Pintura de Acuarela, con 36 Colores, se Combina con Lápiz de Carbón, Pincel de Acuarela y Papeles de…, 5
Toys, Hasbro Marvel Legends Series X-Men - Figura de Wolverine de 15 cm - Incluye 3 accesorios - Edad: 14 años en adelante, 15
Toys, Star Wars La colección Vintage - Star Wars: El ascenso de Skywalker - Figura de Sith Trooper a escala de 9,5 cm, 2
Toys, Velcro Food IN Basket, 5
Toys, "Marvel Legends Figuras de 6"" Black Widow - Black Widow", 13
Toys, Funko Pop Television: Game Of Thrones - Children Of The Forest Collectible Figure, Multicolor, 13
Toys, "Marvel Legends Figuras de 6"" Black Widow - Winter Soldier", 13
Toys, Jurassic World Dilofosaurio Batalla Feroz Figuras de Acción, 7
Toys, California Costumes Disfraz de Sirena para niña de Lil', 10
Toys, "Marvel Legends Figuras de 6"" Black Widow - Red Guardian", 3
Toys, "Marvel Legends Figuras de 6"" Black Widow Crossbones", 7
Toys, Paw Patrol, Multicolor, Paquete de 3, 3
Toys, Vehículo de Juguete Hot Wheels Minions Bob, 1
Toys, TeeTurtle Pulpo Reversible Mini de Felpa, Púrpura/Azul, 1
Toys, My Little Pony My Kit Cola Sorpresa de Arcoíris Doll, 1
Toys, Fisher-Price - Laugh N Learn Smart Stages Chair, 1
Toys, Nickelodeon Paw Patrol Finger Puppets, 1
Toys, Famosa Bellies Willy Woof Doll, 1
Toys, Nenuco Escuelita Doll, 1
Toys, Pinypon Pizzeria Doll, 1
Toys, Funko Movies: It 2 - Pennywise with Balloon, 1
Toys, LEGO Creator Juego de Construcción Grandes Dinosaurios (31058), 1
Toys, Bandai Hobby #22 00 Gundam HG, Bandai Double Zero Action Figure, 1
Toys, CRA-Z-ART Mini Magna Doodle, 1
Toys, Fidget Cube – Alivia El Estrés Y La Ansiedad para niños y adultos Ansiedad atención juguetes 6 colores, 1
Toys, Melissa & Doug Rompecabezas de Números de Autocorrección, Juguete de Madera, Juguete de Desarrollo, Juguete Educativo (40 piezas), 1
Toys, Barbie Dreamtopia Guardería De Sirenas Apto Para +3 Años, 1
Toys, Thomas & Friends Fisher-Price Minis - Salón temático, 10 Unidades, Sala temática MINIS, Multicolor, 1
Toys, Funko Pop! Animación: Dragonball Z - Vegeta Fideos Comer, Convención de Primavera, Multicolor, 1
Toys, "The Crew , 1
Toys, Marvel Spiderman Legends Figura 6 Pulgadas  - Superior Octopus, 1
Toys, China Control Gamepad Xbox 360 Alambrico USB Pc Windows10 Ele-Gate (negro), 1
Toys, Star Wars La colección Vintage - Star Wars: El ascenso de Skywalker - Figura de Sith Trooper a escala de 9,5 cm, 2
Toys, Breezee Market Castillo Carpa Casa Princesas Portatil. Castillo de Princesas Cute Interior Kids Play Tienda de campaña…, 2
Toys, Funko Pop! Keychain: Fortnite - Valor, 2
Toys, Famosa Muñeca Bellies Muak, 2
Toys, STAR WARS Vintage Figuras The Mandalorian Cara Dune, 2
Toys, STAR WARS Mission Fleet Expedition Class The Mandalorian The Child Battle for The Bounty - Figuras y vehículo a Escala…, 2
Toys, Marvel Fantastic Four Legends Figura 6 Pulgadas - Doctor Doom, 2
Toys, Jurassic World Majungasaurio Figuras de Acción, 2
Toys, Crayola - L?pices de colores (36 unidades), 2
Toys, Playskool Figura Spider-Man Mega Mighties Heroes Action Figure, 2
Toys, Melissa & Doug Rompecabezas Gruesa de Animales del Safari, Fácil Agarre Para Niños Pequeños, Juguete de Madera, Juguete…, 2
Toys, WOW! Stuff Collection Star Wars Millenium, Jedi entremaiento, Control Remoto, Multicolor, 2
Toys, CRAYOLA Libro para Colorear con Actividades, Exclusivo de Amazon, Regalo para niños, 40 páginas, 2
Toys, McFarlane Toys DC Multiverse Azrael: Batman Maldición del Caballero Blanco #1 (Comics 2019), Multicolor (15408-5), 2
Toys, Fisher Price Silly Safari Tren Animales Divertidos, 2
Toys, Feber Baby Trike Ride On, 2
Toys, SwimWays - Flotador de muelles para bebé con Dosel, Langosta, Multicolor, Estándar, 2
Toys, Paw Patrol, Multicolor, Paquete de 3, 3
Toys, "Marvel Legends Figuras de 6"" Black Widow - Red Guardian", 3
Toys, Dragones como Entrenar a tu Dragón, Chimuelo Interactivo, Negro, 3
Toys, Hasbro Gaming Risk Nuevo, 3
Toys, Beyblade Burst Rise Hypersphere - Juego Completo con Beystadium, 2 Juguetes de Batalla y 2 lanzadores, a Partir de 8…, 3
Toys, Beyblade Arena Beystadium Burst Turbo Slingshock Toy, 3
Toys, Play-Doh Animal Crew Naybelle Poni de Rodeo, 3
Toys, Hot Wheels Vehículo de Juguete Mario Kart Shy Guy B-Dasher, 3
Toys, Melissa & Doug - Habitats Almohadillas Adhesivas Reutilizables, 150 Pegatinas y 5 Escenas, 3+ Años, Multicolor, 4196, 3
Toys, Cry Babies Magic Tears Paci House, 3
Toys, Polly Pocket! Micro, Casa De Polly, Pollyville, Polly Chiquita, Nueva Polly, Edades 4+ Años, 3
Toys, SpinMaster Baby Shark Rompecabezas Board Game, 3
Toys, Barbie Chelsea Casa del Árbol, 3
Toys, Fisher Price Gimnasio - Piano Pataditas, 3
Toys, Melissa & Doug Rompecabezas de Mascotas de Cubos, Juguete de Madera, Rompecabezas Para Niños Preescolares, Seis…, 3
Toys, Melissa & Doug Rompecabezas Gruesa de Madera: Dinosaurios, Juguete de Madera (7 Piezas), 3
Toys, Novelty Rompecabezas Piezas Gigantes Paw Patrol, 24 Piezas, 3
Toys, Hasbro Gaming Caras y Gestos Board Game, 3
Toys, Funko Pop! Marvel: 80th First Appearance - Human Torch, 3
Toys, Crayola 24 Coloured pencils - Lápiz de color (24 pieza(s), Multi, Medio, 99 Año(s), 3 Año(s), Niño), 3
Toys, Fisher Price Pequeño Snoopy, 3
Toys, Transformers Generations Studio Series Deluxe - Jeep BB, 3
Toys, Fisher Price Oruga Cadena de Colores, 3
Toys, Disney Pixar Toy Story 4 pack Figuras Básicas Articuladas de 3 años en adelante, 3
Toys, Melissa & Doug 13779 Melissa Doug Juego Magnético de Cazar Insectos, Juguete de Madera, Juguete de Desarrollo, Standalone, 3
Toys, Funko Pop Harry Potter: Harry Potter Harry with Invisibility Cloak, Multicolor, 3
Toys, Mattel Games UNO Juegos de Mesa Toy Story 4 Juego de Cartas para Niños +7 años, 3
Toys, Baby Alive Littles Iris Equipo de Aventuras, 3
Toys, Funko Pop! Marvel: Marvel Venom - Captain Marvel, 3
Toys, Melissa & Doug Caballete Deluxe de Doble Cara Para Mesa, Pizarra de Tiza/Borrado en Seco, Artes y Manualidades (42 Piezas, 44.45 cm alto x 52.705 cm ancho x 6.985 cm largo), 3
Toys, Hot Wheels Toy Story R/C vehículo, 3
Toys, G.I. Joe Classified Series - Figura Snake Eyes 02 con múltiples Accesorios, 3
Toys, MB FB VAGÓN SORTEADOR DE BLOQUES, 4
Toys, DC McFarlane Multiverse Wonder Woman WW1984, 4
Toys, Disney Pixar Alien Remix Bing Bong Figura Coleccionable Juguete para niños de 6 años en adelante, 4
Toys, Entertainment Earth Marvel Teleporting Lockjaw & GITD Black Bolt Pop! 2-PK Px, 4
Toys, Patch Products Chrono Bomb Action Game, 4
Toys, ETA hand2mind 20-Bead Plastic Rekenrek Counting Frame, 4
Toys, Nerf Lanzador de Agua Barracuda Supersoaker Lanzador de Agua, 4
Toys, Funko Animation: Dragonball Z - Training Vegeta, Figurina de Colección, Multicolor, 44258, 4
Toys, "READY TO FIESTA Globos de cumpleaños , 4
Toys, McFarlane DC Collector 7 Action Figure - WV2 - White Knight Azreal, 4
Toys, Crayola 5808080006 12 Plumones Gruesos Lavables, 4
Toys, Fisher Price Sonaja Corn Popper, 4
Toys, Power Rangers Lightning Collection - Time Force Red Ranger premium de 15 cm - Figura coleccionable con accesorios, 4
Toys, TAMASHII NATIONS Dragon Ball: Captain Ginyu, Bandai S.H. Figuarts, 4
Toys, NEWKIBOU Pintura de Acuarela, Set de Pintura de Acuarela 36 Colores, se combina con lápiz de carbón, Pincel de Acuarela y Papeles de Acuarela para Pintura, diseño artístico y Juegos de Regalo, 4
Toys, Educational Insights Juego de Design Drill Robot, Verde, 4
Toys, CRAYOLA Inspiration Art Case-Pink, 4
Toys, Marvel Comics The Uncanny X-Men Figura de Acción de 6 Pulgadas Vintage Storm, 4
Toys, LEGO DC Batman Batmobile La Persecución del Guasón, 76119, Building Kit 342 Elementos, 4
Toys, AQUARIUS 65361 - Puzle de Bob Esponja (1000 Piezas), Multicolor, 4
Toys, Velcro Food IN Basket, 5
Toys, RabbitStorm Pintura de Acuarela, con 36 Colores, se Combina con Lápiz de Carbón, Pincel de Acuarela y Papeles de…, 5
Toys, Monopoly Super Mario ¡Celebración! - Juego de Mesa para Fans de Super Mario Mayores de 8 años, con Sonidos del…, 5
Toys, Marvel Avengers: Endgame Titan Hero Series - Figura de superhéroe Ronin Action Figure, 5
Toys, Naipes Gacela Loteria Mexicana Family - Juego de 20 Tablas y Tarjetas, 5
Toys, Fisher Price Rie y Aprende Laptop Aprende Conmigo, 5
Toys, LEGO Kit de construcción Star Wars 75280 Clon Troopers de la Legión 501, Genial Set de acción para fomentar el Juego…, 5
Toys, Melissa & Doug - Deluxe Double-Sided Tabletop Easel Juego de Pintura, 3+ Años, Multicolor, 2790, 5
Toys, Funko Figure Pop Marvel Studio's 10th Anniversary Black Panther Chrome, Gold, 5
Toys, Bandai México Banpresto Dragon Ball Heroes Goku (Piezas Limitadas), 5
Toys, MINI SO Peluche BMO Grande Menta - Adventure Time, 5
Toys, DIMEX Regletas educativas Lisas de plástico con Estuche de Diferentes Colores de plástico. (Juego con 195 Piezas). Envío Gratis Prime, 5
Toys, Playskool Señor Cara de Papa Papa-Héroes Combinables Marvel, 4 Pack, 5
Toys, Star Wars Centerpiece Kylo Ren The Black Series Figura de Acción, 5
Toys, Funko - Animation: Evangelion - Shinji Ikari Figurina de Colección, Multicolor, 45118, 5
Toys, Funko - Pop! Animation - Legend of Korra Figurina de Colección, Multicolor, 46948, 6
Toys, Aladdin Disney Peluche, Figura de, 7 Pulgadas, 6
Toys, DC McFarlane Multiverse Batman White Knight Comic, 6
Toys, Famosa Bellies: Belly Beth Doll, 6
Toys, Jurassic World Snap Squad 4-Pack Pack #1 [ Exclusive], 6
Toys, Uplayteck Cámara Digital para Niños, Cámara Niños Foto y Video HD 1080P con Pantalla de 2.0 Pulgadas, Cámara de Juguete…, 6
Toys, Play Doh Delicias Heladas, 6
Toys, Sakura Pigma Micron - Juego de bolígrafos de Tinta, Pigma Micron, Ass't Colors, 0.45-mm, 1, 6
Toys, Melissa & Doug Rompecabezas de dinosaurio en una caja, cuatro rompecabezas de madera, bellas ilustraciones, resistente caja de almacenamiento de madera, 12 piezas, 20.32 cm alto x 15.24 cm ancho x 6.35 cm largo, 6
Toys, LEGO Clásico Juguete de construcción para niños: Bricks, Bricks, Bricks Classic (10717), 6
Toys, Cry Babies Magic Tears Ruthy Advent Calendar, 6
Toys, Barbie muñeca Explora y Descubre, Viajera - Muñeca para niña 3 Años, 6
Toys, Funko Pop! Deluxe, Marvel: Avengers Assemble Series – Hawkeye, Amazon Exclusive, Figura 3 de 6, 6
Toys, BATMAN Vehículo Batbike con Exclusivo y Clayface Figuras de acción de 4 Pulgadas, 6
Toys, "Marvel Legends Figuras de 6"" Black Widow Crossbones", 7
Toys, Jurassic World Dilofosaurio Batalla Feroz Figuras de Acción, 7
Toys, "Funko - Pop! Heroes - Batman 1989: Joker with Hat 10"" Figurina de Colección, Multicolor, 47709", 7
Toys, Hot Wheels Action Mega Remolque , Vehículo, Autos de Juguete, Pista, Edad: 3+, GHR48, 7
Toys, Marvel Spiderman Legends Figura 6 Pulgadas - Superior Octopus, 7
Toys, Buffalo Games Pokémon - Puzzle de 2000 Piezas, diseño de Pokémon, 7
Toys, "Funko Pop! Heroes - Batman & Robin Figurina de Colección Mr. Freeze, 10"", Color Multicolor, Paquete de 1", 7
Toys, Marvel Legends Figura de Acción de 6 Pulgadas de Black Widow de Colección, 7
Toys, Worlds Smallest Barbie's Dream House, 7
Toys, Your Déco Kit para Decorar Tu Propia Botella de Agua, 7
Toys, Funko Pop! Heroes: Birds of Prey - Black Canary (Boobytrap Battle), 7
Toys, Hasbro Marvel Legends Series - Figura coleccionable del Hombre Araña de 15 cm - Colección Retro, 7
Toys, Power Rangers Lightning Collection - Ranger Slayer premium de 15 cm - Figura coleccionable con accesorios, 7
Toys, Hot Wheels Garage Giratorio, 7
Toys, Power Rangers Lightning Collection - Zeo Gold Ranger premium de 15 cm - Figura coleccionable con accesorios, 7
Toys, Mega Bloks Preschool Construcción - Infantil Y Preescolar Mega Caja De Construcción Mini 100, +1 Año, Gjd21, 7
Toys, Marvel Legends Avengers Endgame Figuras, Loki, 6 Pulgadas, 7
Toys, Games Juego de Mesa Hedbanz Junior, 7
Toys, Spider-Man Marvel's Mysterio Colección Retro Figura de Acción de 6 Pulgadas, 8
Toys, Jurassic World Sinoceratops Figuras de Acción, 8
Toys, McFarlane Toys DC Multiverse, Hellbat, 8
Toys, Ravensburger Art: Van Gogh - Noche Estrellada Rompecabezas de 1500 Piezas, Multicolor, 16207, 8
Toys, Jasonwell Bomba para Inflar Globos Bomba de Aire Maquina Electrica Inflador de Globos 600W Boquillas Duales Inflación Rápida for Fiesta Cumpleaños Bebe Niña Niño (Rosa 1), 8
Toys, Hudson Baby Velboa Security Blanket, Blue Fox, 8
Toys, Lumies Dazzle Gogo, Púrpura, 8
Toys, Globos Cumpleaños Decoracione, Feliz Cumpleaños Decoración Fiesta Cumpleaños Oro Rosa, Suministros y Decoración Globo para Hombres y Mujeres Adultos Decoración de Fiesta Manteles,Confetti,Globos de Látex Impresos, 8
Toys, "NIERBO Cámara para niños 3.0MP 1080P HD Mini cámara de Video Digital para niños Regalos de Juguete de cumpleaños Recargables con Tarjeta de Memoria de 32GB, Pantalla IPS de 2""", 8
Toys, Melissa & Doug Juego de Pesca Magnético, Juguete de Madera, Juego de Mesa (10 Imanes 1 Caña de Pescar), 8
Toys, Pressman Rummikub Classic Edition - The Original Rummy Tile Game, Blue, 9
Toys, Star Wars Solo Movie Chewbacca Walk N' Roar 30cm Plush - Makes Wookiee Talking Sounds and Walks, 9
Toys, Marvel X-Men Legends Figuras de 6 Pulgadas - Sunfire, 9
Toys, Marvel X-Men Legends Figuras de 6 Pulgadas - Dark Beast, 9
Toys, "EDITHLICEA Disfraces para Bebe , 9
Toys, Mercedes Benz, Coche de Control Remoto Escala 1:24, Con batería Recargable Vehicle, colorGris, 9
Toys, Hasbro Games Jenga: Super Mario Edition Juego, Bloque de apilamiento Torre para Fans de Super Mario, a Partir de 8 años, 9
Toys, Funko Pop! Heroes: Batman 80th - Red Rain Batman (1991), 9
Toys, Hasbro Gaming Juego Destreza, 9
Toys, Funko Pop! Games: Pokemon - Pikachu, 9
Toys, Melissa & Doug Bloc de Adhesivos Reutilizables de los Hábitats, Lámina Extra Grande de Actividades con Autoadhesivos, Fondos Extraíbles, Libros de Actividades Para Niños (150 Pegatinas), 9
Toys, Nerf N-Strike Elite - Paquete de repuesto con 30 dardos, 9
Toys, Hasbro Gaming Juego de Mesa Monopoly Gamer Sonic Board Game, 9
Toys, Funko Star Wars Smuggler's Bounty - Caja misteriosa, Subscription,  Tema Wookie, Abril de 2019, Multicolor, Large, 9
Toys, California Costumes Disfraz de Sirena para niña de Lil', 10
Toys, Star Wars The Black Series - Darth Vader a escala de 15 cm - Star Wars: El Imperio contraataca - Edad: 4+, 10
Toys, Paw Patrol Paw Patrol Nuevo Vehículo Básico Marshall Vehicle, 10
Toys, CRAYOLA 74-7304G Kit de Manualidades para niños - Kits de Manualidades para niños (Kit de Manualidades para niños…, 10
Toys, Funko Pop! TV: Game of Thrones - Crystal Night King with Dagger in Chest, 10
Toys, Jasonwell Bloques Magneticos Juguetes Didacticos 3D Creativos y Educativos Mejor Regalo Aprenda El Color y La Forma Juguetes para Niños de 3 4 5 6 7 8 9 Años (42 Piezas), 10
Toys, LEGO Technic Camión Transportador de Autos, Building Kit 2493 Piezas, 11
Toys, Mega Construx Halo Batalla Final Pack Juguete de Construcción para niños de 8 años en adelante, 11
Toys, Fisher-Price Rattle N Rock Maracas, Green/Yellow [Frustration Free Packaging], Ãšnico, 11
Toys, Blue Orange Planet Board Game, 11
Toys, Fisher- 3-in-1 Musical Activity Gym, Woodland Friends, 11
Toys, Jasonwell Bloques Magneticos Juguetes Didacticos 3D Creativos y Educativos Mejor Regalo Aprenda El Color y La Forma…, 11
Toys, Maisto Lamborghini Aventador LP 700-4 Vehículo Fundido, Los Colores Pueden Variar, 11
Toys, Funko Pop! Disney: Eve (Earth Day), 11
Toys, WB Games Injustice 2: Legendary Edition - Playstation 4, 11
Toys, Mega Bloks Preschool Construcción - Infantil Y Preescolar Selva Musical De Construcción, +1 Año, 11
Toys, Vehículo de identificación Hot Wheels, escala 1:64 el vehículo misterioso con chip NFC integrado, colección World Race Collection, juego físico y digital para edades de 8 años y más años, 11
Toys, Melissa & Doug Bloc de autoadhesivos reutilizables de vehículos (bloc extragrande de actividades de autoadhesivos, fondos extraíbles, más de 165 pegatinas), 11
Toys, Redlemon Pizarrón Mágico tipo Tablet para Notas con Pantalla LCD y Borrado Automático, Magnético, con Botón de Bloqueo…, 12
Toys, LEGO Marvel Vengadores 76141 Armadura Robótica de Thanos (152 piezas), 12
Toys, LEGO 71027 Minifigures 20th edición (Caja con 60 Sobres, Surtidos), 12
Toys, Buffalo Games Rompecabezas de Pokemon, diseño de vitral de Eevee, 2000 Piezas, 12
Toys, Fisher Price Ríe y Aprende Mi Primer Smartwatch Juguete para bebés de 6 a 36 Meses, 12
Toys, Marvel Súper Lanzatelarañas Spider-Man, 12
Toys, Funko Pop! Games: Pokemon - Evee, Multicolor, 12
Toys, "Marvel Legends Figuras de 6"" Black Widow - Winter Soldier", 13
Toys, Funko Pop Television: Game Of Thrones - Children Of The Forest Collectible Figure, Multicolor, 13
Toys, "Marvel Legends Figuras de 6"" Black Widow - Black Widow", 13
Toys, Funko Figura Pop! Rocks Post Malone, Post Malone, 13
Toys, LEGO Mejor Juguete de construcción Infantil de Batman DC 76158 ¡Cacería del Pingüino en la Batilancha!, Divertido Set de…, 13
Toys, Marvel X-Men Legends Figuras de 6 Pulgadas - Jean Grey, 13
Toys, Liberty Imports Workbench for Kids Pretend Play-Construction Workshop Toolbench Stem Building Toys with Realistic Tools…, 13
Toys, Globos Cumpleaños Decoración, Sebami Kits de decoraciones de fiesta de cumpleaños de globos para Cumpleaños Fiesta…, 13
Toys, CRAYOLA 120 crayones en Colores Especiales, Amazon Exclusivo Juego de Colorear Regalo para niños, Edades 4, 5, 6, 7, 13
Toys, UNO Juego de Cartas Minions, 13
Toys, Queen Games Dark Darker Darkest, 13
Toys, Globos Cumpleaños Decoracione, Feliz Cumpleaños Oro Decoración Fiesta Cumpleaños, Suministros y Decoración Globo para Hombres y Mujeres Adultos Decoración de Fiesta Manteles,Confetti,Globos de Látex Impresos, 13
Toys, Hot Wheels Premium Car Culture Team Transport H 1/64 Scale Volkswagen Classic Bug Volkswagen Transporter T1 Pickup W…, 14
Toys, Jasonwell 3 en 1 Interiores Casas Jardin niños Casas Túnel para niños Casas para niños Casas de Niños Interiores y…, 14
Toys, BOUNZ, 14
Toys, Funko Pop! Figura de vinilo Marvel Black Panther (modelos surtidos), 14
Toys, Funko Pop! Marvel: Black Panther Robe, 14
Toys, Jurassic World Amber Collection Dennis Nerdy Dinosaurio de Juguete para niños de 8 años en adelante, 14
Toys, Disguise Red Minnie Mouse Toddler Child Costume, Red, Size/(2T), 14
Toys, Play Doh juego para niños Baby Shark, 14
Toys, LEGO Kit de construcción de Modelo de Auto Technic 42115 Lamborghini Sián FKP 37, construye y exhibe el Impresionante Sián FKP 37 (3696 Piezas), 14
Toys, Melissa Doug Set de 20 Imanes de Animales en Caja, Juguete de Madera, Juguete de Desarrollo, Genérico, 14
Toys, Hasbro Marvel Legends Series X-Men - Figura de Wolverine de 15 cm - Incluye 3 accesorios - Edad: 14 años en adelante, 15
Toys, Funko POP! Harry Potter: Harry Potter Patronus â€“ Patronus Ron Weasley\, Multicolor, 15
Toys, Barbie Muñeca Movimientos Divertidos, Top Azul, 15
Toys, "Disney Cars 3 Jackson Storm 20""", 15
Toys, IW Plumones crayola, super tips crayola 100, crayola super tips, crayola supertips 100 piezas, plumones crayola…, 15
Toys, LEGO Harry Potter, Gran Comedor de Hogwarts™ 75954, 15
Toys, LEGO Clásico Medio creativo ladrillo Box 10696, 15
Toys, Funko Pop! Moment Star Wars: Mandalorian - Mandalorian & Child, 16
Toys, Stronghold Games Survive Escape from Atlantis 30th Anniversary Edition, 16
Toys, STAR WARS SW BL Carbon 2/xba MET/xc1LICO Boba Fett, 16
Toys, Funko Pop! Animation: Inuyasha - Inuyasha, Multicolor, 16
Toys, Funko Pop! Marvel: Avengers Game - Iron Man (Stark Tech Suit), Multicolor, 16
Toys, Melissa & Doug ¡Juguemos de casita! Juego de Limpieza: ¡Desempolvar, Barrer, Fregar! Set de Juego de Imitación de Tamaño Para Niños, con Escoba, Trapeador, Plumero y Base Para Organización de Utensilios, Juguete de Desarrollo de Habilidades y Confianza (6 Piezas), 16
Toys, Hasbro Gaming Juego de Mesa Monopoly Clásico, 16
Toys, Funko Star Wars Smuggler's Bounty Suscripción Box Forces of Darkness, Octubre 2019, Playera, Multicolor, Large, 16
Toys, Uno Cartas, 16
Toys, Learning Resources Take 10 Games Color Bug Catchers Juego de Conteo de Insectos de Colores, 16
Toys, Funko Pop! Star Wars: The Mandalorian - The Child with Cup, 17
Toys, Learning Resources Spike The Fine Motor Hedgehog - Juegos de Motricidad Fina, 17
Toys, Melissa & Doug Rompecabezas de Mascotas con Clavijas, Juguete de Madera, Juguete de Desarrollo (8 piezas), 17
Toys, UNO BTS, 17
Toys, Melissa & Doug On the Go Water Wow! Vehículos (Bloc reutilizable de actividades revela con agua, pluma gruesa de agua), 17
Toys, Vehículo de identificación Hot Wheels, escala 1:64 el vehículo misterioso con chip NFC integrado, colección World Race Collection, juego físico y digital para edades de 8 años y mayores, Multi (GVY30), 17
Toys, Barbie Fashion Muñeca Fashionista Silla De Ruedas Apto Para +3 Años, 18
Toys, LEGO Creator 3en1 31099 Avión de Hélice (128 piezas), 18
Toys, Hasbro Marvel Legends Series Spider-Man - Figura coleccionable del Duende Verde de 15 cm - Colección Retro, 18
Toys, Hasbro Marvel Legends Series Spider-Man - Figura coleccionable de Electro de 15 cm - Colección Retro, 18
Toys, Funko Pop! Marvel: Black Panther Robe (White), 18
Toys, "Funko Pop! TV - Dinosaurs Figurina de Colección Baby Sinclair, 10"", Color Multicolor, Paquete de 1", 18
Toys, Hot Wheels Fast & Furious Paquete de 5 Vehículos Premium de Fast & Furious Movie Series, 18
Toys, Control Alámbrico Fight Pad Pro para Nintendo Switch - Standard Edition, 19
Toys, Funko - Pop! Heroes - Batman Returns: Penguin Figurina de Colección, Multicolor, 47708, 19
Toys, Buffalo Games, Rompecabezas Cinque Terre, Italy, 2000 Piezas, 19
Toys, Hasbro Gaming Juego de Mesa Monopoly LOL Board Game, 19
Toys, LEGO Kit de construcción Super Mario 71369 Set de Expansión: Batalla Final en el Castillo de Bowser, Exclusivo Juguete…, 19
Toys, Jurassic World Amber Collection Dilphosaurus Dinosaurio de Juguete para niños de 8 años en adelante, 19
Toys, Funko - Pop! Movies: Edward Scissorhands Figurina de Colección, Multicolor, 49695, 20
Toys, Star Wars The Black Series - Garazeb “Zeb” Orrelios a escala de 15 cm - Star Wars: Rebels - Edad: 4+, 20
Toys, Nerf Playset NerFoop Jump Shot, 20
Toys, Novelty Dominó Doble 12, 91 Fichas Pasta, Caja Metálica, 20
Toys, LEGO Friends 41404 Cubo de Juegos de Emma (36 piezas), 20
Toys, "Marvel Legends Figuras de 6"" Black Widow - Taskmaster", 21
Toys, NEWKIBOU Pintura de Acuarela, Set de Pintura de Acuarela 36 Colores, se combina con lápiz de carbón, Pincel de Acuarela…, 21
Toys, Buffalo Games – Pokémon – Favoritos de los Fans – Puzzle de 300 Piezas Grandes, 21
Toys, Funko - Pop! Animation: Naruto - Naruto Running Figurina de Colección, Multicolor, 46626, 21
Toys, SpinMaster El Juego del Perezoso Board Game, 21
Toys, Digimon Wargreymon (Amplified), Bandai Spirits Figure-Rise Standard, 21
Toys, Barbie Sirena Brillante, 21
Toys, Ballet Wishes, 22
Toys, Disney Pixar, Marciano con Disfraz de Nemo, Juguete para niños de 6 años en adelante, Multicolor, 22
Toys, Power Rangers Lightning Collection - Blue Ranger premium de 15 cm - Figura coleccionable con accesorios, 22
Toys, Barbie Muñeca Movimientos Divertidos, Top Morado, 22
Toys, Marvel Spiderman Legends Figura 6 Pulgadas  - Spider-Armor MK III, 22
Toys, Kinetic Sand Laboratorio de Slime, 22
Toys, Marvel Spiderman Legends Figura 6 Pulgadas Vulture, 22
Toys, Pooparoos Toilet Surprise Surtido (contenido puede variar), 22
Toys, Mejor juguete de construcción infantil de Batman LEGO DC 76158 ¡Cacería del Pingüino en la Batilancha!, divertido set de…, 23
Toys, Dragon Ball Legends Collab Black Goku, 23
Toys, Marvel Vintage Series - Figura de 15 cm del Dr. Doom - Fantastic 4 - con 10 Accesorios Super Hero Collectible Series…, 23
Toys, Marvel Legends Series Thor: Ragnarok, pack de 2 figuras de acción coleccionables de 15 cm de Grandmaster y Korg inspirado en la película, 23
Toys, Swimways Disney Buscando a Dory Set de Juguetes, Multi Color, 20.3 cm, 23
Toys, Trolls World Tour La Película Muñeca Pop & Rock Poppy, 24
Toys, Funko - Batman Forever- Two-Face Figurina de Colección, Multicolor, 47706, 24
Toys, Famosa Bellies: Mimi MIAO Doll, 24
Toys, LEGO Harry Potter y el Cáliz de Fuego: Torre del Reloj de Hogwarts, 75948, Building Kit de 922 Elementos, 25
Toys, Star Wars The Black Series - Boba Fett (Prototype Armor) - Casco electrónico premium - Star Wars: El Imperio contraataca - Artículo para juego de rol, 25
Toys, Play Doh Pasteles Divertidos, 25
Toys, LEGO Super Mario Pack Potenciador: Mario Felino 11 Piezas, 25
Toys, Funko Pop! Animation: Naruto - Gaara, 25
Toys, VTech Panda & Pals - Puzzle de Bloques, 26
Toys, Hasbro Gaming Monopoly Deal Juego de Cartas Game, Unitalla, Multicolor, 26
Toys, Melissa & Doug Let's Play House! Set de Juego de Imitación: Desempolvar, Barrer y Fregar, 3+ Años, Multicolor, 8600, 26
Toys, Set de Juego Fisher-Price Wonder Makers Escuela Divertida, 26
Toys, WowWee Pixie Belles - Juguete Interactivo de Animales encantados, Aurora (Turquesa), Pixie Belles - Aurora, 3926, 26
Toys, Mega Construx Pokémon Detective Pikachu Figura Coleccionable, Lickitung, 26
Toys, Fisher Price Imaginext Batimóvil, 27
Toys, Educational Insights GeoSafari Microprobe 48-Piezas Conjunto de Microscopio, 27
Toys, Beyblade Burst Turbo Slingshock Top y Lanzador Toy, Turbo Achilles A4, 27
Toys, "Funko Pop! Heroes - Batman Returns Figurina de Colección Catwoman, 10"", Color Multicolor, Paquete de 1", 27
Toys, Jurassic World Siats Meekerorum Control Total Ataque Dinosaurio de Juguete para niños de 4 años en adelante, 28
Toys, Disney Pixar Alien Remix Heimlich Figura Coleccionable Juguete para niños de 6 años en adelante, 28
Toys, Funko - Pop! Marvel: Avengers Game - Iron Man (Stark Tech Suit) Figurina de Colección, Multicolor, 47756, 28
Toys, Hot Wheels Laboratorio Científico Color Shifters, 28
Toys, Funko 35519 POP Bobble: Star Wars: Darth Vader Electronic, Multicolor, 28
Toys, UNO Cartas Splash Juego de Cartas para Jugar con Familia y Amigos para niños de 7 años en adelante, 28
Toys, Melissa & Doug Fishing Magnetic Juego Rompecabezas de Pesca Magnético con 10 Imanes 1 Caña de Pescar, 3+ Años, Multicolor, 3778, 29
Toys, Hasbro Marvel X-Men Series - Figuras coleccionables de Hawkeye y Logan de 15 cm - Edad: 4 años en adelante, 29
Toys, Funko Pop! Games: Pokemon - Bulbasaur, 29
Toys, Funko Marvel Collectors Corps Box: Marvel Studios 10 Theme, 29
Toys, Marvel Spiderman Legends Figura 6 Pulgadas - Spider-Armor MK III, 30
Toys, Disney Pixar Alien Remix Rusell Figura Coleccionable Juguete para niños de 6 años en adelante, 30
Toys, "STAR WARS Figura Black Series de Película, Count Dooku, 6""", 30
Toys, FLINK Rompecabezas Van Gogh, La Noche Estrellada, 30
Toys, Perler, Tarro con Cuentas para Actividades Multicolores, 22,000 Piezas, 30
Toys, Funko POP! Marvel: Venom - Thanos, 30
Toys, Sakura 30067 Pigma Juego de 8 Pinceles, Color Negro, 31
Toys, McFarlane DC Armored 7 Action Figures - WV1 - Hellbat, 31
Toys, HARRY POTTER Luna Muñeca para niñas de 6 años en adelante, 32
Toys, Gamewright Sushi Roll - Juego de Dados de Sushi Go!, 32
Toys, Cardinal Baby Shark Rompecabezas Musical, 32
Toys, Barbie Muñeca con Accesorios Chelsea Explora y Descubre, 32
Toys, Funko Pop! TV: Umbrella Academy - Number Five (Styles May Very), 32
Toys, IW Plumones crayola, super tips crayola 100, crayola super tips, crayola supertips 100 piezas, plumones crayola supertips 100, crayola super tips, plumones super tips crayola 100, crayola plumones, super tips crayola, crayola super tips 100 piezas, plumones crayola supertips, súper tips crayola 100, 32
Toys, Melissa & Doug Rompecabezas de la Granja de Cubos de Madera, Para Niños Preescolares, Seis Rompecabezas en Uno, Construcción Robusta de Madera, 16 cubos y bandejas de madera, 20.32 cm alto x 20.32 cm ancho x 5.715 cm largo, 32
Toys, Fisher-Price Wonder Makers Campamento de Aventuras Set de Juego para niños de 3 años en adelante, 33
Toys, Melissa & Doug Jumbo Set Pinceles Extra Grandes Para Pintar,4 Unidades, 2+ Años, Multicolor, 4118, 33
Toys, Educational Insights Design y Drill Robot: Introducción a STEM para Niños en Edad Preescolar, Grandes Regalos para Niños…, 34
Toys, Hasbro Gaming Operando Buzz Lightyear Board Game, 34
Toys, Star Wars The Black Series - Colección Grafito - Figura de Darth Vader a escala de 15 cm - Star Wars: El Imperio contraataca, 35
Toys, Jasonwell Bomba para Inflar Globos Bomba de Aire Maquina Electrica Inflador de Globos 600W Boquillas Duales Inflación…, 36
Toys, Jurassic World. Figuras de Acción. Indominus Rex. Dinosaurio a escala. 4 años +. GCT95, 36
Toys, Fisher Price Juguete Cornpopper, 36
Toys, LEGO Super Mario Pack Potenciador: Mario de Fuego 11 Piezas, 37
Toys, "Zeliku Building Block Games Set With Toy Drill & ScrewDriver Tool set , 38
Toys, Marvel Hasbro Legends Series - Figura Coleccionable de Punisher de 15 cm con Motocicleta - Diseño Premium y 7 Accesorios, 38
Toys, Beyblade Burst Turbo Slingshock Top y Lanzador Toy, Spryzen S4, 39
Toys, Maisto R/C Rock Crawler Extreme Vehículo de radiocontrol, 40
Toys, Uplayteck Cámara Digital para Niños, Cámara Niños Foto y Video HD 1080P con Pantalla de 2.0 Pulgadas, Cámara de Juguete para Niños y Niñas, Regalo de Cumpleaños, Cámara Deportiva con 5 Juegos, 40
Toys, Disney Pixar Alien Remix Lotso Figura Coleccionable Juguete para niños de 6 años en adelante, 41
Toys, Funko Pop! Games: Pokemon – Flocked Bulbasaur, Spring Convention Exclusive, Multicolor, Modelo: 45920, Bulbasaur, Multicolor, 41
Toys, Avengers Endgame Pop Iron Man Glow in The Dark, 41
Toys, Melissa & Doug Rompecabezas de Mascotas de Cubos, Juguete de Madera, Rompecabezas Para Niños Preescolares, Seis Rompecabezas en Uno (16 Cubos), 42
Toys, TeeTurtle Pulpo Reversible Mini de Felpa, Rojo/Amarillo, 43
Toys, Jasonwell 3 en 1 Interiores Casas Jardin niños Casas Túnel para niños Casas para niños Casas de Niños Interiores y Tiendas de campaña Jardín(Bolas no está Incluido), 43
Toys, LEGO Kit de construcción Super Mario 71369 Set de Expansión: Batalla Final en el Castillo de Bowser, Exclusivo Juguete de Regalo para niños creativos (1010 Piezas), 43
Toys, Transformers Juguetes Generations War for Cybertron: Earthrise - Empaque de 2 Figuras WFC-E29 Seeker Clase Viajero - 17…, 44
Toys, Jurassic World Figura de Acción Legacy Spinosaurus Mordedor a Partir de 3 años en adelante, 45
Toys, Nenuco Sara Doll, 45
Toys, Melissa & Doug Bloc de autoadhesivos reutilizables: castillo de princesa (más de 200 pegatinas y 5 escenas), 46
Toys, Disney Pixar Alien Remix Buzz Lightyear Figura Coleccionable Juguete para niños de 6 años en adelante, Multicolor, 47
Toys, Play Doh Masa Modeladora Montaña de Colores, 47
Toys, Melissa & Doug Juego de Bloques de Madera, Juguete de Desarrollo, 100 Bloques en 4 Colores y 9 Formas, 49
Toys, Marvel Avengers: Endgame Titan Hero Series - Figura de superhéroe Captain America Action Figure, 49
Toys, Funko - Pop! Heroes - Batman Forever: Riddler Figurina de Colección, Multicolor, 47705, 50
Toys, STAR WARS The Black Series Credit Collection - The Mandalorian - IG-11 a Escala de 15 cm - Juguete para niños de 4 años…, 51
Toys, Vehículos de Juguete Hot Wheels Mario Kart Paquete de 4 autos, Multicolor, 51
Toys, Marvel Avengers: Endgame Titan Hero Thanos Action Figure, 51
Toys, Vampirina Spooktastic Spookylele with Gloves Doll, 52
Toys, STAR WARS SW BL Huckleberry Deluxe Fig Action Figure, 53
Toys, Funko Pop! Games: Pokemon – Flocked Bulbasaur, Spring Convention Exclusive, Multicolor, Modelo: 45920, 53
Toys, Cardinal Juego de Mesa Rummy - O Basico, 53
Toys, UNO Corns, 54
Toys, Marvel Spiderman Legends Figura 6 Pulgadas  - Velocity Suit Spider-Man, 54
Toys, Star Wars The Black Series - Figura de Han Solo (Carbonite) a escala de 15 cm - Star Wars: El Imperio contraataca…, 55
Toys, Eggertspiele Camel Up Board Game, Multicolor, 55
Toys, Melissa & Doug Vehículos de Tracción, Set de Juguetes Suaves para Bebés y Niños Pequeños, 4 Carros y Camiones y Estuche…, 55
Toys, Kinetic Sand Contenedor Unicornio Manualidades, 56
Toys, Funko Pop! Movies: Devil Wears Prada - Andy Sachs, 57
Toys, Mega Construx Game of Thrones Paquete De Batalla Juguete de Construcción para niños de 8 años en adelante, 57
Toys, Funko Pop! Games: Pokemon - Flareon, Multicolor, 57
Toys, STAR WARS The Black Series - The Mandalorian - Cara Dune a Escala de 15 cm - Juguete para niños de 4 años en adelante, 58
Toys, L.O.L. Surprise! OMG Muñeca Neón Serie - Muñeca 3, 58
Toys, Marvel Hasbro Legends Series - Figuras coleccionables de Rogue y Pyro de 15 cm - Diseño Premium y 6 Accesorios, 58
Toys, Melissa & Doug Fishing Magnetic Juego Rompecabezas de Pesca Magnético con 10 Imanes 1 Caña de Pescar, 3+ Años…, 58
Toys, Mattel Games UNO Minimalista, 59
Toys, Hasbro Marvel Legends Series - Figura coleccionable de lujo de War Machine de 15 cm, 59
Toys, Marvel Hasbro Legends Series - Figura Coleccionable de Wolverine de 15 cm - Edad: 14 años en adelante, 59
Toys, LEGO Super Mario Packs de Personajes 23 Piezas, 59
Toys, KD Interactive Aura Drone with Glove Controller, 62
Toys, Conjunto de Pintura de Acuarela, 36 Colores Vibrantes y Surtidos, Juego con Colores Sólidos, Incluye Caja de Transporte…, 63
Toys, STAR WARS The Black Series Credit Collection - Figura de Heavy Infantry Mandalorian de 15 cm - The Mandalorian - Edad: 4…, 64
Toys, Marvel Hasbro Legends Series Venom - Figura de acción Coleccionable de Phage de 15 cm - Diseño Premium y 1 Accesorio, 64
Toys, Marvel Hasbro Legends Series Venom - Figura de acción Coleccionable de Ghost-Spider de 15 cm - Diseño Premium, 64
Toys, CRAYOLA 5401250003 Pinturita Escolar Lavable, 88 mm, Paquete de 18, 64
Toys, LEGO  Disney 43176 Cuentos e Historias: Ariel (105 piezas), 64
Toys, Play-Doh paquete de 24 latas de diferentes colores (Empaque Frustration Free), 64
Toys, Fortnite Legendary Series Figura de Nivel máximo, Omega púrpura Variante de 6 Pulgadas, 66
Toys, Marvel Hasbro Legends Series Venom - Figura de acción Coleccionable de Miles Morales de 15 cm - Diseño Premium, 66
Toys, LEGO DC Batman :Batalla en la Batimoto contra Mr. Freeze, 76118, Building Kit de 200 Elementos, 66
Toys, No te enojes-Berrinches, 67
Toys, Cardinal Juego de Mesa Dominó Doble 12, 68
Toys, Fisher Price Juguete Xilófono Clásico, 68
Toys, Crayola Mini Twistables Crayons, Amazon Exclusive, Gift for Kids, 50 Count, 69
Toys, Marvel Hasbro Legends Series Venom - Figura de acción Coleccionable de Morbius de 15 cm - Diseño Premium, 69
Toys, Fisher Price Maracas de Animalitos, 70
Toys, Funko Pop! Games: Pokemon - Squirtle, 70
Toys, Juguete para Bebés Mega Bloks First Builders Gran Bolsa de Aprendizaje 150 bloques, 71
Toys, Mega Bloks Bolsa Grande de Construcción Rosa 80 bloques Juguete de Construcción para niñas de 1 a 5 años, 72
Toys, Novedades Montecarlo Vete a la Versh Super Numeros Juego de Mesa Cartas Darkar Mecoboy Come Dos Come Cuatro Reversa No…, 72
Toys, Jurassic World Mosasaurio, 73
Toys, Funko Pop! Games: Pokemon - Jolteon, Multicolor, 73
Toys, Breezee Market Castillo Carpa Casa Princesas Portatil. Castillo de Princesas Cute Interior Kids Play Tienda de campaña al Aire. Playhouse (Rosa), 73
Toys, Fisher-Price Xilófono Clásico Juguete para bebés que desarrolla sentidos habilidad motriz y creatividad musical Para 18 meses en adelante, 73
Toys, Bright Starts - Juguetes para escondite y mirada, 76
Toys, STAR WARS The Black Series Credit Collection - The Mandalorian - Imperial Death Trooper a Escala de 15 cm - Juguete para…, 77
Toys, Fisher Price León Camina Conmigo, 77
Toys, Fidget Cube – Alivia El Estrés Y La Ansiedad para niños y adultos Ansiedad atención juguetes 6 colores, 78
Toys, BATMAN Vehículo Batbike con Exclusivo y Clayface Cifras de acción de 4 Pulgadas, 80
Toys, Termichy Globos Metalicos Globos de Cumpleaños de 57 Piezas con Botella de Cerveza y Copa de Vino(Azul), 80
Toys, Little Monkey Bomba de Globos Electrico Inflador de Globos Boquillas Duales Fiestas Decoracion de Fiestas, 81
Toys, Marvel Hasbro Legends Series Venom - Figura de acción Coleccionable de Venom de 15 cm - Diseño Premium y 3 Accesorios, 81
Toys, Click N' Play Rock Crawler Vehicle, 4WD, Off Road All-Weather, RC Remote Control, 2.4 GHz, 83
Toys, Crayola 5881060006 20 Plumones Delgados Lavables, 83
Toys, Cry Babies Magic Tears 97605 Collectible, Multi-Colour, 83
Toys, Pressman Rummikub Classic Edition - The Original Rummy Tile Game, 84
Toys, Paw Patrol Die Cast, 86
Toys, Play-Doh Texturas Kit de 6 Variedades, 88
Toys, Barbie Muñeca Convertible Glam, 89
Toys, Cool MAKER Impresora Uñas de Moda Go Glam, 89
Toys, Virtual Zone Control Alámbrico Generico Compatible Xbox 360 / PC (Rosa), 91
Toys, TOWNLEY Townley Distroller Set de Embellecimiento, surtido, 92
Toys, STAR WARS The Black Series Credit Collection - The Mandalorian a Escala de 15 cm - Juguete para niños de 4 años en…, 93
Toys, STAR WARS SW BL Carbon 2/xba Stormtrooper MET/xc1LICO, 93
Toys, Rubie's Disfraz de T-Rex para bebés, 96
Toys, Melissa & Doug Rompecabezas de la Granja de Cubos de Madera, Para Niños Preescolares, Seis Rompecabezas en Uno…, 97
Toys, Playmobil Volver al Futuro Delorean, 97
Toys, Star Wars The Black Series - Colección Grafito - Figura de Darth Vader a escala de 15 cm - Star Wars: El Imperio…, 98
Toys, Funko - Vincent Van Gogh Figurina, Multicolor (Funko 45252), 99
Toys, Funko Pop! Movies: Devil Wears Prada - Miranda Priestly, 99
Toys, Nerf Lanzador de Agua Super Soaker Splashmouth, 101
Toys, Funko Pop! Games: Pokemon - Vaporeon, Multicolor, 102
Toys, Chicco Fit&Fun Monkey Strike, Set De Bolos, 103
Toys, Fotorama Juego de Mesa Turista Mundial, Grande, 106
Toys, Juguete para Bebés Mattel Fisher-Price Maracas Divertidas, 107
Toys, Crosswind Games Partybooster 1 El Jueguito para la Peda (3ra Edición), 107
Toys, WowWee Pinkfong Baby Shark - MuÃ±eca Oficial de canciÃ³n, Mommy Shark, Rosado, 6.9 x 8.3 x 11 (Inches), 108
Toys, Marvel Hasbro Legends Series Venom - Figura de acción Coleccionable de Carnage de 15 cm - Diseño Premium y 1 Accesorio, 109
Toys, Mattel Games UNO Juegos de Mesa UNO Flip Nuevo Juego de Cartas +7 Años, 110
Toys, Fisher Price Pila De Aritos, 110
Toys, Funko - Ad Icons - Marilyn Monroe (White Dress) Figurina de Colección, Multicolor, 46771, 112
Toys, CRAYOLA 5500050004 Pintura para Dedos, Paquete de 4, 112
Toys, Crayola Pearlescent Cream Sticks & Case, Oil Pastel Alternative, Gift Set, 10Count, 113
Toys, Funko Pop! Games: Pokemon - Charmander, Multicolor, 113
Toys, Hot Wheels Vehículo Paquete de 5, 113
Toys, CRAYOLA cray24ct Sidewalk Chalk, 118
Toys, Hasbro Marvel Legends Series - Figura coleccionable de Apocalipsis de 15 cm - Diseño premium y 3 accesorios, 120
Toys, Vehículo de identificación Hot Wheels, escala 1:64 el vehículo misterioso con chip NFC integrado, colección World Race…, 120
Toys, WowWee Lucky Fortune - Collectible Bracelet and Charm - Lucky Me, Lucky U 2-Pack - Series 2, 130
Toys, Funko - Pop! Marvel: Avengers Endgame - Captain America with Broken Shield & Mjoinir Figurina de Colección, Multicolor…, 134
Toys, VTech Sit-to-Stand Learning Walker (Frustration Free Packaging), 138
Toys, "Toy Story Disney Pixar Aliens Figures, 4.5""", 151
Toys, Melissa & Doug Rompecabezas de Dinosaurios, 4 Rompecabezas con Caja de Almacenamiento, Juguete de Madera (12 Piezas), 157
Toys, TYC Estera de Dibujo de Agua, Pizarrones Mágicos para Niños Agua Dibujo Pintura 80×60cm, Esteras de Agua Doodle con…, 158
Toys, Melissa & Doug Grupos de Alimentos de Juguete, Juguete de Madera, Juego de Imitación (21 Piezas de Madera Pintadas a…, 164
Toys, Maratón Pocket, 164
Toys, Funko Pop! Heroes: Batman 80th - Batman (1995), Multicolor, 165
Toys, LEGO Marvel Spider-Man 76147 Asalto Camionero del Buitre (93 piezas), 166
Toys, L.O.L. Surprise Lil Sisters Baby Doll, 167
Toys, Funko Pop! Movies: John Wick - John in Black Suit with Dog Buddy, 170
Toys, Kinetic Sand Multipack Destellos Vertical, 176
Toys, Funko Pop! Games: Pokemon - Pikachu (Waving), 178
Toys, Mattel GDG37 Uno Flip Juego de cartas, 7años+, 182
Toys, Crayola 6861960000 Lápices de Color Duales Up&Downs, 24 Piezas, 191
Toys, Funko Pop! Animation: Naruto - Orochimaru Figurina de Colección, Multicolor, 46628, 193
Toys, Star Wars The Black Series Colección Grafito The Mandalorian Figura de acción de 6 pulgadas, 193
Toys, Melissa & Doug Primer laberinto con cuentas, juguetes de desarrollo, juego educativo de madera, confección de calidad y construcción robusta, 19.685 cm alto x 9.525 cm ancho x 17.78 cm largo, 205
Toys, Fisher Price Primeros Bloques del Bebé, 207
Toys, Fisher-Price Xilófono Clásico Juguete para bebés que desarrolla sentidos habilidad motriz y creatividad musical Para 18…, 209
Toys, LEGO Super Mario Set de Expansión: Casa de Mario y Yoshi 205 Piezas, 209
Toys, STAR WARS The Black Series The Child - The Mandalorian - Figura de acción Coleccionable - 2,7 cm - Edad: 4+, 211
Toys, STAR WARS The Black Series - Colección Grafito - Figura de Boba Fett a Escala de 15 cm El Imperio contraataca, 213
Toys, Melissa & Doug Set de 37 Imanes de Números en Caja, Juguete de Madera, Juguete de Desarrollo, 216
Toys, UNO Cartas Super Mario Bros Juego de Cartas para Jugar con Familia y Amigos para niños de 7 años en adelante, 217
Toys, Funko Pop! Marvel 80th - First Appearance Spiderman, 218
Toys, Vagalbox Pintura de Acuarela, con 36 Colores, se combina con lÃ¡piz de carbÃ³n, Pincel de Acuarela y Papeles de Acuarela para Pintura, diseÃ±o artÃ­stico y Juegos de Regalo, 229
Toys, Fisher-Price Rie y Aprende Infantil Perrito Piano Sonidos divertidos 6m-36m Gfx33, 229
Toys, Melissa & Doug Banco de trabajo para martillar, 245
Toys, Barbie Signature Día De Muertos 2020 Muñeca de Colección, 246
Toys, Melissa & Doug Grupos de Alimentos de Juguete, Juguete de Madera, Juego de Imitación (21 Piezas de Madera Pintadas a Mano y 4 Cajones), 246
Toys, Jasonwell Pizarrones Magicos para Niños 100x80cm Aqua Doodle Mat Grande Tableta de Dibujo Kit Mágico Dibujo de Agua…, 250
Toys, Melissa & Doug - First Bead Maze Juego Educativo, 12+ Meses, Multicolor, 3042, 256
Toys, Vagalbox Pintura de Acuarela, con 36 Colores, se combina con lÃ¡piz de carbÃ³n, Pincel de Acuarela y Papeles de Acuarela…, 259
Toys, LEGO Disney 43176 Cuentos e Historias: Ariel (105 piezas), 264
Toys, Fisher-Price #Selfie Fun Phone, 265
Toys, Jasonwell Pizarrones Magicos para Niños 100x80cm Aqua Doodle Mat Grande Tableta de Dibujo Kit Mágico Dibujo de Agua Pintura Desarrolla Inteligente Dibujo de Juguetes para Niño de 3 4 5 6 7 8 años, 278
Toys, UNO FNC42 Juego de Cartas Harry Potter, 279
Toys, Mega Bloks Playset Bolsa Clásica de Construcción, color Azul, 281
Toys, Fisher Price Ríe y Aprende Control Juega y Aprende Conmigo, 283
Toys, Funko -  Pop! Marvel: Avengers Endgame - Captain America with Broken Shield & Mjoinir Figurina de Colección, Multicolor, 45137, 288
Toys, CRAYOLA 5500050005 Pintura para Dedos, Paquete de 4, 299
Toys, 32 piezas de accesorios para muñecas, ropa de barbie, 10x vestidos lindos mezclados, 10x zapatos, 4X gafas, 6X collares, 2X varitas, 299
Toys, Jasonwell Casa de campaña con diseño de Castillo para niños niñas Tiendas de campaña Transpirable para Guardar Juguetes Uso Interior y Exterior Azul, 307
Toys, LEGO Kit de construcción Super Mario™ 71360 Recorrido Inicial: Aventuras con Mario, artículo Coleccionable, Juguete y Regalo Creativo para niños (231 Piezas), 307
Toys, Barbie GLJ57 Muñeca Los Polinesios Karen, 317
Toys, Jax Sequence: An Exciting Game of Strategy, 321
Toys, 32 piezas de accesorios para muñecas, ropa de barbie, 10x vestidos lindos mezclados, 10x zapatos, 4X gafas, 6X collares…, 335
Toys, Feber Resbaladilla Tobogán JR, 2 Posiciones, 337
Toys, Barbie Color Reveal Surtido de Comida Muñeca para niñas de 3 años en adelante, 339
Toys, , 340
Toys, LEGO Kit de construcción Super Mario™ 71360 Recorrido Inicial: Aventuras con Mario, artículo Coleccionable, Juguete y…, 363
Toys, Termichy Globos Metalicos Globos de Cumpleaños de 30 Piezas con Botella de Cerveza y Copa de Vino, 372
Toys, Melissa Doug 10379 Tablero para Apilar y Clasificar, Juguete Educativo, Juguete de Madera 15 Piezas de Madera Solidas, 372
Toys, Super Tips Rotuladores lavables, colores surtidos, 20 unidades, paquete de 12, 378
Toys, Playskool Cubo de formas, 403
Toys, Jasonwell Casa de campaña con diseño de Castillo para niños niñas Tiendas de campaña Transpirable para Guardar Juguetes…, 408
Toys, Fashion Angels 1000+ Ridiculously Cute Stickers, 418
Toys, Fisher Price Cebra Bloques De Actividades, 428
Toys, Mattel Star Wars, Figura Yoda de The Child, Juguete de Peluche para niños de 3 años en adelante, 434
Toys, Fisher-Price Pila de Aritos Juguete para bebés de 6 meses en adelante, 440
Toys, Ksi-Merito Ksi-Renita “Maribelita” Con Colita Rosa, 440
Toys, Jenga Clasico, 442
Toys, Melissa & Doug Set de 52 Imanes del Alfabeto en Caja, Juguete de Madera, Juguete de Desarrollo, 510
Toys, Funko - Avengers Endgame - Iron Spider with Nano Gauntlet Figurina de Colección, Multicolor, 45138, 539
Toys, LEGO Marvel Vengadores 76140 Armadura Robótica de Iron Man (148 piezas), 541
Toys, LEGO Speed Champions 76897 1985 Audi Sport quattro S1 (250 piezas), 549
Toys, UNO Express Cartas, 550
Toys, Mega Bloks Juego Gran Bolsa Rosa para Construir, Multicolor, 587
Toys, Funko - Star Wars: The Mandalorian - The Child Figurina de Colección, Multicolor, 48740, 607
Toys, Tara Toys - Disney Princess: Necklace Activity Set, 618
Toys, Original UNO Card Game, 620
Toys, UNO Card Game - Retro Edition by Mattel, 666
Toys, Bright Starts Pelota Flexible, 711
Toys, Ravensburger, Puzzle Pegamento para Rompecabezas, 4000 Piezas, 718
