Videogames, FIFA 20 - Standard Edition - Xbox One, 64
Videogames, Ghost of Tsushima - Standard Edition - PlayStation 4, 379
Videogames, Rocket League - Ultimate Edition - Nintendo Switch, 63
Videogames, Animal Crossing New Horizons - Standard Edition - Nintendo Switch, 708
Videogames, Paper Mario Origami King - Nintendo Switch - Standard Edition, 704
Videogames, Consola Xbox One S 1TB (Reacondicionada) - Xbox One S (Reacondicionada) Edition, 240
Videogames, "iMW Wireless Gaming Controller for NES , 27
Videogames, Mario Kart 8 Deluxe - Nintendo Switch - Standard Edition, 708
Videogames, The Last of Us Part II - PlayStation 4 - Standard Edition, 582
Videogames, VicTsing Mouse Gaming【Nueva Versión】8 Botón Programable, Ratón Gamer RGB con Cable USB, 1200/2400/3500/5500/7200 DPI, Programable con Cool Retroiluminado, Ratones Gaming con Interruptor Independiente de Luz para Windows7/8/10/XP/Vista, 240
Videogames, Nintendo Consola Switch Neon 32GB Version 1.1 - Standard Edition, 707
Videogames, HyperX Cloud Stinger - Audífonos para gaming – Cómodas almohadillas de memory foam, Micrófono con cancelación de ruido que al girar se pone en modo mudo, Compatible con PC, Xbox One, PS4, Nintendo Switch y dispositivos móviles HX-HSCS-BK/NA, 205
Videogames, Super Smash Bros. Ultimate - Nintendo Switch - Standard Edition, 708
Videogames, The Legend of Zelda Links Awakening - Nintendo Switch - Standard Edition, 64
Videogames, control alámbrico  PowerA Spectra para Xbox One - Standard Edition, 44
Videogames, Control Inalámbrico Xbox One - Special Edition - Armed Forces II, 417
Videogames, FIFA 20 - Standard Edition - PlayStation 4, 54
Videogames, Luigi’s Mansion 3 - Nintendo Switch - Standard Edition, 708
Videogames, Rocket League - Ultimate Edition - PlayStation 4, 49
Videogames, HyperX CloudX Stinger Core - Audífonos para gaming con licencia oficial de PS4™, Compatible con Xbox One™ Y Nintendo Switch™ (HX-HSCSC-BK), 168
Videogames, Super Mario Odyssey - Nintendo Switch - Standard Edition, 663
Videogames, Audífonos Recon 50X para Xbox One, PS4 y PC - Standard Edition, 268
Videogames, Audífonos Gamer con Micrófono para PS4 Xbox One PC, Diadema Auriculares Alámbrico Estéreo para Juegos Cancelación de Ruido y Luz LED Control de Volumen Headset para Computadora Portátil, Tableta, Celulares - Azul, 250
Videogames, Control Inalámbrico Xbox One - Standard Edition - Blanco + Bonus Fortnite (Traje de Eon + 500 Monedas V), 487
Videogames, Athelain Nintendo Switch Protector de Pantalla - 2 Unidades Cristal Vidrio Templado 9H Dureza Screen Protector Film para Nintendo Switch, 55
Videogames, Super Mario Party - Nintendo Switch - Standard Edition, 707
Videogames, Control Inalámbrico Xbox One - Standard Edition - Blanco, 202
Videogames, The Evil Within 2 - PlayStation 4 Standard Edition, 15
Videogames, Rocket League - Ultimate Edition - Xbox One, 15
Videogames, Nintendo Joy-Con Pro Controller para Nintendo Switch - Standard Edition, 641
Videogames, VicTsing Ratón Inalámbrico Para Juegos, Mouse Óptico USB 2.4G, 7 Botones Silenciosos Con 5 DPI Ajustables, Retroiluminación LED Para Reproductor, Oficina, Biblioteca, Hogar, PC, Computadora Portátil (Negro), 182
Videogames, Control Inalámbrico Xbox One - Special Edition - Grey/Blue, 245
Videogames, Control Nintendo Switch Inalámbrico, Joy-Con Pro Controller Remoto Bluetooth, con Giroscopio y Sensor de Gravedad, Función Turbo y Vibración dual, Alámbrico para PC (Sin NFC ni Función de Despertador), 47
Videogames, AlpenTech Control Inalámbrico para Nintendo Switch con doble vibración ⎮ Señal hasta 10 metros de Distancia ⎮ Sensor de movimiento ⎮Cable USB ⎮ 6 hrs de tiempo de juego ⎮ Color Negro ⎮ PC alámbricamente, 58
Videogames, Control Alámbrico para Xbox One - Standard Edition, 259
Videogames, Xbox Live Gold - Membresía 12 meses - Xbox One 12 meses Edition, 447
Videogames, Pacrate Audífonos Gamer con Micrófono y Luz LED Cancelación de Ruido Headset Gaming para PC Mac Xbox One PS4 Bajo Sonido Envolvente Luz LED Auriculares para Juegos (Negro Azul), 106
Videogames, New Super Mario Bros. U Deluxe - Nintendo Switch - Standard Edition, 641
Videogames, Control Inalámbrico Xbox One - Standard Edition - Red, 620
Videogames, ZUGZWANG Xbox One Fuente Supply Brick, [Newest Quietest Version] AC Adaptador Cord Replacement Charger para Xbox One with Cable 100-240V Auto Voltage, 118
Videogames, ENVEL Auriculares de diadema para videojuegos (estéreo, con cancelación de ruido y control de volumen, 3.5 mm), Negro, G2000 Blue, 32
Videogames, Just Dance 2020 - Nintendo Switch - Limited Edition (Portada puede variar), 20
Videogames, Nadole kit de accesorios Nintendo Swich 4 en 1 con Funda Nintendo Switch, Carcasa Transparente Joy-Con y Consola, 2 Protector de pantalla, Joy-Con Pulgar Grips, PaÃ±o de limpieza, 147
Videogames, Nuevos Controles inalámbricos de Silicona analógica Alomia. Gomitas Texturizadas. Thumb Grip Stick Cover para PS4, PS3, PS2, Xbox ONE, ONE X, ONE S, XBOX 360 (16 piezas), 6
Videogames, Bioshock: the Collection - PlayStation 4 HD Collection Edition - Standard Edition - PlayStation 4, 9
Videogames, Razer Kraken X Gaming Headset - Matte Black: 7.1 Surround Sound Capable on PC - Lightweight Frame - Cardiod Microphone - For PC, Xbox, PS4, Nintendo Switch, 251
Videogames, Super Mario Maker 2 - Nintendo Switch - Standard Edition, 539
Videogames, Cargador driver para Xbox One, CVIDA Dual Xbox One/One S/One Elite, estación de carga con 2 paquetes de batería recargable de 800 mAh para dos controladores inalámbricos, kit de carga, color negro, 9
Videogames, Vorago Keyboard502 Teclado Start The Game Alámbrico Metálico Multimedia Iluminado RGB USB, color Negro, 308
Videogames, Streets Of Rage 4 - Standard Edition - Nintendo Switch, 1
Videogames, Last of Us Remastered - PlayStation 4 Standard Edition, 34
Videogames, HyperX CloudX Stinger Core - Audífonos para gaming con licencia oficial de Xbox ( Xbox One, PS4, PUBG, Fortnite, Crackdown) HX-HSCSCX-BK, 180
Videogames, The Last of Us Remastered (PlayStation Hits) - PlayStation 4 - Standard Edition, 33
Videogames, Control Inalámbrico Xbox One - Special Edition - Phantom Magenta, 161
Videogames, Redlemon Funda Rígida para Nintendo Switch con Compartimentos para Almacenar Cartuchos, Cables, Joy-Con, Accesorios y más. Estuche Portátil para Viaje, Resistente a Golpes, Caídas y Salpicaduras, 88
Videogames, Nintendo amiibo - King K. Rool - Super Smash Bros. Series - Standard Edition, 160
Videogames, Sw Pokemon Sword - Nintendo Switch - Standard Edition, 6
Videogames, , 530
Videogames, Bloodborne - PlayStation 4 - Standard Edition, 26
Videogames, Control Bluetooth Gamepad Android Bluetooth Gamepad, joysticks Wireless Game Controller, juego de vídeo Soporte para PC, computadora portátil, teléfono inteligente, Tablet, TV, BOX con Android 3.2 o superior, 43
Videogames, Sendowtek Control Inalámbrico para Nintendo Switch Pro, Joystick Remoto Bluetooth para Consola Nintendo Switch, Gamepad con Turbo Gyro Axis y Dual Shock, Apto para Todos los Juegos de Nintendo Switch, 59
Videogames, God of War Hits - PlayStation 4 - Standard Edition, 356
Videogames, Control Nintendo Switch - Joy-Con (L/R) - Morado/Naranja Neón - Standard Edition, 84
Videogames, Control Alámbrico para Xbox One, 479
Videogames, Spongebob SquarePants: Battle for Bikini Bottom - Rehydrated - Nintendo Switch - Standard Edition - Nintendo Switch, 46
Videogames, UGREEN Adaptador USB 2.0 a Red RJ45 Ethernet hasta 10/100Mbps Compatible con Nintendo Switch, Wii, Wii U y Surface Pro, Soporte Sistemas de Windows 10/8.1/8/7/XP/Vista, Mac OS X, Linux, Chrome OS, 270
Videogames, GTA V Premium Edition - Complete Edition - Xbox One, 62
Videogames, Horizon Zero Dawn - PlayStation 4 - Complete Edition, 50
Videogames, Collective Minds Strike Pack F.P.S. Adaptador de control dominador con Mods - PlayStation 4 Standard Edition, 22
Videogames, Control Inalámbrico Xbox One - Standard Edition - Negro, 198
Videogames, The Last of Us Remastered - PlayStation 4 - Standard Edition, 46
Videogames, Kit Carga y Juega Compatible con Control XBOX One Virtual Zone, 11
Videogames, Cargador de mando de Xbox One, CVIDA Dual Xbox One/One S/One Elite estación de carga con 2 paquetes de baterías recargables de 800 mAh para dos mandos inalámbricos, kit de carga, color blanco, 5
Videogames, Audífonos Gamer con Micrófono para PS4 Xbox One PC Switch, Diadema Auriculares Alámbrico Estéreo para Juegos, Cancelación de Ruido y Luz LED Control de Volumen, Gaming Headset con 3.5mm para Computadora Portátil, Tableta, Celulares, 88
Videogames, Audífonos Gamer con Micrófono para PS4 Xbox One PC, Diadema Auriculares Alámbrico Estéreo para Juegos Cancelación de Ruido y Luz LED Control de Volumen Headset para Computadora Portátil, Tableta, Celulares - Rojo, 10
Videogames, Gran Turismo Sport Playstation Hits PlayStation 4 - Standard Edition, 83
Videogames, Horizon Zero Dawn Complete Edition, 113
Videogames, AudioTek Silla Gamer Gaming Consolas Pc Ergonomica Reclinable Colores (Azul), 51
Videogames, Devil May Cry 5 Edición Colección Xbox One - Collector's Edition - Xbox One, 32
Videogames, Consola PlayStation 4 1TB con juego FIFA 2020  - Bundle Edition, 110
Videogames, "KontrolFreek FPS Freek Galaxy Purple para mando de XBOX One , 53
Videogames, VicTsing Ratón Inalámbrico Para Juegos, Mouse Óptico USB 2.4G, 7 Botones Silenciosos Con 5 DPI Ajustables, Retroiluminación LED Para Reproductor, Oficina, Biblioteca, Hogar, PC, Computadora Portátil (Rojo), 43
Videogames, Marvel's Avengers - Standard Edition - PlayStation 4, 209
Videogames, Logitech G - G920 Driving Force - Volante para Simulador de Carreras para Xbox One y PC - Negro, 115
Videogames, Splatoon 2 - Nintendo Switch - Standard Edition, 11
Videogames, ENVEL - Auriculares de diadema con cancelación de ruido y sonido envolvente 7.1 para PS4/Nintendo eShop, micrófono omnidireccional, luz LED compatible con Mac/PC/Laptop/Mac/PS3 Camo, Verde (Green Camo), Large Medium Small, 204
Videogames, Logitech G - Mouse de Hasta 8,000 DPI para Gaming - Negro, 95
Videogames, Nintendo Switch Lite Turquesa- Edición Estándar - Standard Edition, 244
Videogames, AFUNTA Auriculares Gaming para PS4, PC, Xbox One Controller, Auriculares con micrófono Que Cancela el Ruido sobre el oído, luz LED, Auriculares envolventes Bajos-Negro + Azul, 20
Videogames, Assassin's Creed: Odyssey  - Xbox One - Standard Edition, 65
Videogames, Nintendo Switch Lite - Edición Estándar, Amarillo - Standard Edition, 6
Videogames, NintendoACC SWITCH JOY CON L R ROSA VERDEACC SWITCH JOY CON L R ROSA VERDE - Standard Edition, 24
Videogames, Controles Joy-Con Izquierdo y Derecho para Nintendo Switch, color Rojo/Azul Neón - Standard Edition, 4
Videogames, control alámbrico PowerA Spectra para Xbox One - Standard Edition, 459
Videogames, HORI HORIPAD Wired Controller - Blue for Nintendo Switch - Standard Edition, 43
Videogames, VicTsing Gaming Mouse, Ratón para Gaming Alto Rendimiento, Professional Programable Ratón, Hasta 7200 DPI Ajustable, Ratón USB Para PC Computadora, Ideal Para Oficina, Jugador, Diseñador, 110
Videogames, Final Fantasy VII Remake - PlayStation 4 - Standard Edition, 160
Videogames, Star Wars Jedi Fallen Order - Standard Edition - PlayStation 4, 36
Videogames, Mortal Kombat XL - Xbox One - Standard Edition, 4
Videogames, JETech Protector de Pantalla Compatible Nintendo Switch 2017, Vidrio Templado, 2 Unidades, 524
Videogames, ENVEL - Auriculares de diadema para PS4 con micrófono, PC, Xbox One, computadora portátil, sonido envolvente sobre la oreja con cancelación de ruido con luces LED, control de volumen para smartphone, computadora, Nintendo Switch (negro y rojo), 6
Videogames, Tarjeta Xbox Live $200 MXN - Xbox One Standard Edition, 33
Videogames, Bioshock: the Collection - PlayStation 4 HD Collection Edition-HD CollectionEdition-PlayStation 4, 4
Videogames, Marvel's Spider-Man: Game of The Year Edition - PlayStation 4, 140
Videogames, Crash Bandicoot 4: It’s About Time - PlayStation 4 Standard Edition, 64
Videogames, Ratchet & Clank - PlayStation 4 - Standard Edition, 14
Videogames, Pacrate Audífonos Gamer para PS4 Xbox One PC Mac Auriculares con Cable Headset Gaming con Microfono Luz LED Cancelación de Ruido Bajo Sonido Envolvente Audifonos Alambricos (Negro Rojo), 67
Videogames, Xbox One Play & Charge Kit - Standard Edition, 305
Videogames, Cadence of Hyrule: Crypt of the Necrodancer feat. The Legend of Zelda - Standard Edition - Nintendo Switch, 124
Videogames, Audífonos Gamer con Micrófono para PS4 Xbox One PC, Diadema Auriculares Alámbrico Estéreo para Juegos Cancelación de Ruido y Luz LED Control de Volumen Headset para Computadora Portátil, Tableta, Celulares, 211
Videogames, AudioTek Silla Gamer Gaming Consolas Pc Ergonomica Reclinable Colores (Rojo), 46
Videogames, Mario + Rabbids: Kingdom Battle - Nintendo Switch - Standard Edition - Standard Edition - Nintendo Switch, 3
Videogames, FIFA 20 - Standard Edition - Nintendo Switch, 31
Videogames, Control Inalámbrico Xbox One - Special Edition - Blue, 94
Videogames, Corsair HS35 Stereo Gaming Headset, CARBON, 29
Videogames, Consola Sega Genesis Mini - Classics Edition, 11
Videogames, Bufan Controlador Inalámbrico para Nintendo Switch, Switch Console Controlador Bluetooth con Turbo, Eje de Giroscopio y Gamepad de Doble Vibración, para Nintendo Switch y PC, 6 Horas de Tiempo de Juego, 1
Videogames, The Last of Us Remastered - PlayStation 4 (US/LATAM), 7
Videogames, Microsoft 4N6-00001 Xbox Controller + Cable for Windows, 9
Videogames, Reemplazo de Joystick JoyCon de 2 Piezas, Joystick Analógico 3D Para Nintendo Switch, Kit de Reparación de Piezas de Repuesto de Joystick Para Switch JoyCon y Switch Lite, Que Incluye Hebilla de Metal, Destornillador, Herramienta de Palanca, Cubierta de Joystick, Pinzas, 45
Videogames, PS4 / Xbox One Gomitas Grips Texturizadas Profesionales 8 Unidades Compatible PS3, PS4, Xbox 360, Xbox One, Xbox One S (Negras), 16
Videogames, K10 Audifonos Gamer Ps4, Xbox, Pc, Switch, PC, Diadema Auriculares Alámbrico Estéreo para Juegos Cancelación de Ruido y Luz LED Control de Volumen Headset para Computadora Portátil, Tableta, Celulares - Negro, 5
Videogames, The Legend of Zelda: Breath of the Wild - Nintendo Switch - Standard Edition, 16
Videogames, PDP Nintendo Switch LVL40 Wired Stereo Headset Joycon Blue/Red, 500-162-NA-BLRD - Nintendo Switch, 34
Videogames, Ring Fit Adventure - Standard Edition - Nintendo Switch, 600
Videogames, Funda para Nintendo Switch , Accessorios 15 en 1 de Protección Carcasa Anti-Choque/Arañazo Impermeable Compatible para Nintendo Switch, 6
Videogames, Nintendo Switch Lite Coral - Standard Edition, 6
Videogames, Uncharted: The Lost Legacy - Standard Edition - PlayStation 4, 67
Videogames, Fallout 76 - PlayStation 4, 6
Videogames, Control Inalámbrico DualShock 4 - Glaciar White - PlayStation 4 Standard Edition, 79
Videogames, HyperX Cloud Flight - Audífonos para gaming inalámbricos, Batería de larga duración, Micrófono desmontable con cancelación de ruido, Compatible con PS4, PC, PS4 Pro (HX-HSCF-BK/AM), 89
Videogames, Inalámbrico Mando para Nintendo Switch, Uplayteck Bluetooth Controlador para Switch, Switch Gamepad Joystick con Batería Recargable, Vibración, Turbo, Giroscopio Función para Switch/PS3/PC/PC360/ANDROID, 7
Videogames, HyperX Cloud Stinger PS4, Audífonos Gaming con Licencia Oficial PS4, Orejeras que Rotan 90 grados, Audio inmersivo, Resistentes Deslizadores Acero Ajustable, Control de volumen HX-HSCSS-BK/AM, 65
Videogames, Cargador Mandos PS4,Estación de Carga Doble Cargador Base de Carga Cargador Doble Mando para PS4 Estación de Carga Rápida Dual USB Cargador USB con Soporte Indicador del LED para Mandos de Sony PS4 (Negro+Azul), 6
Videogames, Tarjeta Xbox Live $600 MXN - Xbox One Standard Edition, 184
Videogames, Xbox Live Gold - 3 Meses Microsoft - Xbox One - 3 meses Edition, 177
Videogames, Redlemon Audífonos Gamer Pro de Diadema, Sonido Estéreo High Definition 360°, Luz LED RGB, Aislante de Ruido Exterior, Control de Volumen, Micrófono Flexible, Conexión Aux 3.5mm y Adaptador, Mod. G5000, 77
Videogames, Redlemon Audífonos Gamer de Diadema Sonido Estéreo High Definition 360°, Luz LED RGB, Aislante de Ruido Exterior, Almohadillas Cómodas y Resistentes, Micrófono Flexible, Conexión Aux 3.5mm, Mod. G8000, 53
Videogames, HyperX Cloud - Audífonos para gaming con licencia oficial de Playstation - Control de audio en el cable, micrófono desmontable con cancelación de ruido, cómodas almohadillas de memory foam HX-HSCLS-BL/AM, 14
Videogames, Logitech G - Driving Force Shifter - Palanca de Cambios de Velocidad para Simulador de Carreras - Negro, 11
Videogames, Redlemon Mouse Gamer Óptico USB de 7200 DPI, Iluminación LED en 7 Colores, Ergonómico, Plug and Play, con Botones para Gaming y Rueda de Desplazamiento, 98
Videogames, Bioshock: The Collection - Standard Edition - Nintendo Switch, 25
Videogames, Cyberpunk 2077 - PlayStation 4 - Standard Edition, 36
Videogames, Zelda Adventures Pouch - Nintendo 3DS - Standard Edition, 8
Videogames, Control Inalámbrico DualShock 4 - Sunset Orange - PlayStation 4 Standard Edition, 1
Videogames, Control alámbrico para Nintendo Switch, 60
Videogames, Control Inalámbrico DualShock 4 - Negro - PlayStation 4 Standard Edition, 73
Videogames, Sid Meier's Civilization VI - Nintendo Switch - Standard Edition, 14
Videogames, Control Alámbrico Battle Pad para Nintendo Switch - Pikachu Edition, 3
Videogames, Rocksmith 2014 - Remastered + Cable Edition, 14
Videogames, Cyberpunk 2077 - Xbox One - Standard Edition, 5
Videogames, Injustice 2 - Legendary Edition - Xbox One, 86
Videogames, The LEGO Movie 2 Videogame - Nintendo Switch - Standard Edition, 19
Videogames, FANMURAN - Auriculares inalámbrico Estereo Gaming Headset Orejas de Gato LED Plegable Auriculares (Gato), 3
Videogames, Tarjeta Xbox Live $300 MXN - Xbox One - Standard Edition, 263
Videogames, Horizon Zero Dawn - PlayStation 4 Complete Edition, 23
Videogames, Mortal Kombat 11 - PlayStation 4 - Standard Edition, 131
Videogames, Mortal Kombat 11 - Xbox One - Standard Edition, 66
Videogames, Captain Tsubasa: Rise of New Champions (Super Campeones) - Standard Edition - Nintendo Switch, 60
Videogames, "Performance Designed Products Carcasa Deluxe Nintendo Switch, Edición Zelda Breath of, 10
Videogames, Performance Designed Products, 10
Videogames, Cyberpunk 2077 - Playstation 4 - Standard Edition - Standard Edition - PlayStation 4, 110
Videogames, BenGoo X-40 Gaming Headset para Xbox One, PS4, PC, driver, cancelación de ruido auriculares de diadema con micrófono, luz LED Bass Surround memoria suave orejeras para computadora portátil Mac Nintendo Interruptor juegos, 10
Videogames, Tony Hawk's Pro Skater 1+2 - Standard Edition - PlayStation 4, 317
Videogames, Injustice 2 - Legendary Edition - PlayStation 4, 141
Videogames, God of War - Hits - Standard Edition - PlayStation 4, 235
Videogames, PlayStation 4 Hits 1TB con 3 juegos: Days Gone, Detroit: Become Human, Tom Clancy's Rainbow Six: Siege - Bundle Edition, 63
Videogames, Star Wars Squadrons - Standard Edition - PlayStation 4, 1
Videogames, Star Wars Squadrons - PlayStation 4 Standard Edition, 44
Videogames, ARKARTECH Audífonos Gamer con Micrófono para PS4 Xbox One PC Switch, Auriculares Alámbrico y 7 Luz LED Control de Volumen, Gaming Headset con 3.5mm Conector para Juegos, Tableta, Celulares, 13
Videogames, DAYS GONE - LATAM PS4 - Standard Edition - PlayStation 4, 37
Videogames, Nintendo Consola Switch Gris 32GB Version 1.1 - Standard Edition, 145
Videogames, Mortal KOMBAT 11: Aftermath Kollection - PlayStation 4, 15
Videogames, Control Inalámbrico para Nintendo Switch Pro, Joystick Remoto Bluetooth para Consola Nintendo Switch, Gamepad con Turbo Gyro Axis y Dual Shock, Apto para Todos los Juegos de Nintendo Switch, 44
Videogames, Dragon Quest XI S: Echoes of an Elusive Age - Complete Edition - PlayStation 4, 36
Videogames, Batman: Return to Arkham - PlayStation 4 - Standard Edition, 121
Videogames, Batman: Return to Arkham - Xbox One - Standard Edition, 59
Videogames, Minecraft - Nintendo Switch - Standard Edition, 211
Videogames, Batman: Arkham Knight - Xbox One - Standard Edition, 66
Videogames, Razer Kraken X Lite - Auriculares ultraligeros para Videojuegos, 7.1 Surround con Capacidad de Sonido, Marco Ligero, micrófono cardioide Flexible para PC, PS4, Nintendo Switch, Color Negro, 57
Videogames, The Wonderful 101: Remastered - Nintendo Switch, 26
Videogames, Control Inalámbrico DualShock 4 - Electric Purple - PlayStation 4 Special Limited Edition, 168
Videogames, Joy-Con Comfort Grip - Nintendo Switch de PowerA (Color Negro) - Standard Edition, 29
Videogames, DREAMGEAR Advanced Gamer's Starter Kit for Xbox One, 141
Videogames, PowerA Joy-Con Comfort Grip - Standard Edition, 14
Videogames, HORI Wireless HORIPAD - Mario Edition for Nintendo Switch, 3
Videogames, 8Bitdo Sn30 Pro+ Bluetooth Gamepad (Black Edition) Nintendo Switch, 51
Videogames, Consola Xbox One S 1TB + Forza Horizon 4 y Lego DLC - Bundle Edition, 136
Videogames, SPIDERMAN GOTY ED LATAM PS4 - Game Of The Year Edition - PlayStation 4, 10
Videogames, Butfulake - Auriculares para videojuegos Xbox One con sonido envolvente 7.1 estéreo para PS4/Nintendo eShop, micrófono omnidireccional, luz LED de vibración compatible con Mac/PC/portátil/Mac Camo, 6
Videogames, Volante de Mario Kart 8 Deluxe - Mario Racing Wheel - Controller forNintendo Switch, 17
Videogames, 8Bitdo Sn30 Pro Bluetooth Gamepad (G Classic Edition) - Nintendo Switch, 4
Videogames, Jump Force - Deluxe Edition - Nintendo Switch, 28
Videogames, DreamGear GRX-340 Advanced Wired Gaming Headset for Xbox One - Essentials Edition, 7
Videogames, Control Inalámbrico Xbox One - Standard Edition - Black Elite 2, 133
Videogames, HyperX Cloud II Audífonos para gaming, Color Metálico, 7.1 Surround Sound, compatible con PC, PS4, PS4 PRO, Xbox One, Xbox One S (KHX-HSCP-GM), 7
Videogames, Grand Theft Auto V - Premium Edition - ES (PS4), 54
Videogames, Nyko Thin Case - Dockable Protective Case with Tempered Glass Screen Protector for Nintendo Switch - Clear, 6
Videogames, PowerA Dual Charger for Xbox One, 24
Videogames, HyperX CloudX Stinger Core - Audífonos para gaming con licencia oficial de Xbox ( Xbox One, PS4, PUBG, Fortnite…, 187
Videogames, HyperX CloudX Stinger Core - Audífonos para gaming con licencia oficial de PS4™, Compatible con Xbox One™ Y Nintendo…, 283
Videogames, VicTsing Mouse Gaming【Nueva Versión】8 Botón Programable, Ratón Gamer RGB con Cable USB, 1200/2400/3500/5500/7200 DPI…, 407
Videogames, HyperX Cloud Stinger - Audífonos para gaming – Cómodas almohadillas de memory foam, Micrófono con cancelación de ruido…, 404
Videogames, Control Inalámbrico para Nintendo Switch Pro, Joystick Remoto Bluetooth para Consola Nintendo Switch, Gamepad con Turbo…, 88
Videogames, Nadole kit de accesorios Nintendo Swich 4 en 1 con Funda Nintendo Switch, Carcasa Transparente Joy-Con y Consola, 2…, 186
Videogames, Audífonos Gamer con Micrófono para PS4 Xbox One PC, Diadema Auriculares Alámbrico Estéreo para Juegos Cancelación de…, 263
Videogames, Control Bluetooth Gamepad Android Bluetooth Gamepad, joysticks Wireless Game Controller, juego de vídeo Soporte para PC…, 95
Videogames, UGREEN Adaptador USB 2.0 a Red RJ45 Ethernet hasta 10/100Mbps Compatible con Nintendo Switch, Wii, Wii U y Surface Pro…, 295
Videogames, VicTsing Ratón Inalámbrico Para Juegos, Mouse Óptico USB 2.4G, 7 Botones Silenciosos Con 5 DPI Ajustables…, 351
Videogames, Razer Kraken X Lite - Auriculares ultraligeros para Videojuegos, 7.1 Surround con Capacidad de Sonido, Marco Ligero…, 404
Videogames, The Evil Within 2 - Standard Edition - Xbox One, 64
Videogames, Madden 21 - Playstation 4 - Standard Edition, 26
Videogames, Cargador PowerA - PlayStation 4 Standard Edition, 18
Videogames, Captain Tsubasa: Rise of New Champions (Super Campeones) - Standard Edition - PlayStation 4, 8
Videogames, Razer Gaming Mouse Bungee, Bungee, Negro clásico, 130
Videogames, HyperX Alloy FPS RGB- Teclado mecánico para gaming con interruptores Cherry MX Red (Silencioso y lineal) y…, 3
Videogames, HyperX Cloud Flight - Audífonos para gaming inalámbricos, Batería de larga duración, Micrófono desmontable con…, 87
Videogames, VicTsing Gaming Mouse, Ratón para Gaming Alto Rendimiento, Professional Programable Ratón, Hasta 7200 DPI Ajustable…, 369
Videogames, HyperX KHX-HSCP-RD Cloud II - Audífonos para Gaming, 7.1 Surround Sound, compatible con PC, PS4, PS4 PRO, Xbox One, Xbox…, 129
Videogames, Razer Kraken X Gaming Headset - Matte Black: 7.1 Surround Sound Capable on PC - Lightweight Frame - Cardiod Microphone…, 310
Videogames, Tarjeta Xbox Live $1,000 MXN - Xbox One Standard Edition, 355
Videogames, Athelain Nintendo Switch Protector de Pantalla - 2 Unidades Cristal Vidrio Templado 9H Dureza Screen Protector Film para…, 32
Videogames, ARKARTECH Audífonos Gamer con Micrófono para PS4 Xbox One PC Switch, Auriculares Alámbrico y 7 Luz LED Control de…, 6
Videogames, 8Bitdo Gbros. Nintendo Switch - Adaptador inalámbrico para Nintendo Switch (Funciona con Cable Gamecube y mandos de…, 20
Videogames, VicTsing Mouse Gamer RGB Alámbrico USB, Esports PMW3327 con 10 Botones Programables, Pesas Desmontables…, 52
Videogames, Reemplazo de Joystick JoyCon de 2 Piezas, Joystick Analógico 3D Para Nintendo Switch, Kit de Reparación de Piezas de…, 143
Videogames, Trials of Mana - Nintendo Switch, 39
Videogames, SanDisk Sandisk SDSQXAO-128G-GNCZN Memoria Microsdhc/Sdxc Nintendo Switch 128Gb U3 C10 Máx. 100/90Mb/S Lec/Esc, Rojo…, 369
Videogames, Ninteno amiibo - Isabelle -Super Smash Bros. Series - Standard Edition, 52
Videogames, Tony Hawk's Pro Skater 1+2 - Standard Edition - Xbox One, 73
Videogames, DreamGEAR DGXB1-6608 Kit de Carga para Xbox One - Standard Edition, 6
Videogames, Razer Kraken X USB Ultralight Gaming Headset 7.1 Surround Sound – Marco Ligero – Iluminación de Logotipo Verde…, 9
Videogames, Nintendo Switch Pro Controller Splatoon 2 Edition (Japan import), 4
Videogames, Mortal Kombat 11 - Nintendo Switch - Standard Edition, 4
Videogames, HyperX Cloud Stinger Core - Audífonos Gaming Ultraligeros (215g), Altavoces direccionales de 40MM, Controles de Audio en…, 63
Videogames, Nintendo Switch Pro Controller - Original / Grey Edition, 285
Videogames, Star Wars Jedi Fallen Order - Standard Edition - Xbox One, 99
Videogames, Consola PlayStation 4 1TB con juego FIFA 2020 - Bundle Edition, 21
Videogames, Red Dead Redemption: Game of the Year Edition - Xbox One and Xbox 360, 50
Videogames, ABKONCORE Teclado mecánico 100% intercambiable en caliente K595, teclado completo con cable USB Rainbow LED, 104 teclas…, 47
Videogames, Marvel's Avengers - Standard Edition - Xbox One, 21
Videogames, New Nintendo 2DS XL - Black + Turquoise With Mario Kart 7 Pre-installed - Nintendo 2DS, 9
Videogames, Control alámbrico para Nintendo Switch - Standard Edition, 34
Videogames, Wireless HORIPAD Zelda - Standard Edition, 14
Videogames, Mario Tennis Aces - Nintendo Switch - Standard Edition, 43
Videogames, ZUGZWANG Xbox One Fuente Supply Brick, [Newest Quietest Version] AC Adaptador Cord Cargador Reemplazo para Xbox One Con…, 62
Videogames, Pacrate Audífonos Gamer con Micrófono y Luz LED Cancelación de Ruido Headset Gaming para PC Mac Xbox One PS4 Bajo Sonido…, 101
Videogames, Volante de Nintendo Mario Kart 8 interruptor Deluxe Rueda (versión Luigi) producto oficial. Por Nintendo - Nintendo…, 3
Videogames, PDP Rock Candy Mini Wired Controller for Nintendo Switch, Pineapple Pop, 500-181-NA-YL - Nintendo Switch, 22
Videogames, Performance Designed Products Travel Case: Zelda Retro Edition for Nintendo Switch, Slim, 1
Videogames, Resident Evil 2 - Standard Edition - PlayStation 4, 12
Videogames, Microsoft Wireless Elite Controller: Black V2 for Xbox One, 105
Videogames, Tony Hawk's Pro Skater 1 + 2 - PlayStation 4 - Standard Edition Edition, 39
Videogames, BINDEN Audífonos Gamer G800 Ligeros con Cancelación de Ruido Exterior Sonido Estéreo con Micrófono Compatible con PC…, 46
Videogames, Sakura Wars - PlayStation 4, 19
Videogames, Bufan Controlador Inalámbrico para Nintendo Switch, Switch Console Controlador Bluetooth con Turbo, Eje de Giroscopio y…, 3
Videogames, Borderlands Legendary Collection - Standard Edition - Nintendo Switch, 56
Videogames, Puyo Puyo Tetris 2 - Standard Edition - Nintendo Switch, 17
Videogames, Tony Hawk's Pro Skater 1 + 2 - Xbox One - Standard Edition Edition, 14
Videogames, Nuevos Controles inalámbricos de Silicona analógica Alomia. Gomitas Texturizadas. Thumb Grip Stick Cover para PS4, PS3…, 11
Videogames, Razer Death Adder Essential RZ01-02540100-R3U1 - Mouse para Videojuegos, 15
Videogames, Super Mario 3D All Stars - Nintendo Switch - Standard Edition, 244
Videogames, Hyrule Warriors: Age of Calamity - Nintendo Switch - Standard Edition, 244
Videogames, Super Mario 3D World + Bowser's Fury - Nintendo Switch - Standard Edition, 226
Videogames, MediEvil - PlayStation 4, 190
Videogames, CONTROL Ultimate Edition - Ultimate Edition - Xbox One - Ultimate Edition - Xbox One, 7
Videogames, Mario & Sonic Tokyo 2020 - Nintendo Switch - Standard Edition, 4
Videogames, Logitech G PRO X Gaming Headset, color Negro, 7
Videogames, ZoeeTree Control Inalámbrico para Nintendo Switch/ PC, Pro Controller Switch Bluetooth Gamepad con Turbo Gyro Axis y…, 31
Videogames, Consola Xbox One S 1TB + Roblox - Xbox One S - Roblox Edition, 52
Videogames, Super Mario 3D All-Stars - Special Limited Edition - Nintendo Switch, 5
Videogames, Prince of Persia Remake - PlayStation 4 - Standard Edition, 46
Videogames, Immortal Fenyx Rising - Nintendo Switch - Standard Edition, 43
Videogames, Immortals Fenyx Rising - PlayStation 4 - Standard Edition, 8
Videogames, Immortals Fenyx Rising - Playstation 5 - Standard Edition, 42
Videogames, Immortals Fenyx Rising - Xbox One - Standard Edition, 5
Videogames, Prince of Persia Remake - Xbox One - Standard Edition, 1
Videogames, Control Razer Wolverine Ultimate Chroma para Xbox One y PC - Standard Edition, 12
Videogames, Collection of Mana - Nintendo Switch, 19
Videogames, FIFA 21 - PlayStation 4 Standard Edition, 4
Videogames, Corsair HS60 Pro - Auriculares de Diadema con Sonido Envolvente 7.1 Virtual Surround PC Gaming con USB DAC - Discord…, 76
Videogames, SanDisk 256GB MicroSDXC UHS-I Card for Nintendo Switch - SDSQXAO-256G-GNCZN, 2
Videogames, Pro Evolution Soccer 2021 - Standard Edition - PlayStation 4, 4
Videogames, Control alámbrico PowerA para Xbox One – Negro - Standard Edition, 4
Videogames, PDP 048-121-NA Afterglow - Mando con cable para Xbox One (048-121-NA), 22
Videogames, Catherine Full Body - Standard Edition - Nintendo Switch, 3
Videogames, CONTROL Ultimate Edition - Ultimate Edition - PlayStation 4, 18
Videogames, PowerA MOGA Mobile Gaming Clip for Xbox Controllers - Standard Edition, 50
Videogames, Control Inalámbrico DualShock 4 - Magma Red - PlayStation 4 Standard Edition, 2
Videogames, HyperX Pulsefire Core RGB Mouse para gaming, Cómodo diseño simétrico, Siete botones programables (Ambidiestro, Óptico…, 3
Videogames, Nintendojoy con Azul Amarilloacc - Joy Con L R Azul Neon Amarillo - Standard Edition, 14
Videogames, PS5 Call of Duty Black Ops: Cold War - PlayStation 5 - Standard Edition, 84
Videogames, Assassin's Creed Valhalla - Playstation 4 - Gold Edition Steelbook, 8
Videogames, Consola PlayStation 5 - PlayStation 5 - Standard Edition, 146
Videogames, Consola PlayStation 5 Edición Digital - Digital Edition, 114
Videogames, Control Inalámbrico DualSense - Standard Edition, 162
Videogames, Auriculares inalámbricos PULSE 3D - Standard Edition, 63
Videogames, Estación de recarga DualSense - Standard Edition, 66
Videogames, Mando a distancia multimedia - Standard Edition, 48
Videogames, Cámara HD - Standard Edition, 80
Videogames, Nuevo Nintendo 2DS XL - Negro + Turquesa con Mario Kart 7 Pre-instalado - Nintendo 2DS, 11
Videogames, Fallout 76 Tricentennial Full Size Tin Tote, 22
Videogames, "Control Inalámbrico para Nintendo Switch Pro Gamepad Joystick Color Rojo , 14
Videogames, Control Alámbrico Fight Pad Pro para Nintendo Switch - Standard Edition, 22
Videogames, HORI Wireless HORIPAD - Gray for Nintendo Switch - Standard Edition, 31
Videogames, Spin Master Games Zodiac Clash, Juego de Mesa estratégico 3D Sistema Solar para 2 o 4 Jugadores Mayores de 8 años…, 7
Videogames, Atelier Ryza 2: Lost Legends & The Secret Dairy - Standard Edition - Nintendo Switch, 14
Videogames, FPS Freek Galaxy - PS4, 3
Videogames, Demon's Souls - Standard Edition - PlayStation 5, 137
Videogames, Spider-Man: Miles Morales - Standard Edition - PlayStation 5, 129
Videogames, Sackboy: A Big Adventure - Standard Edition - PlayStation 5, 56
Videogames, Redlemon Mochila Transporte para Nintendo Switch Carrier Bag, Ideal para viajes, 37
Videogames, Redlemon Mouse Gamer Óptico USB de 7200 dpi, Iluminación LED en 7 Colores, Ergonómico, Plug and Play, con Botones para…, 23
Videogames, Consola Xbox One S 1TB + 14 días Gold + 1 mes de Game Pass - Xbox One S + 14 días Gold + 1 Mes Game Pass Edition, 44
Videogames, Redlemon Funda para Nintendo Switch Protector Retro, Estuche Rígido Portátil con 10 Compartimentos para Cartuchos y…, 7
Videogames, Jack of All Games Red Dead Redemption - Juego (PS3) - Game Of The Year Edition, 21
Videogames, Thrustmaster - Auriculares de Gaming Multiplataforma con Licencia Oficial De La Fuerza Aérea de EE.UU. - Standard…, 3
Videogames, "Clave de activación for Windows 10 Pro 32 y 64 bit, 5
Videogames, Sendowtek Control Inalámbrico para Nintendo Switch Pro, Joystick Remoto Bluetooth para Consola Nintendo Switch, Gamepad…, 25
Videogames, Square Enix Shadow of the Tomb Raider vídeo - Juego (Xbox One, Acción, M (Maduro)) - Standard Edition, 9
Videogames, Tomb Raider Definitive Edition - Xbox One, 9
Videogames, HyperX Cloud Stinger Core PS4 - Audífonos para gaming con licencia oficial de PS4™, Compatible con Xbox One™ Y Nintendo…, 5
Videogames, Dragon Quest XI S: Echoes of an Elusive Age - Complete Edition - Xbox One, 3
Videogames, WRC 7 - PlayStation 4 - Standard Edition, 5
Videogames, Fifa 21 - Standard Edition - Playstation 4, 2
Videogames, Cargador Mandos PS4,Estación de Carga Doble Cargador Base de Carga Cargador Doble Mando para PS4 Estación de Carga…, 2
Videogames, Tarjeta Xbox Live $300 MXN - Xbox One - $300 MXN Edition, 37
Videogames, Controlador Inalámbrico para Nintendo Switch, Switch Console Controlador Bluetooth con Turbo, Eje de Giroscopio y…, 19
Videogames, Shovel Knight Treasure Trove 3-pack - Amiibo - Standard Edition, 9
Videogames, FIFA 21 - Standard Edition - Xbox One, 27
Videogames, Pacrate Audífonos Gamer para PS4 Xbox One PC Mac Auriculares con Cable Headset Gaming con Microfono Luz LED Cancelación…, 4
Videogames, Elden Ring Play Station 4 - Standard Edition - PlayStation 4, 21
Videogames, Elden Ring Xbox One - Standard Edition - Xbox One, 2
Videogames, Spider-Man: Miles Morales - Ultimate Edition - PlayStation 5, 16
Videogames, Consola PlayStation 5 - Standard Edition, 16
Videogames, Minecraft Dungeons - Nintendo Switch - Hero Edition, 16
Videogames, Fire Emblem: Three Houses - Nintendo Switch - Standard Edition, 16
Videogames, FIFA 21 - Standard Edition - PlayStation 4, 14
Videogames, Snakebyte Headset for PlayStation 4 - Standard Edition, 3
Videogames, Grand Theft Auto V - Xbox 360 Standard Edition, 3
Videogames, Nintendo Controller Switch Pro Smash Bros. Ultimate Edition, 8
Videogames, Prince of Persia Remake - Xbox One - Standard Edition, 1
Videogames, Performance Designed Products Travel Case: Zelda Retro Edition for Nintendo Switch, Slim, 1
Videogames, Star Wars Squadrons - Standard Edition - PlayStation 4, 1
Videogames, Control Inalámbrico DualShock 4 - Sunset Orange - PlayStation 4 Standard Edition, 1
Videogames, Bufan Controlador Inalámbrico para Nintendo Switch, Switch Console Controlador Bluetooth con Turbo, Eje de Giroscopio y Gamepad de Doble Vibración, para Nintendo Switch y PC, 6 Horas de Tiempo de Juego, 1
Videogames, Streets Of Rage 4 - Standard Edition - Nintendo Switch, 1
Videogames, Elden Ring Xbox One - Standard Edition - Xbox One, 2
Videogames, Cargador Mandos PS4,Estación de Carga Doble Cargador Base de Carga Cargador Doble Mando para PS4 Estación de Carga…, 2
Videogames, Fifa 21 - Standard Edition - Playstation 4, 2
Videogames, Control Inalámbrico DualShock 4 - Magma Red - PlayStation 4 Standard Edition, 2
Videogames, SanDisk 256GB MicroSDXC UHS-I Card for Nintendo Switch - SDSQXAO-256G-GNCZN, 2
Videogames, Grand Theft Auto V - Xbox 360 Standard Edition, 3
Videogames, Snakebyte Headset for PlayStation 4 - Standard Edition, 3
Videogames, Dragon Quest XI S: Echoes of an Elusive Age - Complete Edition - Xbox One, 3
Videogames, Thrustmaster - Auriculares de Gaming Multiplataforma con Licencia Oficial De La Fuerza Aérea de EE.UU. - Standard…, 3
Videogames, FPS Freek Galaxy - PS4, 3
Videogames, HyperX Pulsefire Core RGB Mouse para gaming, Cómodo diseño simétrico, Siete botones programables (Ambidiestro, Óptico…, 3
Videogames, Catherine Full Body - Standard Edition - Nintendo Switch, 3
Videogames, Bufan Controlador Inalámbrico para Nintendo Switch, Switch Console Controlador Bluetooth con Turbo, Eje de Giroscopio y…, 3
Videogames, Volante de Nintendo Mario Kart 8 interruptor Deluxe Rueda (versión Luigi) producto oficial. Por Nintendo - Nintendo…, 3
Videogames, HyperX Alloy FPS RGB- Teclado mecánico para gaming con interruptores Cherry MX Red (Silencioso y lineal) y…, 3
Videogames, HORI Wireless HORIPAD - Mario Edition for Nintendo Switch, 3
Videogames, FANMURAN - Auriculares inalámbrico Estereo Gaming Headset Orejas de Gato LED Plegable Auriculares (Gato), 3
Videogames, Control Alámbrico Battle Pad para Nintendo Switch - Pikachu Edition, 3
Videogames, Mario + Rabbids: Kingdom Battle - Nintendo Switch - Standard Edition - Standard Edition - Nintendo Switch, 3
Videogames, Pacrate Audífonos Gamer para PS4 Xbox One PC Mac Auriculares con Cable Headset Gaming con Microfono Luz LED Cancelación…, 4
Videogames, Control alámbrico PowerA para Xbox One – Negro - Standard Edition, 4
Videogames, Pro Evolution Soccer 2021 - Standard Edition - PlayStation 4, 4
Videogames, FIFA 21 - PlayStation 4 Standard Edition, 4
Videogames, Mario & Sonic Tokyo 2020 - Nintendo Switch - Standard Edition, 4
Videogames, Mortal Kombat 11 - Nintendo Switch - Standard Edition, 4
Videogames, Nintendo Switch Pro Controller Splatoon 2 Edition (Japan import), 4
Videogames, 8Bitdo Sn30 Pro Bluetooth Gamepad (G Classic Edition) - Nintendo Switch, 4
Videogames, Bioshock: the Collection - PlayStation 4 HD Collection Edition-HD CollectionEdition-PlayStation 4, 4
Videogames, Mortal Kombat XL - Xbox One - Standard Edition, 4
Videogames, Controles Joy-Con Izquierdo y Derecho para Nintendo Switch, color Rojo/Azul Neón - Standard Edition, 4
Videogames, WRC 7 - PlayStation 4 - Standard Edition, 5
Videogames, HyperX Cloud Stinger Core PS4 - Audífonos para gaming con licencia oficial de PS4™, Compatible con Xbox One™ Y Nintendo…, 5
Videogames, "Clave de activación for Windows 10 Pro 32 y 64 bit, 5
Videogames, Immortals Fenyx Rising - Xbox One - Standard Edition, 5
Videogames, Super Mario 3D All-Stars - Special Limited Edition - Nintendo Switch, 5
Videogames, Cyberpunk 2077 - Xbox One - Standard Edition, 5
Videogames, K10 Audifonos Gamer Ps4, Xbox, Pc, Switch, PC, Diadema Auriculares Alámbrico Estéreo para Juegos Cancelación de Ruido y Luz LED Control de Volumen Headset para Computadora Portátil, Tableta, Celulares - Negro, 5
Videogames, Cargador de mando de Xbox One, CVIDA Dual Xbox One/One S/One Elite estación de carga con 2 paquetes de baterías recargables de 800 mAh para dos mandos inalámbricos, kit de carga, color blanco, 5
Videogames, DreamGEAR DGXB1-6608 Kit de Carga para Xbox One - Standard Edition, 6
Videogames, ARKARTECH Audífonos Gamer con Micrófono para PS4 Xbox One PC Switch, Auriculares Alámbrico y 7 Luz LED Control de…, 6
Videogames, Nyko Thin Case - Dockable Protective Case with Tempered Glass Screen Protector for Nintendo Switch - Clear, 6
Videogames, Butfulake - Auriculares para videojuegos Xbox One con sonido envolvente 7.1 estéreo para PS4/Nintendo eShop, micrófono omnidireccional, luz LED de vibración compatible con Mac/PC/portátil/Mac Camo, 6
Videogames, Cargador Mandos PS4,Estación de Carga Doble Cargador Base de Carga Cargador Doble Mando para PS4 Estación de Carga Rápida Dual USB Cargador USB con Soporte Indicador del LED para Mandos de Sony PS4 (Negro+Azul), 6
Videogames, Fallout 76 - PlayStation 4, 6
Videogames, Nintendo Switch Lite Coral - Standard Edition, 6
Videogames, Funda para Nintendo Switch , Accessorios 15 en 1 de Protección Carcasa Anti-Choque/Arañazo Impermeable Compatible para Nintendo Switch, 6
Videogames, ENVEL - Auriculares de diadema para PS4 con micrófono, PC, Xbox One, computadora portátil, sonido envolvente sobre la oreja con cancelación de ruido con luces LED, control de volumen para smartphone, computadora, Nintendo Switch (negro y rojo), 6
Videogames, Nintendo Switch Lite - Edición Estándar, Amarillo - Standard Edition, 6
Videogames, Sw Pokemon Sword - Nintendo Switch - Standard Edition, 6
Videogames, Nuevos Controles inalámbricos de Silicona analógica Alomia. Gomitas Texturizadas. Thumb Grip Stick Cover para PS4, PS3, PS2, Xbox ONE, ONE X, ONE S, XBOX 360 (16 piezas), 6
Videogames, Redlemon Funda para Nintendo Switch Protector Retro, Estuche Rígido Portátil con 10 Compartimentos para Cartuchos y…, 7
Videogames, Spin Master Games Zodiac Clash, Juego de Mesa estratégico 3D Sistema Solar para 2 o 4 Jugadores Mayores de 8 años…, 7
Videogames, Logitech G PRO X Gaming Headset, color Negro, 7
Videogames, CONTROL Ultimate Edition - Ultimate Edition - Xbox One - Ultimate Edition - Xbox One, 7
Videogames, HyperX Cloud II Audífonos para gaming, Color Metálico, 7.1 Surround Sound, compatible con PC, PS4, PS4 PRO, Xbox One, Xbox One S (KHX-HSCP-GM), 7
Videogames, DreamGear GRX-340 Advanced Wired Gaming Headset for Xbox One - Essentials Edition, 7
Videogames, Inalámbrico Mando para Nintendo Switch, Uplayteck Bluetooth Controlador para Switch, Switch Gamepad Joystick con Batería Recargable, Vibración, Turbo, Giroscopio Función para Switch/PS3/PC/PC360/ANDROID, 7
Videogames, The Last of Us Remastered - PlayStation 4 (US/LATAM), 7
Videogames, Nintendo Controller Switch Pro Smash Bros. Ultimate Edition, 8
Videogames, Assassin's Creed Valhalla - Playstation 4 - Gold Edition Steelbook, 8
Videogames, Immortals Fenyx Rising - PlayStation 4 - Standard Edition, 8
Videogames, Captain Tsubasa: Rise of New Champions (Super Campeones) - Standard Edition - PlayStation 4, 8
Videogames, Zelda Adventures Pouch - Nintendo 3DS - Standard Edition, 8
Videogames, Shovel Knight Treasure Trove 3-pack - Amiibo - Standard Edition, 9
Videogames, Tomb Raider Definitive Edition - Xbox One, 9
Videogames, Square Enix Shadow of the Tomb Raider vídeo - Juego (Xbox One, Acción, M (Maduro)) - Standard Edition, 9
Videogames, New Nintendo 2DS XL - Black + Turquoise With Mario Kart 7 Pre-installed - Nintendo 2DS, 9
Videogames, Razer Kraken X USB Ultralight Gaming Headset 7.1 Surround Sound – Marco Ligero – Iluminación de Logotipo Verde…, 9
Videogames, Microsoft 4N6-00001 Xbox Controller + Cable for Windows, 9
Videogames, Cargador driver para Xbox One, CVIDA Dual Xbox One/One S/One Elite, estación de carga con 2 paquetes de batería recargable de 800 mAh para dos controladores inalámbricos, kit de carga, color negro, 9
Videogames, Bioshock: the Collection - PlayStation 4 HD Collection Edition - Standard Edition - PlayStation 4, 9
Videogames, SPIDERMAN GOTY ED LATAM PS4 - Game Of The Year Edition - PlayStation 4, 10
Videogames, BenGoo X-40 Gaming Headset para Xbox One, PS4, PC, driver, cancelación de ruido auriculares de diadema con micrófono, luz LED Bass Surround memoria suave orejeras para computadora portátil Mac Nintendo Interruptor juegos, 10
Videogames, Performance Designed Products, 10
Videogames, "Performance Designed Products Carcasa Deluxe Nintendo Switch, Edición Zelda Breath of, 10
Videogames, Audífonos Gamer con Micrófono para PS4 Xbox One PC, Diadema Auriculares Alámbrico Estéreo para Juegos Cancelación de Ruido y Luz LED Control de Volumen Headset para Computadora Portátil, Tableta, Celulares - Rojo, 10
Videogames, Nuevo Nintendo 2DS XL - Negro + Turquesa con Mario Kart 7 Pre-instalado - Nintendo 2DS, 11
Videogames, Nuevos Controles inalámbricos de Silicona analógica Alomia. Gomitas Texturizadas. Thumb Grip Stick Cover para PS4, PS3…, 11
Videogames, Logitech G - Driving Force Shifter - Palanca de Cambios de Velocidad para Simulador de Carreras - Negro, 11
Videogames, Consola Sega Genesis Mini - Classics Edition, 11
Videogames, Splatoon 2 - Nintendo Switch - Standard Edition, 11
Videogames, Kit Carga y Juega Compatible con Control XBOX One Virtual Zone, 11
Videogames, Control Razer Wolverine Ultimate Chroma para Xbox One y PC - Standard Edition, 12
Videogames, Resident Evil 2 - Standard Edition - PlayStation 4, 12
Videogames, ARKARTECH Audífonos Gamer con Micrófono para PS4 Xbox One PC Switch, Auriculares Alámbrico y 7 Luz LED Control de Volumen, Gaming Headset con 3.5mm Conector para Juegos, Tableta, Celulares, 13
Videogames, FIFA 21 - Standard Edition - PlayStation 4, 14
Videogames, Atelier Ryza 2: Lost Legends & The Secret Dairy - Standard Edition - Nintendo Switch, 14
Videogames, "Control Inalámbrico para Nintendo Switch Pro Gamepad Joystick Color Rojo , 14
Videogames, Nintendojoy con Azul Amarilloacc - Joy Con L R Azul Neon Amarillo - Standard Edition, 14
Videogames, Tony Hawk's Pro Skater 1 + 2 - Xbox One - Standard Edition Edition, 14
Videogames, Wireless HORIPAD Zelda - Standard Edition, 14
Videogames, PowerA Joy-Con Comfort Grip - Standard Edition, 14
Videogames, Rocksmith 2014 - Remastered + Cable Edition, 14
Videogames, Sid Meier's Civilization VI - Nintendo Switch - Standard Edition, 14
Videogames, HyperX Cloud - Audífonos para gaming con licencia oficial de Playstation - Control de audio en el cable, micrófono desmontable con cancelación de ruido, cómodas almohadillas de memory foam HX-HSCLS-BL/AM, 14
Videogames, Ratchet & Clank - PlayStation 4 - Standard Edition, 14
Videogames, Razer Death Adder Essential RZ01-02540100-R3U1 - Mouse para Videojuegos, 15
Videogames, Mortal KOMBAT 11: Aftermath Kollection - PlayStation 4, 15
Videogames, Rocket League - Ultimate Edition - Xbox One, 15
Videogames, The Evil Within 2 - PlayStation 4 Standard Edition, 15
Videogames, Fire Emblem: Three Houses - Nintendo Switch - Standard Edition, 16
Videogames, Minecraft Dungeons - Nintendo Switch - Hero Edition, 16
Videogames, Consola PlayStation 5 - Standard Edition, 16
Videogames, Spider-Man: Miles Morales - Ultimate Edition - PlayStation 5, 16
Videogames, The Legend of Zelda: Breath of the Wild - Nintendo Switch - Standard Edition, 16
Videogames, PS4 / Xbox One Gomitas Grips Texturizadas Profesionales 8 Unidades Compatible PS3, PS4, Xbox 360, Xbox One, Xbox One S (Negras), 16
Videogames, Puyo Puyo Tetris 2 - Standard Edition - Nintendo Switch, 17
Videogames, Volante de Mario Kart 8 Deluxe - Mario Racing Wheel - Controller forNintendo Switch, 17
Videogames, CONTROL Ultimate Edition - Ultimate Edition - PlayStation 4, 18
Videogames, Cargador PowerA - PlayStation 4 Standard Edition, 18
Videogames, Controlador Inalámbrico para Nintendo Switch, Switch Console Controlador Bluetooth con Turbo, Eje de Giroscopio y…, 19
Videogames, Collection of Mana - Nintendo Switch, 19
Videogames, Sakura Wars - PlayStation 4, 19
Videogames, The LEGO Movie 2 Videogame - Nintendo Switch - Standard Edition, 19
Videogames, 8Bitdo Gbros. Nintendo Switch - Adaptador inalámbrico para Nintendo Switch (Funciona con Cable Gamecube y mandos de…, 20
Videogames, AFUNTA Auriculares Gaming para PS4, PC, Xbox One Controller, Auriculares con micrófono Que Cancela el Ruido sobre el oído, luz LED, Auriculares envolventes Bajos-Negro + Azul, 20
Videogames, Just Dance 2020 - Nintendo Switch - Limited Edition (Portada puede variar), 20
Videogames, Elden Ring Play Station 4 - Standard Edition - PlayStation 4, 21
Videogames, Jack of All Games Red Dead Redemption - Juego (PS3) - Game Of The Year Edition, 21
Videogames, Marvel's Avengers - Standard Edition - Xbox One, 21
Videogames, Consola PlayStation 4 1TB con juego FIFA 2020 - Bundle Edition, 21
Videogames, Control Alámbrico Fight Pad Pro para Nintendo Switch - Standard Edition, 22
Videogames, Fallout 76 Tricentennial Full Size Tin Tote, 22
Videogames, PDP 048-121-NA Afterglow - Mando con cable para Xbox One (048-121-NA), 22
Videogames, PDP Rock Candy Mini Wired Controller for Nintendo Switch, Pineapple Pop, 500-181-NA-YL - Nintendo Switch, 22
Videogames, Collective Minds Strike Pack F.P.S. Adaptador de control dominador con Mods - PlayStation 4 Standard Edition, 22
Videogames, Redlemon Mouse Gamer Óptico USB de 7200 dpi, Iluminación LED en 7 Colores, Ergonómico, Plug and Play, con Botones para…, 23
Videogames, Horizon Zero Dawn - PlayStation 4 Complete Edition, 23
Videogames, PowerA Dual Charger for Xbox One, 24
Videogames, NintendoACC SWITCH JOY CON L R ROSA VERDEACC SWITCH JOY CON L R ROSA VERDE - Standard Edition, 24
Videogames, Sendowtek Control Inalámbrico para Nintendo Switch Pro, Joystick Remoto Bluetooth para Consola Nintendo Switch, Gamepad…, 25
Videogames, Bioshock: The Collection - Standard Edition - Nintendo Switch, 25
Videogames, Madden 21 - Playstation 4 - Standard Edition, 26
Videogames, The Wonderful 101: Remastered - Nintendo Switch, 26
Videogames, Bloodborne - PlayStation 4 - Standard Edition, 26
Videogames, FIFA 21 - Standard Edition - Xbox One, 27
Videogames, "iMW Wireless Gaming Controller for NES , 27
Videogames, Jump Force - Deluxe Edition - Nintendo Switch, 28
Videogames, Joy-Con Comfort Grip - Nintendo Switch de PowerA (Color Negro) - Standard Edition, 29
Videogames, Corsair HS35 Stereo Gaming Headset, CARBON, 29
Videogames, HORI Wireless HORIPAD - Gray for Nintendo Switch - Standard Edition, 31
Videogames, ZoeeTree Control Inalámbrico para Nintendo Switch/ PC, Pro Controller Switch Bluetooth Gamepad con Turbo Gyro Axis y…, 31
Videogames, FIFA 20 - Standard Edition - Nintendo Switch, 31
Videogames, Athelain Nintendo Switch Protector de Pantalla - 2 Unidades Cristal Vidrio Templado 9H Dureza Screen Protector Film para…, 32
Videogames, Devil May Cry 5 Edición Colección Xbox One - Collector's Edition - Xbox One, 32
Videogames, ENVEL Auriculares de diadema para videojuegos (estéreo, con cancelación de ruido y control de volumen, 3.5 mm), Negro, G2000 Blue, 32
Videogames, Tarjeta Xbox Live $200 MXN - Xbox One Standard Edition, 33
Videogames, The Last of Us Remastered (PlayStation Hits) - PlayStation 4 - Standard Edition, 33
Videogames, Control alámbrico para Nintendo Switch - Standard Edition, 34
Videogames, PDP Nintendo Switch LVL40 Wired Stereo Headset Joycon Blue/Red, 500-162-NA-BLRD - Nintendo Switch, 34
Videogames, Last of Us Remastered - PlayStation 4 Standard Edition, 34
Videogames, Dragon Quest XI S: Echoes of an Elusive Age - Complete Edition - PlayStation 4, 36
Videogames, Cyberpunk 2077 - PlayStation 4 - Standard Edition, 36
Videogames, Star Wars Jedi Fallen Order - Standard Edition - PlayStation 4, 36
Videogames, Tarjeta Xbox Live $300 MXN - Xbox One - $300 MXN Edition, 37
Videogames, Redlemon Mochila Transporte para Nintendo Switch Carrier Bag, Ideal para viajes, 37
Videogames, DAYS GONE - LATAM PS4 - Standard Edition - PlayStation 4, 37
Videogames, Tony Hawk's Pro Skater 1 + 2 - PlayStation 4 - Standard Edition Edition, 39
Videogames, Trials of Mana - Nintendo Switch, 39
Videogames, Immortals Fenyx Rising - Playstation 5 - Standard Edition, 42
Videogames, Immortal Fenyx Rising - Nintendo Switch - Standard Edition, 43
Videogames, Mario Tennis Aces - Nintendo Switch - Standard Edition, 43
Videogames, HORI HORIPAD Wired Controller - Blue for Nintendo Switch - Standard Edition, 43
Videogames, VicTsing Ratón Inalámbrico Para Juegos, Mouse Óptico USB 2.4G, 7 Botones Silenciosos Con 5 DPI Ajustables, Retroiluminación LED Para Reproductor, Oficina, Biblioteca, Hogar, PC, Computadora Portátil (Rojo), 43
Videogames, Control Bluetooth Gamepad Android Bluetooth Gamepad, joysticks Wireless Game Controller, juego de vídeo Soporte para PC, computadora portátil, teléfono inteligente, Tablet, TV, BOX con Android 3.2 o superior, 43
Videogames, Consola Xbox One S 1TB + 14 días Gold + 1 mes de Game Pass - Xbox One S + 14 días Gold + 1 Mes Game Pass Edition, 44
Videogames, Control Inalámbrico para Nintendo Switch Pro, Joystick Remoto Bluetooth para Consola Nintendo Switch, Gamepad con Turbo Gyro Axis y Dual Shock, Apto para Todos los Juegos de Nintendo Switch, 44
Videogames, Star Wars Squadrons - PlayStation 4 Standard Edition, 44
Videogames, control alámbrico  PowerA Spectra para Xbox One - Standard Edition, 44
Videogames, Reemplazo de Joystick JoyCon de 2 Piezas, Joystick Analógico 3D Para Nintendo Switch, Kit de Reparación de Piezas de Repuesto de Joystick Para Switch JoyCon y Switch Lite, Que Incluye Hebilla de Metal, Destornillador, Herramienta de Palanca, Cubierta de Joystick, Pinzas, 45
Videogames, Prince of Persia Remake - PlayStation 4 - Standard Edition, 46
Videogames, BINDEN Audífonos Gamer G800 Ligeros con Cancelación de Ruido Exterior Sonido Estéreo con Micrófono Compatible con PC…, 46
Videogames, AudioTek Silla Gamer Gaming Consolas Pc Ergonomica Reclinable Colores (Rojo), 46
Videogames, The Last of Us Remastered - PlayStation 4 - Standard Edition, 46
Videogames, Spongebob SquarePants: Battle for Bikini Bottom - Rehydrated - Nintendo Switch - Standard Edition - Nintendo Switch, 46
Videogames, ABKONCORE Teclado mecánico 100% intercambiable en caliente K595, teclado completo con cable USB Rainbow LED, 104 teclas…, 47
Videogames, Control Nintendo Switch Inalámbrico, Joy-Con Pro Controller Remoto Bluetooth, con Giroscopio y Sensor de Gravedad, Función Turbo y Vibración dual, Alámbrico para PC (Sin NFC ni Función de Despertador), 47
Videogames, Mando a distancia multimedia - Standard Edition, 48
Videogames, Rocket League - Ultimate Edition - PlayStation 4, 49
Videogames, PowerA MOGA Mobile Gaming Clip for Xbox Controllers - Standard Edition, 50
Videogames, Red Dead Redemption: Game of the Year Edition - Xbox One and Xbox 360, 50
Videogames, Horizon Zero Dawn - PlayStation 4 - Complete Edition, 50
Videogames, 8Bitdo Sn30 Pro+ Bluetooth Gamepad (Black Edition) Nintendo Switch, 51
Videogames, AudioTek Silla Gamer Gaming Consolas Pc Ergonomica Reclinable Colores (Azul), 51
Videogames, Consola Xbox One S 1TB + Roblox - Xbox One S - Roblox Edition, 52
Videogames, Ninteno amiibo - Isabelle -Super Smash Bros. Series - Standard Edition, 52
Videogames, VicTsing Mouse Gamer RGB Alámbrico USB, Esports PMW3327 con 10 Botones Programables, Pesas Desmontables…, 52
Videogames, Redlemon Audífonos Gamer de Diadema Sonido Estéreo High Definition 360°, Luz LED RGB, Aislante de Ruido Exterior, Almohadillas Cómodas y Resistentes, Micrófono Flexible, Conexión Aux 3.5mm, Mod. G8000, 53
Videogames, "KontrolFreek FPS Freek Galaxy Purple para mando de XBOX One , 53
Videogames, Grand Theft Auto V - Premium Edition - ES (PS4), 54
Videogames, FIFA 20 - Standard Edition - PlayStation 4, 54
Videogames, Athelain Nintendo Switch Protector de Pantalla - 2 Unidades Cristal Vidrio Templado 9H Dureza Screen Protector Film para Nintendo Switch, 55
Videogames, Sackboy: A Big Adventure - Standard Edition - PlayStation 5, 56
Videogames, Borderlands Legendary Collection - Standard Edition - Nintendo Switch, 56
Videogames, Razer Kraken X Lite - Auriculares ultraligeros para Videojuegos, 7.1 Surround con Capacidad de Sonido, Marco Ligero, micrófono cardioide Flexible para PC, PS4, Nintendo Switch, Color Negro, 57
Videogames, AlpenTech Control Inalámbrico para Nintendo Switch con doble vibración ⎮ Señal hasta 10 metros de Distancia ⎮ Sensor de movimiento ⎮Cable USB ⎮ 6 hrs de tiempo de juego ⎮ Color Negro ⎮ PC alámbricamente, 58
Videogames, Batman: Return to Arkham - Xbox One - Standard Edition, 59
Videogames, Sendowtek Control Inalámbrico para Nintendo Switch Pro, Joystick Remoto Bluetooth para Consola Nintendo Switch, Gamepad con Turbo Gyro Axis y Dual Shock, Apto para Todos los Juegos de Nintendo Switch, 59
Videogames, Captain Tsubasa: Rise of New Champions (Super Campeones) - Standard Edition - Nintendo Switch, 60
Videogames, Control alámbrico para Nintendo Switch, 60
Videogames, ZUGZWANG Xbox One Fuente Supply Brick, [Newest Quietest Version] AC Adaptador Cord Cargador Reemplazo para Xbox One Con…, 62
Videogames, GTA V Premium Edition - Complete Edition - Xbox One, 62
Videogames, Auriculares inalámbricos PULSE 3D - Standard Edition, 63
Videogames, HyperX Cloud Stinger Core - Audífonos Gaming Ultraligeros (215g), Altavoces direccionales de 40MM, Controles de Audio en…, 63
Videogames, PlayStation 4 Hits 1TB con 3 juegos: Days Gone, Detroit: Become Human, Tom Clancy's Rainbow Six: Siege - Bundle Edition, 63
Videogames, Rocket League - Ultimate Edition - Nintendo Switch, 63
Videogames, The Evil Within 2 - Standard Edition - Xbox One, 64
Videogames, Crash Bandicoot 4: It’s About Time - PlayStation 4 Standard Edition, 64
Videogames, The Legend of Zelda Links Awakening - Nintendo Switch - Standard Edition, 64
Videogames, FIFA 20 - Standard Edition - Xbox One, 64
Videogames, HyperX Cloud Stinger PS4, Audífonos Gaming con Licencia Oficial PS4, Orejeras que Rotan 90 grados, Audio inmersivo, Resistentes Deslizadores Acero Ajustable, Control de volumen HX-HSCSS-BK/AM, 65
Videogames, Assassin's Creed: Odyssey  - Xbox One - Standard Edition, 65
Videogames, Estación de recarga DualSense - Standard Edition, 66
Videogames, Batman: Arkham Knight - Xbox One - Standard Edition, 66
Videogames, Mortal Kombat 11 - Xbox One - Standard Edition, 66
Videogames, Uncharted: The Lost Legacy - Standard Edition - PlayStation 4, 67
Videogames, Pacrate Audífonos Gamer para PS4 Xbox One PC Mac Auriculares con Cable Headset Gaming con Microfono Luz LED Cancelación de Ruido Bajo Sonido Envolvente Audifonos Alambricos (Negro Rojo), 67
Videogames, Tony Hawk's Pro Skater 1+2 - Standard Edition - Xbox One, 73
Videogames, Control Inalámbrico DualShock 4 - Negro - PlayStation 4 Standard Edition, 73
Videogames, Corsair HS60 Pro - Auriculares de Diadema con Sonido Envolvente 7.1 Virtual Surround PC Gaming con USB DAC - Discord…, 76
Videogames, Redlemon Audífonos Gamer Pro de Diadema, Sonido Estéreo High Definition 360°, Luz LED RGB, Aislante de Ruido Exterior, Control de Volumen, Micrófono Flexible, Conexión Aux 3.5mm y Adaptador, Mod. G5000, 77
Videogames, Control Inalámbrico DualShock 4 - Glaciar White - PlayStation 4 Standard Edition, 79
Videogames, Cámara HD - Standard Edition, 80
Videogames, Gran Turismo Sport Playstation Hits PlayStation 4 - Standard Edition, 83
Videogames, PS5 Call of Duty Black Ops: Cold War - PlayStation 5 - Standard Edition, 84
Videogames, Control Nintendo Switch - Joy-Con (L/R) - Morado/Naranja Neón - Standard Edition, 84
Videogames, Injustice 2 - Legendary Edition - Xbox One, 86
Videogames, HyperX Cloud Flight - Audífonos para gaming inalámbricos, Batería de larga duración, Micrófono desmontable con…, 87
Videogames, Control Inalámbrico para Nintendo Switch Pro, Joystick Remoto Bluetooth para Consola Nintendo Switch, Gamepad con Turbo…, 88
Videogames, Audífonos Gamer con Micrófono para PS4 Xbox One PC Switch, Diadema Auriculares Alámbrico Estéreo para Juegos, Cancelación de Ruido y Luz LED Control de Volumen, Gaming Headset con 3.5mm para Computadora Portátil, Tableta, Celulares, 88
Videogames, Redlemon Funda Rígida para Nintendo Switch con Compartimentos para Almacenar Cartuchos, Cables, Joy-Con, Accesorios y más. Estuche Portátil para Viaje, Resistente a Golpes, Caídas y Salpicaduras, 88
Videogames, HyperX Cloud Flight - Audífonos para gaming inalámbricos, Batería de larga duración, Micrófono desmontable con cancelación de ruido, Compatible con PS4, PC, PS4 Pro (HX-HSCF-BK/AM), 89
Videogames, Control Inalámbrico Xbox One - Special Edition - Blue, 94
Videogames, Control Bluetooth Gamepad Android Bluetooth Gamepad, joysticks Wireless Game Controller, juego de vídeo Soporte para PC…, 95
Videogames, Logitech G - Mouse de Hasta 8,000 DPI para Gaming - Negro, 95
Videogames, Redlemon Mouse Gamer Óptico USB de 7200 DPI, Iluminación LED en 7 Colores, Ergonómico, Plug and Play, con Botones para Gaming y Rueda de Desplazamiento, 98
Videogames, Star Wars Jedi Fallen Order - Standard Edition - Xbox One, 99
Videogames, Pacrate Audífonos Gamer con Micrófono y Luz LED Cancelación de Ruido Headset Gaming para PC Mac Xbox One PS4 Bajo Sonido…, 101
Videogames, Microsoft Wireless Elite Controller: Black V2 for Xbox One, 105
Videogames, Pacrate Audífonos Gamer con Micrófono y Luz LED Cancelación de Ruido Headset Gaming para PC Mac Xbox One PS4 Bajo Sonido Envolvente Luz LED Auriculares para Juegos (Negro Azul), 106
Videogames, Cyberpunk 2077 - Playstation 4 - Standard Edition - Standard Edition - PlayStation 4, 110
Videogames, VicTsing Gaming Mouse, Ratón para Gaming Alto Rendimiento, Professional Programable Ratón, Hasta 7200 DPI Ajustable, Ratón USB Para PC Computadora, Ideal Para Oficina, Jugador, Diseñador, 110
Videogames, Consola PlayStation 4 1TB con juego FIFA 2020  - Bundle Edition, 110
Videogames, Horizon Zero Dawn Complete Edition, 113
Videogames, Consola PlayStation 5 Edición Digital - Digital Edition, 114
Videogames, Logitech G - G920 Driving Force - Volante para Simulador de Carreras para Xbox One y PC - Negro, 115
Videogames, ZUGZWANG Xbox One Fuente Supply Brick, [Newest Quietest Version] AC Adaptador Cord Replacement Charger para Xbox One with Cable 100-240V Auto Voltage, 118
Videogames, Batman: Return to Arkham - PlayStation 4 - Standard Edition, 121
Videogames, Cadence of Hyrule: Crypt of the Necrodancer feat. The Legend of Zelda - Standard Edition - Nintendo Switch, 124
Videogames, Spider-Man: Miles Morales - Standard Edition - PlayStation 5, 129
Videogames, HyperX KHX-HSCP-RD Cloud II - Audífonos para Gaming, 7.1 Surround Sound, compatible con PC, PS4, PS4 PRO, Xbox One, Xbox…, 129
Videogames, Razer Gaming Mouse Bungee, Bungee, Negro clásico, 130
Videogames, Mortal Kombat 11 - PlayStation 4 - Standard Edition, 131
Videogames, Control Inalámbrico Xbox One - Standard Edition - Black Elite 2, 133
Videogames, Consola Xbox One S 1TB + Forza Horizon 4 y Lego DLC - Bundle Edition, 136
Videogames, Demon's Souls - Standard Edition - PlayStation 5, 137
Videogames, Marvel's Spider-Man: Game of The Year Edition - PlayStation 4, 140
Videogames, DREAMGEAR Advanced Gamer's Starter Kit for Xbox One, 141
Videogames, Injustice 2 - Legendary Edition - PlayStation 4, 141
Videogames, Reemplazo de Joystick JoyCon de 2 Piezas, Joystick Analógico 3D Para Nintendo Switch, Kit de Reparación de Piezas de…, 143
Videogames, Nintendo Consola Switch Gris 32GB Version 1.1 - Standard Edition, 145
Videogames, Consola PlayStation 5 - PlayStation 5 - Standard Edition, 146
Videogames, Nadole kit de accesorios Nintendo Swich 4 en 1 con Funda Nintendo Switch, Carcasa Transparente Joy-Con y Consola, 2 Protector de pantalla, Joy-Con Pulgar Grips, PaÃ±o de limpieza, 147
Videogames, Final Fantasy VII Remake - PlayStation 4 - Standard Edition, 160
Videogames, Nintendo amiibo - King K. Rool - Super Smash Bros. Series - Standard Edition, 160
Videogames, Control Inalámbrico Xbox One - Special Edition - Phantom Magenta, 161
Videogames, Control Inalámbrico DualSense - Standard Edition, 162
Videogames, Control Inalámbrico DualShock 4 - Electric Purple - PlayStation 4 Special Limited Edition, 168
Videogames, HyperX CloudX Stinger Core - Audífonos para gaming con licencia oficial de PS4™, Compatible con Xbox One™ Y Nintendo Switch™ (HX-HSCSC-BK), 168
Videogames, Xbox Live Gold - 3 Meses Microsoft - Xbox One - 3 meses Edition, 177
Videogames, HyperX CloudX Stinger Core - Audífonos para gaming con licencia oficial de Xbox ( Xbox One, PS4, PUBG, Fortnite, Crackdown) HX-HSCSCX-BK, 180
Videogames, VicTsing Ratón Inalámbrico Para Juegos, Mouse Óptico USB 2.4G, 7 Botones Silenciosos Con 5 DPI Ajustables, Retroiluminación LED Para Reproductor, Oficina, Biblioteca, Hogar, PC, Computadora Portátil (Negro), 182
Videogames, Tarjeta Xbox Live $600 MXN - Xbox One Standard Edition, 184
Videogames, Nadole kit de accesorios Nintendo Swich 4 en 1 con Funda Nintendo Switch, Carcasa Transparente Joy-Con y Consola, 2…, 186
Videogames, HyperX CloudX Stinger Core - Audífonos para gaming con licencia oficial de Xbox ( Xbox One, PS4, PUBG, Fortnite…, 187
Videogames, MediEvil - PlayStation 4, 190
Videogames, Control Inalámbrico Xbox One - Standard Edition - Negro, 198
Videogames, Control Inalámbrico Xbox One - Standard Edition - Blanco, 202
Videogames, ENVEL - Auriculares de diadema con cancelación de ruido y sonido envolvente 7.1 para PS4/Nintendo eShop, micrófono omnidireccional, luz LED compatible con Mac/PC/Laptop/Mac/PS3 Camo, Verde (Green Camo), Large Medium Small, 204
Videogames, HyperX Cloud Stinger - Audífonos para gaming – Cómodas almohadillas de memory foam, Micrófono con cancelación de ruido que al girar se pone en modo mudo, Compatible con PC, Xbox One, PS4, Nintendo Switch y dispositivos móviles HX-HSCS-BK/NA, 205
Videogames, Marvel's Avengers - Standard Edition - PlayStation 4, 209
Videogames, Minecraft - Nintendo Switch - Standard Edition, 211
Videogames, Audífonos Gamer con Micrófono para PS4 Xbox One PC, Diadema Auriculares Alámbrico Estéreo para Juegos Cancelación de Ruido y Luz LED Control de Volumen Headset para Computadora Portátil, Tableta, Celulares, 211
Videogames, Super Mario 3D World + Bowser's Fury - Nintendo Switch - Standard Edition, 226
Videogames, God of War - Hits - Standard Edition - PlayStation 4, 235
Videogames, VicTsing Mouse Gaming【Nueva Versión】8 Botón Programable, Ratón Gamer RGB con Cable USB, 1200/2400/3500/5500/7200 DPI, Programable con Cool Retroiluminado, Ratones Gaming con Interruptor Independiente de Luz para Windows7/8/10/XP/Vista, 240
Videogames, Consola Xbox One S 1TB (Reacondicionada) - Xbox One S (Reacondicionada) Edition, 240
Videogames, Hyrule Warriors: Age of Calamity - Nintendo Switch - Standard Edition, 244
Videogames, Super Mario 3D All Stars - Nintendo Switch - Standard Edition, 244
Videogames, Nintendo Switch Lite Turquesa- Edición Estándar - Standard Edition, 244
Videogames, Control Inalámbrico Xbox One - Special Edition - Grey/Blue, 245
Videogames, Audífonos Gamer con Micrófono para PS4 Xbox One PC, Diadema Auriculares Alámbrico Estéreo para Juegos Cancelación de Ruido y Luz LED Control de Volumen Headset para Computadora Portátil, Tableta, Celulares - Azul, 250
Videogames, Razer Kraken X Gaming Headset - Matte Black: 7.1 Surround Sound Capable on PC - Lightweight Frame - Cardiod Microphone - For PC, Xbox, PS4, Nintendo Switch, 251
Videogames, Control Alámbrico para Xbox One - Standard Edition, 259
Videogames, Audífonos Gamer con Micrófono para PS4 Xbox One PC, Diadema Auriculares Alámbrico Estéreo para Juegos Cancelación de…, 263
Videogames, Tarjeta Xbox Live $300 MXN - Xbox One - Standard Edition, 263
Videogames, Audífonos Recon 50X para Xbox One, PS4 y PC - Standard Edition, 268
Videogames, UGREEN Adaptador USB 2.0 a Red RJ45 Ethernet hasta 10/100Mbps Compatible con Nintendo Switch, Wii, Wii U y Surface Pro, Soporte Sistemas de Windows 10/8.1/8/7/XP/Vista, Mac OS X, Linux, Chrome OS, 270
Videogames, HyperX CloudX Stinger Core - Audífonos para gaming con licencia oficial de PS4™, Compatible con Xbox One™ Y Nintendo…, 283
Videogames, Nintendo Switch Pro Controller - Original / Grey Edition, 285
Videogames, UGREEN Adaptador USB 2.0 a Red RJ45 Ethernet hasta 10/100Mbps Compatible con Nintendo Switch, Wii, Wii U y Surface Pro…, 295
Videogames, Xbox One Play & Charge Kit - Standard Edition, 305
Videogames, Vorago Keyboard502 Teclado Start The Game Alámbrico Metálico Multimedia Iluminado RGB USB, color Negro, 308
Videogames, Razer Kraken X Gaming Headset - Matte Black: 7.1 Surround Sound Capable on PC - Lightweight Frame - Cardiod Microphone…, 310
Videogames, Tony Hawk's Pro Skater 1+2 - Standard Edition - PlayStation 4, 317
Videogames, VicTsing Ratón Inalámbrico Para Juegos, Mouse Óptico USB 2.4G, 7 Botones Silenciosos Con 5 DPI Ajustables…, 351
Videogames, Tarjeta Xbox Live $1,000 MXN - Xbox One Standard Edition, 355
Videogames, God of War Hits - PlayStation 4 - Standard Edition, 356
Videogames, SanDisk Sandisk SDSQXAO-128G-GNCZN Memoria Microsdhc/Sdxc Nintendo Switch 128Gb U3 C10 Máx. 100/90Mb/S Lec/Esc, Rojo…, 369
Videogames, VicTsing Gaming Mouse, Ratón para Gaming Alto Rendimiento, Professional Programable Ratón, Hasta 7200 DPI Ajustable…, 369
Videogames, Ghost of Tsushima - Standard Edition - PlayStation 4, 379
Videogames, Razer Kraken X Lite - Auriculares ultraligeros para Videojuegos, 7.1 Surround con Capacidad de Sonido, Marco Ligero…, 404
Videogames, HyperX Cloud Stinger - Audífonos para gaming – Cómodas almohadillas de memory foam, Micrófono con cancelación de ruido…, 404
Videogames, VicTsing Mouse Gaming【Nueva Versión】8 Botón Programable, Ratón Gamer RGB con Cable USB, 1200/2400/3500/5500/7200 DPI…, 407
Videogames, Control Inalámbrico Xbox One - Special Edition - Armed Forces II, 417
Videogames, Xbox Live Gold - Membresía 12 meses - Xbox One 12 meses Edition, 447
Videogames, control alámbrico PowerA Spectra para Xbox One - Standard Edition, 459
Videogames, Control Alámbrico para Xbox One, 479
Videogames, Control Inalámbrico Xbox One - Standard Edition - Blanco + Bonus Fortnite (Traje de Eon + 500 Monedas V), 487
Videogames, JETech Protector de Pantalla Compatible Nintendo Switch 2017, Vidrio Templado, 2 Unidades, 524
Videogames, , 530
Videogames, Super Mario Maker 2 - Nintendo Switch - Standard Edition, 539
Videogames, The Last of Us Part II - PlayStation 4 - Standard Edition, 582
Videogames, Ring Fit Adventure - Standard Edition - Nintendo Switch, 600
Videogames, Control Inalámbrico Xbox One - Standard Edition - Red, 620
Videogames, New Super Mario Bros. U Deluxe - Nintendo Switch - Standard Edition, 641
Videogames, Nintendo Joy-Con Pro Controller para Nintendo Switch - Standard Edition, 641
Videogames, Super Mario Odyssey - Nintendo Switch - Standard Edition, 663
Videogames, Paper Mario Origami King - Nintendo Switch - Standard Edition, 704
Videogames, Super Mario Party - Nintendo Switch - Standard Edition, 707
Videogames, Nintendo Consola Switch Neon 32GB Version 1.1 - Standard Edition, 707
Videogames, Luigi’s Mansion 3 - Nintendo Switch - Standard Edition, 708
Videogames, Super Smash Bros. Ultimate - Nintendo Switch - Standard Edition, 708
Videogames, Mario Kart 8 Deluxe - Nintendo Switch - Standard Edition, 708
Videogames, Animal Crossing New Horizons - Standard Edition - Nintendo Switch, 708
